,INSEE_COM,PrixMoyen_M2_2223,Prixm2Moyen_2022,Prixm2Moyen_2023,loyer_apparts,loyer_maisons,R2appart,R2maison,Loyer_annuel_apparts,Loyer_annuel_maisons,Rendement_locatif_apparts,Rendement_locatif_maisons,INSEE_DEP,NOM_COM_M,POPULATION
0,09001,1190.0,1214.5,1092.0,8.09239651320027,8.10907916123189,"0,818083974152368","0,5261364426342",97.10875815840323,97.30894993478267,8.16039984524397,8.177222683595183,09,Aigues-Juntes,60
1,09002,1850.6153846153843,1893.75,1781.6,7.8405536623608,6.55154285869723,"0,684062129800163","0,612429932898961",94.0866439483296,78.61851430436676,5.084073369890618,4.248236287125978,09,Aigues-Vives,650
2,09003,1241.3571428571397,1156.28571428571,1326.42857142857,8.83138047715341,6.55154285869723,"0,660491209864879","0,612429932898961",105.97656572584091,78.61851430436676,8.537153577086004,6.33327119086908,09,L'Aiguillon,382
3,09004,860.0,1093.0,510.5,8.83138047715341,7.34687306232167,"0,660491209864879","0,687306582108781",105.97656572584091,88.16247674786004,12.322856479748944,10.251450784634889,09,Albiès,122
4,09005,1545.083333333331,1385.2,1659.28571428571,7.7487671340012,6.80815090208763,"0,67184343158923","0,641464989872241",92.9852056080144,81.69781082505156,6.018135307136479,5.287598996281863,09,Aleu,134
5,09008,2234.9999999999973,1800.5,2483.28571428571,7.7487671340012,6.80815090208763,"0,67184343158923","0,641464989872241",92.9852056080144,81.69781082505156,4.160411884027496,3.655383034677927,09,Alos,117
6,09009,1323.5,1431.75,1107.0,8.54699875743156,6.6279770632297,"0,769838407411312","0,621388463484879",102.56398508917871,79.5357247587564,7.74945108342869,6.009499415093042,09,Alzen,270
7,09011,1554.0,1150.0,2362.0,7.99999498549017,7.24510605850142,"0,701637250926066","0,690209572235891",95.99993982588204,86.94127270201705,6.177602305397815,5.59467649305129,09,Antras,75
8,09014,2199.571428571427,1834.33333333333,2473.5,7.99999498549017,6.80815090208763,"0,701637250926066","0,641464989872241",95.99993982588204,81.69781082505156,4.3644838525763126,3.7142604129074575,09,Argein,199
9,09015,1593.625,1503.75,1863.25,8.54699875743156,7.68000584930767,"0,769838407411312","0,687306582108781",102.56398508917871,92.16007019169204,6.435892075562238,5.783046211730618,09,Arignac,739
10,09016,1350.857142857143,1479.2,1030.0,8.54699875743156,6.53527258180149,"0,769838407411312","0,666622064703731",102.56398508917871,78.42327098161788,7.592511586550877,5.805445186879496,09,Arnave,222
11,09017,1162.5000000000025,1147.66666666667,1207.0,7.99999498549017,6.80815090208763,"0,701637250926066","0,641464989872241",95.99993982588204,81.69781082505156,8.258059339860804,7.0277686731227,09,Arrien-en-Bethmale,125
12,09018,1410.199999999998,1452.0,1382.33333333333,7.99999498549017,6.80815090208763,"0,701637250926066","0,641464989872241",95.99993982588204,81.69781082505156,6.807540762011217,5.793349228836455,09,Arrout,96
13,09019,1804.9,2404.1,1205.7,8.09239651320027,6.6279770632297,"0,818083974152368","0,621388463484879",97.10875815840323,79.5357247587564,5.380284678287065,4.4066554800130975,09,Artigat,564
14,09022,1430.6666666666667,1295.0,1498.5,9.63237300325992,7.65452578433497,"0,747412637084959","0,607178798815941",115.58847603911904,91.85430941201965,8.079343618764144,6.420385094036787,09,Arvigna,239
15,09023,1814.375,2056.0,1572.75,8.40769589863448,6.08034104987485,"0,736129153720724","0,730219105533966",100.89235078361376,72.9640925984982,5.5607220549012055,4.021444993372274,09,Ascou,120
16,09024,1574.1428571428555,1554.33333333333,1589.0,8.56738996126048,7.34687306232167,"0,738443972705019","0,687306582108781",102.80867953512576,88.16247674786004,6.531089543024602,5.6006655525457925,09,Aston,197
17,09025,1802.8000000000025,1743.66666666667,1891.5,7.99999498549017,7.24510605850142,"0,701637250926066","0,690209572235891",95.99993982588204,86.94127270201705,5.325046584528618,4.822568931773738,09,Aucazein,64
18,09026,1634.2857142857126,1855.5,1339.33333333333,7.7487671340012,6.80815090208763,"0,67184343158923","0,641464989872241",92.9852056080144,81.69781082505156,5.689654189301586,4.9989919211133005,09,Audressein,147
19,09027,1906.833333333335,1252.66666666667,2561.0,8.64648467864198,6.80815090208763,"0,653507028132275","0,641464989872241",103.75781614370376,81.69781082505156,5.441367859996696,4.284475700990376,09,Augirein,80
20,09029,1116.2916666666667,1103.1875,1142.5,7.7487671340012,6.80815090208763,"0,67184343158923","0,641464989872241",92.9852056080144,81.69781082505156,8.329830669226029,7.318679630477539,09,Aulus-les-Bains,148
21,09030,1032.5238095238108,966.866666666667,1196.66666666667,7.7487671340012,7.34687306232167,"0,67184343158923","0,687306582108781",92.9852056080144,88.16247674786004,9.005623381304709,8.538541768690028,09,Auzat,568
22,09032,2532.4500000000007,2515.94339622642,2551.06382978723,9.49996742701736,7.34687306232167,"0,736129153720724","0,687306582108781",113.99960912420832,88.16247674786004,4.501554191561858,3.4813116447653463,09,Ax-les-Thermes,1342
23,09033,1268.6666666666667,1330.0,1238.0,8.2410459700489,7.03911349526334,"0,772183877702808","0,684063495015358",98.8925516405868,84.46936194316008,7.79499881560064,6.658121014962696,09,Bagert,42
24,09035,1112.7142857142871,1197.66666666667,1049.0,7.99999498549017,6.80815090208763,"0,701637250926066","0,641464989872241",95.99993982588204,81.69781082505156,8.627546267571876,7.342209215244065,09,Balaguères,200
25,09038,1451.0,1729.75,1228.0,8.09239651320027,7.03911349526334,"0,818083974152368","0,684063495015358",97.10875815840323,84.46936194316008,6.6925401901036015,5.821458438536187,09,La Bastide-de-Besplas,379
26,09039,1546.1666666666667,1922.75,793.0,7.8405536623608,6.87920216220584,"0,684062129800163","0,562848485909005",94.0866439483296,82.55042594647009,6.085155370162527,5.33903800451461,09,La Bastide-de-Bousignac,346
27,09040,1797.7499999999986,1937.8,1564.33333333333,8.32413306179766,6.87920216220584,"0,755852904860847","0,562848485909005",99.88959674157192,82.55042594647009,5.5563675005741615,4.591874618076492,09,La Bastide-de-Lordat,314
28,09041,1378.57142857143,1326.0,1431.14285714286,8.2410459700489,7.24510605850142,"0,772183877702808","0,690209572235891",98.8925516405868,86.94127270201705,7.173552968747221,6.306620817762888,09,La Bastide-du-Salat,209
29,09042,1390.5599999999977,1273.61538461538,1517.25,8.09239651320027,6.6279770632297,"0,818083974152368","0,621388463484879",97.10875815840323,79.5357247587564,6.9834281266830205,5.719690251320082,09,La Bastide-de-Sérou,986
30,09043,1393.1578947368394,1488.42857142857,1337.58333333333,7.8405536623608,6.55154285869723,"0,684062129800163","0,612429932898961",94.0866439483296,78.61851430436676,6.753480298520083,5.643187653127961,09,La Bastide-sur-l'Hers,692
31,09044,1987.7499999999973,2282.33333333333,1104.0,8.09239651320027,7.65452578433497,"0,818083974152368","0,607178798815941",97.10875815840323,91.85430941201965,4.8853607424677845,4.621019213282342,09,Baulou,167
32,09045,1656.25,1822.0,1380.0,8.54699875743156,6.53527258180149,"0,769838407411312","0,666622064703731",102.56398508917871,78.42327098161788,6.192542495950413,4.734989946059947,09,Bédeilhac-et-Aynat,196
33,09046,1554.0,1125.0,1983.0,8.2410459700489,7.24510605850142,"0,772183877702808","0,690209572235891",98.8925516405868,86.94127270201705,6.363742061813822,5.59467649305129,09,Bédeille,77
34,09047,1332.1458333333358,1259.16,1411.47826086957,7.8405536623608,6.55154285869723,"0,684062129800163","0,612429932898961",94.0866439483296,78.61851430436676,7.062788592214648,5.901644725160843,09,Bélesta,1106
35,09049,1429.5000000000025,1215.66666666667,2071.0,8.09239651320027,8.10907916123189,"0,818083974152368","0,5261364426342",97.10875815840323,97.30894993478267,6.793197492717949,6.807201814255508,09,Bénac,177
36,09050,1857.8333333333333,1321.0,1965.2,9.63237300325992,8.10907916123189,"0,747412637084959","0,5261364426342",115.58847603911904,97.30894993478267,6.221681674304425,5.237765314512389,09,Benagues,509
37,09051,1092.0,1459.0,725.0,8.83138047715341,7.72465669534667,"0,660491209864879","0,687306582108781",105.97656572584091,92.69588034416005,9.704813711157591,8.488633731150188,09,Bénaix,155
38,09052,892.0,852.5,971.0,7.8405536623608,6.87920216220584,"0,684062129800163","0,562848485909005",94.0866439483296,82.55042594647009,10.547830039050403,9.254532056779157,09,Besset,172
39,09054,1542.6363636363635,1459.25,1765.0,8.2410459700489,7.03911349526334,"0,772183877702808","0,684063495015358",98.8925516405868,84.46936194316008,6.410619765728415,5.475649604424308,09,Betchat,360
40,09055,1860.3333333333333,1966.75,1647.5,7.7487671340012,6.80815090208763,"0,67184343158923","0,641464989872241",92.9852056080144,81.69781082505156,4.99830884830753,4.391568401274945,09,Bethmale,102
41,09056,2312.0,2594.4,900.0,9.40122754722737,7.65452578433497,"0,782462981723862","0,607178798815941",112.81473056672844,91.85430941201965,4.879529868803133,3.9729372583053473,09,Bézac,487
42,09057,2009.4137931034447,1937.13333333333,2086.85714285714,7.7487671340012,6.80815090208763,"0,67184343158923","0,641464989872241",92.9852056080144,81.69781082505156,4.62747921444309,4.06575346031009,09,Biert,311
43,09058,1970.77777777778,1819.0,2046.66666666667,8.54699875743156,6.53527258180149,"0,769838407411312","0,666622064703731",102.56398508917871,78.42327098161788,5.204238968273143,3.9793056257234034,09,Bompas,203
44,09059,1346.6363636363635,1501.0,1218.0,7.7487671340012,6.80815090208763,"0,67184343158923","0,641464989872241",92.9852056080144,81.69781082505156,6.9049973785739445,6.066805637450666,09,Bonac-Irazein,129
45,09060,1484.903225806447,1543.28571428571,1436.82352941176,9.40122754722737,7.65452578433497,"0,782462981723862","0,607178798815941",112.81473056672844,91.85430941201965,7.597446662253633,6.185878501417747,09,Bonnac,798
46,09061,867.5,798.0,950.9,8.09239651320027,6.6279770632297,"0,818083974152368","0,621388463484879",97.10875815840323,79.5357247587564,11.194093159470116,9.168383257493534,09,Les Bordes-sur-Arize,477
47,09062,1553.4210526315774,1525.5,1601.28571428571,7.7487671340012,6.80815090208763,"0,67184343158923","0,641464989872241",92.9852056080144,81.69781082505156,5.9858340049204655,5.259218721585572,09,Bordes-Uchentein,222
48,09063,1131.0,1350.0,912.0,7.7487671340012,6.6279770632297,"0,67184343158923","0,621388463484879",92.9852056080144,79.5357247587564,8.221503590452201,7.032336406609762,09,Le Bosc,116
49,09065,1925.583333333335,1926.92307692308,1924.0,8.09239651320027,6.6279770632297,"0,818083974152368","0,621388463484879",97.10875815840323,79.5357247587564,5.043082606573065,4.130474302614256,09,Boussenac,245
50,09066,1627.0,1477.0,1852.0,8.54699875743156,6.53527258180149,"0,769838407411312","0,666622064703731",102.56398508917871,78.42327098161788,6.3038712408837565,4.820114995797042,09,Brassac,631
51,09067,1476.428571428571,1360.6,1766.0,9.40122754722737,7.59169898926269,"0,782462981723862","0,66930516490068",112.81473056672844,91.10038787115228,7.64105577133139,6.170321384596671,09,Brie,208
52,09070,1441.1875,1323.0,1512.1,8.56738996126048,7.34687306232167,"0,738443972705019","0,687306582108781",102.80867953512576,88.16247674786004,7.133608884001959,6.117349529319401,09,Les Cabannes,338
53,09071,1542.0,1626.0,1290.0,8.54699875743156,8.10907916123189,"0,769838407411312","0,5261364426342",102.56398508917871,97.30894993478267,6.651360900724949,6.310567440647384,09,Cadarcet,223
54,09074,1962.9,2529.6,1396.2,7.8405536623608,6.55154285869723,"0,684062129800163","0,612429932898961",94.0866439483296,78.61851430436676,4.793246927929573,4.005222594343408,09,Camon,153
55,09075,1918.6666666666667,2026.5,1864.75,8.09239651320027,7.03911349526334,"0,818083974152368","0,684063495015358",97.10875815840323,84.46936194316008,5.061262586435194,4.402503228448231,09,Campagne-sur-Arize,292
56,09076,1292.6666666666667,880.25,2117.5,9.40122754722737,6.6279770632297,"0,782462981723862","0,621388463484879",112.81473056672844,79.5357247587564,8.727287047451915,6.152841007639743,09,Canté,215
57,09077,1271.1,1240.875,1392.0,8.40769589863448,7.68000584930767,"0,736129153720724","0,687306582108781",100.89235078361376,92.16007019169204,7.937404671828633,7.250418550207856,09,Capoulet-et-Junac,192
58,09078,1441.0,1549.6,1169.5,8.56738996126048,6.08034104987485,"0,738443972705019","0,730219105533966",102.80867953512576,72.9640925984982,7.13453709473461,5.063434600867328,09,Carcanières,71
59,09079,1768.714285714285,1624.4,1899.90909090909,8.09239651320027,7.59169898926269,"0,818083974152368","0,66930516490068",97.10875815840323,91.10038787115228,5.490358671422526,5.15065596557682,09,Carla-Bayle,806
60,09080,1868.0000000000011,1363.6,2708.66666666667,8.83138047715341,6.55154285869723,"0,660491209864879","0,612429932898961",105.97656572584091,78.61851430436676,5.673263689820174,4.208699909227339,09,Carla-de-Roquefort,171
61,09081,1546.0,1740.0,1449.0,8.27641565342848,7.65452578433497,"0,775943184031041","0,607178798815941",99.31698784114177,91.85430941201965,6.424125992311885,5.941417167659743,09,Le Carlaret,296
62,09082,1852.1739130434771,1679.25,2040.81818181818,8.09239651320027,6.6279770632297,"0,818083974152368","0,621388463484879",97.10875815840323,79.5357247587564,5.242961121228348,4.294182322655864,09,Castelnau-Durban,467
63,09083,1152.0,1364.5,727.0,8.27641565342848,7.59169898926269,"0,775943184031041","0,66930516490068",99.31698784114177,91.10038787115228,8.621266305654665,7.908019780481968,09,Castéras,22
64,09084,1813.0,2314.0,811.0,9.40122754722737,7.59169898926269,"0,782462981723862","0,66930516490068",112.81473056672844,91.10038787115228,6.222544432803554,5.024842132992403,09,Castex,96
65,09085,1275.07692307692,1128.44444444444,1605.0,7.7487671340012,6.80815090208763,"0,67184343158923","0,641464989872241",92.9852056080144,81.69781082505156,7.292517331709642,6.407284874068973,09,Castillon-en-Couserans,436
66,09086,1267.6666666666642,1511.33333333333,780.333333333333,7.99999498549017,6.80815090208763,"0,701637250926066","0,641464989872241",95.99993982588204,81.69781082505156,7.572963962073276,6.444739218384306,09,Caumont,343
67,09087,1247.25,927.5,1567.0,8.56738996126048,7.34687306232167,"0,738443972705019","0,687306582108781",102.80867953512576,88.16247674786004,8.242828585698597,7.0685489475133325,09,Caussou,49
68,09089,1730.3333333333333,1840.0,1511.0,7.8405536623608,6.87920216220584,"0,684062129800163","0,562848485909005",94.0866439483296,82.55042594647009,5.437486646984952,4.770781696000968,09,Cazals-des-Baylès,57
69,09091,920.5,781.5,1059.5,8.2410459700489,6.80815090208763,"0,772183877702808","0,641464989872241",98.8925516405868,81.69781082505156,10.743351617662878,8.875373256388002,09,Cazavet,197
70,09092,2004.5,2395.0,1614.0,8.83138047715341,6.53527258180149,"0,660491209864879","0,666622064703731",105.97656572584091,78.42327098161788,5.2869326877446206,3.9123607374216953,09,Cazenave-Serres-et-Allens,64
71,09093,1008.6666666666666,1179.5,667.0,8.83138047715341,6.53527258180149,"0,660491209864879","0,666622064703731",105.97656572584091,78.42327098161788,10.506599377974975,7.774944248012348,09,Celles,144
72,09094,1940.81818181818,1452.4,2347.83333333333,8.09239651320027,7.03911349526334,"0,818083974152368","0,684063495015358",97.10875815840323,84.46936194316008,5.003495900240933,4.352255287717278,09,Cérizols,144
73,09095,1711.7142857142842,1785.33333333333,1656.5,7.99999498549017,6.80815090208763,"0,701637250926066","0,641464989872241",95.99993982588204,81.69781082505156,5.608409103498372,4.772864928854627,09,Cescau,165
74,09097,959.6666666666666,1123.0,878.0,7.99999498549017,6.6279770632297,"0,701637250926066","0,621388463484879",95.99993982588204,79.5357247587564,10.003467157959228,8.287849054403239,09,Clermont,118
75,09099,1963.142857142857,2100.0,1860.5,9.63237300325992,8.10907916123189,"0,747412637084959","0,5261364426342",115.58847603911904,97.30894993478267,5.887929939410808,4.956794131447232,09,Cos,372
76,09100,997.2333333333332,1058.5,874.7,7.7487671340012,6.80815090208763,"0,67184343158923","0,641464989872241",92.9852056080144,81.69781082505156,9.324317840159214,8.19244685212938,09,Couflens,104
77,09101,1479.7142857142874,1280.66666666667,1629.0,9.63237300325992,8.10907916123189,"0,747412637084959","0,5261364426342",115.58847603911904,97.30894993478267,7.8115401841459,6.576198586054044,09,Coussa,282
78,09103,2126.7499999999973,2086.58333333333,2247.25,9.63237300325992,8.10907916123189,"0,747412637084959","0,5261364426342",115.58847603911904,97.30894993478267,5.434981828570315,4.575476663208312,09,Crampagna,973
79,09104,1781.15384615385,1536.66666666667,1990.71428571429,9.63237300325992,8.10907916123189,"0,747412637084959","0,5261364426342",115.58847603911904,97.30894993478267,6.489527914094339,5.463253505299814,09,Dalou,802
80,09105,1431.7796610169482,1405.25,1463.22222222222,8.09239651320027,7.03911349526334,"0,818083974152368","0,684063495015358",97.10875815840323,84.46936194316008,6.782381451726304,5.899606220356849,09,Daumazan-sur-Arize,815
81,09106,1252.0,1708.25,795.75,8.83138047715341,6.55154285869723,"0,660491209864879","0,612429932898961",105.97656572584091,78.61851430436676,8.4645819269841,6.279434049869549,09,Dreuilhe,380
82,09107,1319.0476190476177,1137.72727272727,1518.5,7.8405536623608,6.55154285869723,"0,684062129800163","0,612429932898961",94.0866439483296,78.61851430436676,7.132922465396836,5.960248376865356,09,Dun,662
83,09108,1026.2222222222244,1136.14285714286,641.5,8.09239651320027,6.6279770632297,"0,818083974152368","0,621388463484879",97.10875815840323,79.5357247587564,9.462741700147546,7.750341303906519,09,Durban-sur-Arize,186
84,09110,1391.25,944.0,2733.0,7.99999498549017,6.80815090208763,"0,701637250926066","0,641464989872241",95.99993982588204,81.69781082505156,6.900265216595296,5.872259538188792,09,Encourtiech,100
85,09111,2448.83333333333,3156.33333333333,1741.33333333333,7.7487671340012,6.80815090208763,"0,67184343158923","0,641464989872241",92.9852056080144,81.69781082505156,3.7971226682643926,3.336193186893828,09,Engomer,328
86,09113,2143.043478260869,1931.76923076923,2417.7,7.7487671340012,6.80815090208763,"0,67184343158923","0,641464989872241",92.9852056080144,81.69781082505156,4.338932296580101,3.812233006646757,09,Ercé,583
87,09114,2009.8571428571413,1822.33333333333,2150.5,7.7487671340012,6.80815090208763,"0,67184343158923","0,641464989872241",92.9852056080144,81.69781082505156,4.626458449471187,4.064856605127311,09,Erp,134
88,09116,1037.8,1001.5,1183.0,9.40122754722737,6.6279770632297,"0,782462981723862","0,621388463484879",112.81473056672844,79.5357247587564,10.870565674188516,7.663877891574138,09,Escosse,367
89,09118,2271.0,3625.0,917.0,8.09239651320027,6.6279770632297,"0,818083974152368","0,621388463484879",97.10875815840323,79.5357247587564,4.27603514568046,3.5022335869113346,09,Esplas-de-Sérou,173
90,09119,1598.3,1890.5,1403.5,7.7487671340012,6.80815090208763,"0,67184343158923","0,641464989872241",92.9852056080144,81.69781082505156,5.817756717012727,5.11154419227001,09,Eycheil,541
91,09120,2130.300000000001,2244.88888888889,1099.0,8.09239651320027,7.03911349526334,"0,818083974152368","0,684063495015358",97.10875815840323,84.46936194316008,4.558454591297151,3.96513927349012,09,Fabas,357
92,09121,2077.086956521738,2175.08333333333,1970.18181818182,8.54699875743156,6.53527258180149,"0,769838407411312","0,666622064703731",102.56398508917871,78.42327098161788,4.937876325646519,3.77563735285038,09,Ferrières-sur-Ariège,862
93,09122,1615.88392857143,1582.91666666667,1648.85119047619,8.9774584770674,7.43816295657764,"0,769838407411312","0,666622064703731",107.72950172480878,89.25795547893168,6.66690842207028,5.523785087573883,09,Foix,10051
94,09124,1650.35135135135,1722.54545454545,1544.46666666667,8.09239651320027,7.59169898926269,"0,818083974152368","0,66930516490068",97.10875815840323,91.10038787115228,5.884126315216946,5.520060185763289,09,Le Fossat,1077
95,09125,1426.1481481481476,1368.78947368421,1562.375,8.83138047715341,7.72465669534667,"0,660491209864879","0,687306582108781",105.97656572584091,92.69588034416005,7.430964718739173,6.499737104067735,09,Fougax-et-Barrineuf,435
96,09127,3108.0,3641.0,2841.5,8.27641565342848,6.6279770632297,"0,775943184031041","0,621388463484879",99.31698784114177,79.5357247587564,3.195527279316015,2.5590645031774906,09,Gabre,125
97,09128,2114.7500000000014,1682.66666666667,2374.0,7.99999498549017,6.80815090208763,"0,701637250926066","0,641464989872241",95.99993982588204,81.69781082505156,4.5395408358379,3.8632373011018566,09,Gajan,344
98,09129,1638.416666666665,1068.0,2045.85714285714,8.64648467864198,7.24510605850142,"0,653507028132275","0,690209572235891",103.75781614370376,86.94127270201705,6.33281009981408,5.306420184243963,09,Galey,117
99,09130,1391.8000000000009,1426.6875,1329.77777777778,8.54699875743156,6.53527258180149,"0,769838407411312","0,666622064703731",102.56398508917871,78.42327098161788,7.36916116461982,5.634665252307647,09,Ganac,763
100,09131,1663.4999999999975,1310.0,1781.33333333333,8.40769589863448,7.34687306232167,"0,736129153720724","0,687306582108781",100.89235078361376,88.16247674786004,6.065064669889624,5.299818259564783,09,Garanou,146
101,09132,2016.1666666666667,2018.25,2012.0,8.27641565342848,7.65452578433497,"0,775943184031041","0,607178798815941",99.31698784114177,91.85430941201965,4.926030644348603,4.555888703580373,09,Gaudiès,239
102,09134,2315.6666666666665,3688.0,1629.5,8.40769589863448,7.34687306232167,"0,736129153720724","0,687306582108781",100.89235078361376,88.16247674786004,4.356946197651379,3.807217939305889,09,Gestiès,36
103,09136,1675.0,1353.0,1836.0,8.40769589863448,7.68000584930767,"0,736129153720724","0,687306582108781",100.89235078361376,92.16007019169204,6.023423927379925,5.502093742787585,09,Gourbit,79
104,09137,2921.0,2203.0,3639.0,8.83138047715341,7.65452578433497,"0,660491209864879","0,607178798815941",105.97656572584091,91.85430941201965,3.628091945424201,3.1446186036295662,09,Gudas,204
105,09138,1945.400000000001,2145.14285714286,1479.33333333333,9.63237300325992,7.65452578433497,"0,747412637084959","0,607178798815941",115.58847603911904,91.85430941201965,5.94163030940264,4.7216155758208895,09,L'Herm,217
106,09139,1899.0,2370.0,1781.25,8.56738996126048,7.34687306232167,"0,738443972705019","0,687306582108781",102.80867953512576,88.16247674786004,5.413832518963967,4.642573815053188,09,L'Hospitalet-près-l'Andorre,100
107,09140,2780.800000000002,2941.66666666667,2539.5,8.40769589863448,7.34687306232167,"0,736129153720724","0,687306582108781",100.89235078361376,88.16247674786004,3.6281771714475575,3.1703997679754017,09,Ignaux,132
108,09141,1623.0000000000025,1584.66666666667,1738.0,7.99999498549017,7.24510605850142,"0,701637250926066","0,690209572235891",95.99993982588204,86.94127270201705,5.914968565981633,5.35682518188644,09,Illartein,73
109,09142,1440.5,1189.0,1692.0,8.83138047715341,6.53527258180149,"0,660491209864879","0,666622064703731",105.97656572584091,78.42327098161788,7.35692924164116,5.444170147977638,09,Ilhat,124
110,09143,1463.7142857142858,1250.5,2743.0,8.54699875743156,7.34687306232167,"0,769838407411312","0,687306582108781",102.56398508917871,88.16247674786004,7.007104193092435,6.023202588668946,09,Illier-et-Laramade,38
111,09145,1819.3333333333333,2818.0,1619.6,9.63237300325992,7.65452578433497,"0,747412637084959","0,607178798815941",115.58847603911904,91.85430941201965,6.353342398632413,5.048789451008775,09,Les Issards,264
112,09147,1896.4285714285716,1470.0,2216.25,9.40122754722737,7.96191040048937,"0,782462981723862","0,769454316846372",112.81473056672844,95.54292480587245,5.9487993519178834,5.038044999179715,09,Labatut,179
113,09148,1418.75,500.0,1725.0,8.2410459700489,7.24510605850142,"0,772183877702808","0,690209572235891",98.8925516405868,86.94127270201705,6.970400115636073,6.128019221287546,09,Lacave,121
114,09149,1188.7500000000002,979.727272727273,1648.6,7.7487671340012,6.80815090208763,"0,67184343158923","0,641464989872241",92.9852056080144,81.69781082505156,7.822099315080075,6.872581352265114,09,Lacourt,203
115,09150,1879.3636363636365,1777.0,2002.2,7.8405536623608,6.55154285869723,"0,684062129800163","0,612429932898961",94.0866439483296,78.61851430436676,5.0063033107513455,4.183251861597419,09,Lagarde,214
116,09151,1612.3333333333333,2037.0,1400.0,8.27641565342848,7.59169898926269,"0,775943184031041","0,66930516490068",99.31698784114177,91.10038787115228,6.159829719318281,5.650220459240373,09,Lanoux,62
117,09152,1645.4,1974.0,1563.25,8.54699875743156,7.68000584930767,"0,769838407411312","0,687306582108781",102.56398508917871,92.16007019169204,6.233376995817352,5.601073914652488,09,Lapège,19
118,09157,1253.152542372885,1272.21428571429,1235.93548387097,7.64540344559341,6.55154285869723,"0,684062129800163","0,612429932898961",91.74484134712092,78.61851430436676,7.3211231869185776,6.273658764279411,09,Laroque-d'Olmes,2443
119,09158,1872.8823529411768,1679.25,2045.0,8.09239651320027,7.24510605850142,"0,818083974152368","0,690209572235891",97.10875815840323,86.94127270201705,5.184989756879473,4.642110731914601,09,Lasserre,259
120,09159,1468.25,1571.0,1365.5,8.56738996126048,7.34687306232167,"0,738443972705019","0,687306582108781",102.80867953512576,88.16247674786004,7.002123584888523,6.004595726058916,09,Lassur,86
121,09160,1147.3121693121702,1217.79,1068.12359550562,8.26022376962293,6.48535442585201,"0,660491209864879","0,612429932898961",99.12268523547516,77.82425311022412,8.639556686206912,6.78318030539856,09,Lavelanet,6133
122,09161,1408.617647058826,1293.54166666667,1684.8,7.8405536623608,6.55154285869723,"0,684062129800163","0,612429932898961",94.0866439483296,78.61851430436676,6.679360019717288,5.581252972978233,09,Léran,634
123,09164,1150.5333333333333,1252.6,946.4,7.99999498549017,6.80815090208763,"0,701637250926066","0,641464989872241",95.99993982588204,81.69781082505156,8.343951195898892,7.10086430858601,09,Lescure,499
124,09165,1495.6666666666667,2014.25,1080.8,7.8405536623608,6.55154285869723,"0,684062129800163","0,612429932898961",94.0866439483296,78.61851430436676,6.290615820035408,5.25641949884333,09,Lesparrou,238
125,09166,2514.333333333333,1759.0,4025.0,8.54699875743156,6.53527258180149,"0,769838407411312","0,666622064703731",102.56398508917871,78.42327098161788,4.079172149907677,3.119048295702686,09,Leychert,114
126,09167,1949.5932203389848,1992.5625,1898.66666666667,9.40122754722737,7.96191040048937,"0,782462981723862","0,769454316846372",112.81473056672844,95.54292480587245,5.78657790711402,4.900659471377314,09,Lézat-sur-Lèze,2379
127,09168,1355.799999999998,1380.42857142857,1298.33333333333,8.83138047715341,6.55154285869723,"0,660491209864879","0,612429932898961",105.97656572584091,78.61851430436676,7.816533834329627,5.798680801325186,09,Lieurac,187
128,09169,827.3333333333334,752.0,978.0,8.83138047715341,6.55154285869723,"0,660491209864879","0,612429932898961",105.97656572584091,78.61851430436676,12.809415679996889,9.502640729778417,09,Limbrassac,122
129,09170,1392.5555555555557,1512.6,1242.5,9.40122754722737,7.96191040048937,"0,782462981723862","0,769454316846372",112.81473056672844,95.54292480587245,8.101273239452292,6.860977605145232,09,Lissac,248
130,09173,1827.0,1847.0,1797.0,9.63237300325992,7.65452578433497,"0,747412637084959","0,607178798815941",115.58847603911904,91.85430941201965,6.326681775540177,5.027603142420341,09,Loubens,281
131,09174,2005.333333333337,1691.66666666667,2162.16666666667,9.63237300325992,8.10907916123189,"0,747412637084959","0,5261364426342",115.58847603911904,97.30894993478267,5.764052993972016,4.852507476800989,09,Loubières,368
132,09175,1745.0,1368.0,1933.5,9.63237300325992,6.87920216220584,"0,747412637084959","0,562848485909005",115.58847603911904,82.55042594647009,6.623981434906535,4.730683435327798,09,Ludiès,103
133,09176,1612.588235294119,1537.0,1751.16666666667,8.56738996126048,7.34687306232167,"0,738443972705019","0,687306582108781",102.80867953512576,88.16247674786004,6.375383206015671,5.467141258895526,09,Luzenac,524
134,09177,1467.5555555555557,1592.5,1367.6,8.27641565342848,6.6279770632297,"0,775943184031041","0,621388463484879",99.31698784114177,79.5357247587564,6.767511285359446,5.41960571493646,09,Madière,279
135,09178,1319.5,1221.0,1418.0,8.32413306179766,6.87920216220584,"0,755852904860847","0,562848485909005",99.88959674157192,82.55042594647009,7.570261215731103,6.256189916367569,09,Malegoude,39
136,09179,1361.6666666666667,859.0,1613.0,9.63237300325992,7.65452578433497,"0,747412637084959","0,607178798815941",115.58847603911904,91.85430941201965,8.488749770314739,6.745726517406582,09,Malléon,82
137,09180,1496.7142857142858,1605.6,1224.5,8.32413306179766,6.87920216220584,"0,755852904860847","0,562848485909005",99.88959674157192,82.55042594647009,6.673925524396329,5.515443176723208,09,Manses,129
138,09181,1302.9062499999982,1292.72727272727,1325.3,8.09239651320027,7.24510605850142,"0,818083974152368","0,690209572235891",97.10875815840323,86.94127270201705,7.453242177509194,6.672872488102438,09,Le Mas-d'Azil,1256
139,09182,1575.0,1705.38095238095,1444.61904761905,7.7487671340012,6.80815090208763,"0,67184343158923","0,641464989872241",92.9852056080144,81.69781082505156,5.903822578286629,5.187162592066766,09,Massat,754
140,09183,1104.75,1344.0,865.5,8.2410459700489,7.24510605850142,"0,772183877702808","0,690209572235891",98.8925516405868,86.94127270201705,8.951577428430577,7.869768970537864,09,Mauvezin-de-Prat,104
141,09185,1728.411764705883,1680.22535211268,1781.04615384615,8.75825130065365,7.62077293448196,"0,755852904860847","0,562848485909005",105.0990156078438,91.44927521378352,6.080669997390819,5.290942649267671,09,Mazères,3949
142,09186,1177.0,632.0,2267.0,9.40122754722737,7.59169898926269,"0,782462981723862","0,66930516490068",112.81473056672844,91.10038787115228,9.584938875677862,7.740049946571985,09,Méras,97
143,09187,2128.399999999998,1909.5,2274.33333333333,8.2410459700489,7.24510605850142,"0,772183877702808","0,690209572235891",98.8925516405868,86.94127270201705,4.646333003222463,4.084818300226327,09,Mercenac,359
144,09188,1411.428571428571,1294.11111111111,1535.64705882353,8.54699875743156,7.68000584930767,"0,769838407411312","0,687306582108781",102.56398508917871,92.16007019169204,7.266679105508615,6.529559628966037,09,Mercus-Garrabet,1246
145,09192,1485.375,1201.25,1769.5,8.40769589863448,7.68000584930767,"0,736129153720724","0,687306582108781",100.89235078361376,92.16007019169204,6.792382447773374,6.204498540213216,09,Miglos,137
146,09194,1977.2545454545475,1960.51923076923,1992.25862068966,8.75550668067481,7.62311639618347,"0,755852904860847","0,562848485909005",105.06608016809771,91.47739675420164,5.313735675036431,4.626485596631771,09,Mirepoix,3230
147,09197,2683.2500000000027,1976.66666666667,4803.0,8.56738996126048,7.34687306232167,"0,738443972705019","0,687306582108781",102.80867953512576,88.16247674786004,3.831498352189533,3.2856601788077877,09,Montaillou,17
148,09198,1609.111111111111,1588.4,1635.0,8.09239651320027,7.24510605850142,"0,818083974152368","0,690209572235891",97.10875815840323,86.94127270201705,6.034931801033209,5.403062106878563,09,Montardit,229
149,09199,1240.65,1315.6,1015.8,8.32413306179766,7.65452578433497,"0,755852904860847","0,607178798815941",99.88959674157192,91.85430941201965,8.051392152627406,7.403724613067313,09,Montaut,711
150,09200,2597.999999999998,1181.33333333333,3448.0,8.70947861658915,6.87920216220584,"0,713864591123676","0,562848485909005",104.5137433990698,82.55042594647009,4.022853864475359,3.1774605830050087,09,Montbel,96
151,09202,1697.8333333333333,1890.25,1313.0,8.27641565342848,6.6279770632297,"0,775943184031041","0,621388463484879",99.31698784114177,79.5357247587564,5.849631167633754,4.684542540026881,09,Montégut-Plantaurel,328
152,09203,1476.25,1744.0,673.0,8.54699875743156,8.10907916123189,"0,769838407411312","0,5261364426342",102.56398508917871,97.30894993478267,6.947602715609058,6.59163081692008,09,Montels,162
153,09204,1441.5,1071.0,1812.0,8.09239651320027,7.24510605850142,"0,818083974152368","0,690209572235891",97.10875815840323,86.94127270201705,6.736646420978373,6.0313057719054495,09,Montesquieu-Avantès,271
154,09205,873.5,644.0,1562.0,8.2410459700489,7.03911349526334,"0,772183877702808","0,684063495015358",98.8925516405868,84.46936194316008,11.321414040135863,9.670218883017752,09,Montfa,95
155,09206,1836.135135135136,1881.20930232558,1773.61290322581,8.83138047715341,6.53527258180149,"0,660491209864879","0,666622064703731",105.97656572584091,78.42327098161788,5.771719286774677,4.271105621855337,09,Montferrier,556
156,09207,1831.1212121212136,1860.61904761905,1779.5,8.54699875743156,6.53527258180149,"0,769838407411312","0,666622064703731",102.56398508917871,78.42327098161788,5.601157608259379,4.28280063943831,09,Montgailhard,1493
157,09209,1516.4999999999986,1439.5,1644.83333333333,7.99999498549017,6.80815090208763,"0,701637250926066","0,641464989872241",95.99993982588204,81.69781082505156,6.330362006322594,5.387260852294865,09,Montjoie-en-Couserans,1025
158,09210,1719.9375,1532.25,1907.625,8.54699875743156,6.53527258180149,"0,769838407411312","0,666622064703731",102.56398508917871,78.42327098161788,5.963239076372177,4.559658184185058,09,Montoulieu,423
159,09211,1287.0,703.0,1403.8,8.83138047715341,7.72465669534667,"0,660491209864879","0,687306582108781",105.97656572584091,92.69588034416005,8.23438739128523,7.202477105218341,09,Montségur,117
160,09212,1529.599999999998,1581.0,1495.33333333333,7.99999498549017,6.6279770632297,"0,701637250926066","0,621388463484879",95.99993982588204,79.5357247587564,6.276146693637694,5.199772800650922,09,Montseron,106
161,09213,1262.200000000002,1249.66666666667,1281.0,7.8405536623608,6.55154285869723,"0,684062129800163","0,612429932898961",94.0866439483296,78.61851430436676,7.454178731447429,6.228689138358947,09,Moulin-Neuf,237
162,09214,1913.756097560976,1769.30434782609,2098.33333333333,7.99999498549017,6.80815090208763,"0,701637250926066","0,641464989872241",95.99993982588204,81.69781082505156,5.01631006940911,4.268977166378357,09,Moulis,810
163,09217,1265.7777777777778,1159.5,1350.8,8.40769589863448,7.68000584930767,"0,736129153720724","0,687306582108781",100.89235078361376,92.16007019169204,7.970779117385215,7.280904421745333,09,Niaux,154
164,09219,1336.0833333333348,1199.66666666667,1745.33333333333,8.64648467864198,6.80815090208763,"0,653507028132275","0,641464989872241",103.75781614370376,81.69781082505156,7.765819208659911,6.114724193230323,09,Orgibet,166
165,09220,1476.5,1504.0,1449.0,8.56738996126048,7.34687306232167,"0,738443972705019","0,687306582108781",102.80867953512576,88.16247674786004,6.962998952599102,5.971044818683375,09,Orlu,164
166,09222,1806.0,1569.0,2280.0,8.54699875743156,7.34687306232167,"0,769838407411312","0,687306582108781",102.56398508917871,88.16247674786004,5.67906894181499,4.881643230778519,09,Orus,24
167,09223,1461.7,1615.4,1308.0,7.7487671340012,6.80815090208763,"0,67184343158923","0,641464989872241",92.9852056080144,81.69781082505156,6.361442540057085,5.589232457074062,09,Oust,581
168,09224,1450.0588235294106,1695.83333333333,1316.0,8.27641565342848,6.6279770632297,"0,775943184031041","0,621388463484879",99.31698784114177,79.5357247587564,6.849169580542011,5.484999881947426,09,Pailhès,512
169,09225,1601.0084388185655,1557.0572519084,1655.32547169811,8.19713344756754,8.31275972625554,"0,775943184031041","0,607178798815941",98.36560137081048,99.75311671506648,6.143977694670838,6.2306427809136,09,Pamiers,17036
170,09227,1376.0,1566.0,1186.0,8.54699875743156,6.53527258180149,"0,769838407411312","0,666622064703731",102.56398508917871,78.42327098161788,7.453777986132174,5.69936562366409,09,Péreille,187
171,09228,1661.0000000000032,1610.16666666667,1762.66666666667,8.56738996126048,7.34687306232167,"0,738443972705019","0,687306582108781",102.80867953512576,88.16247674786004,6.189565294107498,5.307795108239607,09,Perles-et-Castelet,223
172,09229,1408.7142857142858,1487.25,937.5,7.8405536623608,6.55154285869723,"0,684062129800163","0,612429932898961",94.0866439483296,78.61851430436676,6.678901811563809,5.580870095634999,09,Le Peyrat,508
173,09230,947.8,1087.0,855.0,8.56738996126048,6.08034104987485,"0,738443972705019","0,730219105533966",102.80867953512576,72.9640925984982,10.847085834049984,7.69825834548409,09,Le Pla,61
174,09231,1892.6944444444457,1658.32,2425.36363636364,7.7487671340012,6.80815090208763,"0,67184343158923","0,641464989872241",92.9852056080144,81.69781082505156,4.912848235009637,4.316481778918729,09,Le Port,169
175,09232,1088.6249999999986,1421.33333333333,889.0,8.56738996126048,6.08034104987485,"0,738443972705019","0,730219105533966",102.80867953512576,72.9640925984982,9.44390212746592,6.702408322287132,09,Prades,47
176,09235,1549.92,1191.25,1881.0,7.99999498549017,7.24510605850142,"0,701637250926066","0,690209572235891",95.99993982588204,86.94127270201705,6.193864188208556,5.609403885491964,09,Prat-Bonrepaux,873
177,09236,1270.8333333333333,534.5,1639.0,8.54699875743156,6.53527258180149,"0,769838407411312","0,666622064703731",102.56398508917871,78.42327098161788,8.070608662755047,6.171011487078129,09,Prayols,378
178,09237,1493.6666666666667,1089.5,2302.0,8.56738996126048,6.08034104987485,"0,738443972705019","0,730219105533966",102.80867953512576,72.9640925984982,6.88297341230478,4.884897964639468,09,Le Puch,29
179,09238,1521.857142857143,1382.6,1870.0,9.63237300325992,7.65452578433497,"0,747412637084959","0,607178798815941",115.58847603911904,91.85430941201965,7.5952251222550755,6.03567226024723,09,Les Pujols,878
180,09239,1893.8181818181815,2051.5,1704.6,7.99671249603216,6.55154285869723,"0,792290458008145","0,612429932898961",95.96054995238592,78.61851430436676,5.067041328130977,4.151323239957922,09,Quérigut,139
181,09240,1039.666666666668,947.666666666667,1223.66666666667,8.54699875743156,7.68000584930767,"0,769838407411312","0,687306582108781",102.56398508917871,92.16007019169204,9.865083528936704,8.864386360214038,09,Quié,300
182,09241,1494.61111111111,1287.22222222222,1702.0,8.54699875743156,7.68000584930767,"0,769838407411312","0,687306582108781",102.56398508917871,92.16007019169204,6.862252282664455,6.1661571700199165,09,Rabat-les-Trois-Seigneurs,374
183,09244,1615.8064516129016,1516.78947368421,1772.58333333333,7.8405536623608,6.55154285869723,"0,684062129800163","0,612429932898961",94.0866439483296,78.61851430436676,5.822890721497745,4.86558982518541,09,Rieucros,732
184,09245,1923.9666666666697,1874.68421052632,2009.09090909091,9.63237300325992,8.10907916123189,"0,747412637084959","0,5261364426342",115.58847603911904,97.30894993478267,6.00782113545551,5.057725355677464,09,Rieux-de-Pelleport,1297
185,09246,1388.7368421052631,1275.5,1705.8,8.09239651320027,6.80815090208763,"0,818083974152368","0,641464989872241",97.10875815840323,81.69781082505156,6.992596092661494,5.882886400651784,09,Rimont,566
186,09247,1271.9375,1204.625,1339.25,7.7487671340012,6.80815090208763,"0,67184343158923","0,641464989872241",92.9852056080144,81.69781082505156,7.310516877442044,6.423099470300354,09,Rivèrenert,194
187,09251,1804.6666666666667,2153.0,1108.0,8.32413306179766,6.87920216220584,"0,755852904860847","0,562848485909005",99.88959674157192,82.55042594647009,5.535071854907938,4.574275541917441,09,Roumengoux,169
188,09252,1233.1250000000025,1154.16666666667,1470.0,8.56738996126048,6.55154285869723,"0,738443972705019","0,612429932898961",102.80867953512576,78.61851430436676,8.33724720001018,6.375551083983099,09,Rouze,85
189,09253,1443.0,2026.25,859.75,8.09239651320027,6.6279770632297,"0,818083974152368","0,621388463484879",97.10875815840323,79.5357247587564,6.729643670021016,5.511831237613056,09,Sabarat,383
190,09254,1486.5000000000025,1240.66666666667,2224.0,9.63237300325992,7.65452578433497,"0,747412637084959","0,607178798815941",115.58847603911904,91.85430941201965,7.775881334619498,6.179233731047392,09,Saint-Amadou,279
191,09257,1696.2,1554.25,1980.1,8.2410459700489,7.03911349526334,"0,772183877702808","0,684063495015358",98.8925516405868,84.46936194316008,5.830241223946869,4.979917577122985,09,Sainte-Croix-Volvestre,661
192,09258,1626.625,1480.6,1870.0,9.63237300325992,8.10907916123189,"0,747412637084959","0,5261364426342",115.58847603911904,97.30894993478267,7.106030956066643,5.982260812097605,09,Saint-Félix-de-Rieutord,479
193,09261,1419.257425742572,1404.69902912621,1434.40404040404,8.17018249293886,7.30691444961444,"0,67184343158923","0,641464989872241",98.04218991526632,87.68297339537328,6.907992034212504,6.178088048367726,09,Saint-Girons,6530
194,09262,1276.5,1608.0,945.0,8.83138047715341,6.55154285869723,"0,660491209864879","0,612429932898961",105.97656572584091,78.61851430436676,8.302120307547272,6.158912205590815,09,Saint-Jean-d'Aigues-Vives,375
195,09264,1811.7857142857104,1732.82352941176,1933.81818181818,9.63237300325992,8.10907916123189,"0,747412637084959","0,5261364426342",115.58847603911904,97.30894993478267,6.379809440361402,5.370886256995703,09,Saint-Jean-de-Verges,1305
196,09265,1918.419354838712,1958.21621621622,1859.52,8.27641565342848,7.65452578433497,"0,775943184031041","0,607178798815941",99.31698784114177,91.85430941201965,5.177021780490307,4.788020365846556,09,Saint-Jean-du-Falga,2924
197,09267,1575.5882352941164,1803.6,1249.85714285714,7.7487671340012,6.80815090208763,"0,67184343158923","0,641464989872241",92.9852056080144,81.69781082505156,5.901618425746672,5.1852259997232695,09,Saint-Lary,149
198,09268,1459.3999999999994,1328.41176470588,1630.69230769231,7.99999498549017,6.80815090208763,"0,701637250926066","0,641464989872241",95.99993982588204,81.69781082505156,6.57804164902577,5.598041032277073,09,Saint-Lizier,1422
199,09269,1400.142857142857,1343.0,1743.0,8.09239651320027,8.10907916123189,"0,818083974152368","0,5261364426342",97.10875815840323,97.30894993478267,6.9356321508909575,6.949930104514628,09,Saint-Martin-de-Caralp,384
200,09270,1637.5,1942.25,1332.75,8.27641565342848,6.6279770632297,"0,775943184031041","0,621388463484879",99.31698784114177,79.5357247587564,6.065159562817817,4.857143496717948,09,Saint-Martin-d'Oydes,256
201,09272,1830.972972972973,1818.47619047619,1847.375,8.83138047715341,7.72465669534667,"0,660491209864879","0,687306582108781",105.97656572584091,92.69588034416005,5.787991810374214,5.062656943190627,09,Saint-Paul-de-Jarrat,1379
202,09273,1490.9999999999986,1396.85714285714,1556.9,9.63237300325992,8.10907916123189,"0,747412637084959","0,5261364426342",115.58847603911904,97.30894993478267,7.752412879887266,6.526421860146396,09,Saint-Pierre-de-Rivière,694
203,09274,1372.6666666666667,1501.0,1308.5,7.8405536623608,6.87920216220584,"0,684062129800163","0,562848485909005",94.0866439483296,82.55042594647009,6.854296547959903,6.013872701296994,09,Saint-Quentin-la-Tour,325
204,09275,1965.3333333333333,2122.0,1652.0,9.40122754722737,7.96191040048937,"0,782462981723862","0,769454316846372",112.81473056672844,95.54292480587245,5.740233916217526,4.861410692293374,09,Saint-Quirc,379
205,09276,1568.0,1737.0,1399.0,8.27641565342848,7.65452578433497,"0,775943184031041","0,607178798815941",99.31698784114177,91.85430941201965,6.333991571501387,5.858055447195129,09,Saint-Victor-Rouzaud,222
206,09277,1525.099999999997,1565.0,1503.61538461538,8.27641565342848,7.96191040048937,"0,775943184031041","0,769454316846372",99.31698784114177,95.54292480587245,6.512162339593597,6.26469902339995,09,Saint-Ybars,679
207,09280,1545.812499999999,1471.53846153846,1633.59090909091,7.7487671340012,6.80815090208763,"0,67184343158923","0,641464989872241",92.9852056080144,81.69781082505156,6.01529652580856,5.285104812197573,09,Saurat,710
208,09281,1578.799999999998,1416.33333333333,1822.5,8.83138047715341,6.53527258180149,"0,660491209864879","0,666622064703731",105.97656572584091,78.42327098161788,6.712475660364901,4.967270774108056,09,Sautel,129
209,09282,1733.869158878504,1744.76923076923,1717.0,9.70209449436135,7.83616213897775,"0,782462981723862","0,621388463484879",116.4251339323362,94.033945667733,6.714758915698227,5.423358803414887,09,Saverdun,4960
210,09283,1829.0666666666664,1808.2,1870.8,8.40769589863448,7.34687306232167,"0,736129153720724","0,687306582108781",100.89235078361376,88.16247674786004,5.516056501509718,4.820080008812876,09,Savignac-les-Ormeaux,413
211,09285,1519.5238095238103,1657.28,1316.94117647059,7.7487671340012,6.80815090208763,"0,67184343158923","0,641464989872241",92.9852056080144,81.69781082505156,6.119364831614859,5.376540355142845,09,Seix,753
212,09289,1776.043478260867,1774.0,1777.61538461538,7.99999498549017,7.24510605850142,"0,701637250926066","0,690209572235891",95.99993982588204,86.94127270201705,5.405269690800975,4.895222091474443,09,Lorp-Sentaraille,1415
213,09290,1665.0625000000018,1425.0,1973.71428571429,7.7487671340012,6.80815090208763,"0,67184343158923","0,641464989872241",92.9852056080144,81.69781082505156,5.584487405608757,4.906591243575029,09,Sentein,171
214,09291,1948.0666666666657,2050.33333333333,1794.66666666667,7.7487671340012,6.80815090208763,"0,67184343158923","0,641464989872241",92.9852056080144,81.69781082505156,4.773204490333037,4.19378926927817,09,Sentenac-d'Oust,107
215,09292,2098.800000000002,1582.66666666667,2873.0,8.54699875743156,6.6279770632297,"0,769838407411312","0,621388463484879",102.56398508917871,79.5357247587564,4.886791742385107,3.789580939525268,09,Sentenac-de-Sérou,47
216,09293,1624.8000000000006,1737.23076923077,1503.0,8.09239651320027,6.6279770632297,"0,818083974152368","0,621388463484879",97.10875815840323,79.5357247587564,5.976659167799312,4.895108613906719,09,Serres-sur-Arget,788
217,09294,1327.7499999999975,1395.33333333333,1125.0,9.40122754722737,7.96191040048937,"0,782462981723862","0,769454316846372",112.81473056672844,95.54292480587245,8.496684659516372,7.195851990651299,09,Sieuras,96
218,09295,1425.8181818181818,1397.0,1714.0,8.40769589863448,7.34687306232167,"0,736129153720724","0,687306582108781",100.89235078361376,88.16247674786004,7.076102133510274,6.183290259031245,09,Siguer,96
219,09296,1490.25,1389.0,1794.0,8.40769589863448,7.34687306232167,"0,736129153720724","0,687306582108781",100.89235078361376,88.16247674786004,6.770162776957809,5.915952138759271,09,Aulos-Sinsat,159
220,09298,1882.0,1895.25,1855.5,8.56738996126048,7.34687306232167,"0,738443972705019","0,687306582108781",102.80867953512576,88.16247674786004,5.462735363184152,4.684509922840597,09,Sorgeat,91
221,09299,1798.4210526315785,1586.90909090909,2089.25,7.7487671340012,6.80815090208763,"0,67184343158923","0,641464989872241",92.9852056080144,81.69781082505156,5.170380177208879,4.542752138355224,09,Soueix-Rogalle,431
222,09300,985.6666666666666,645.0,1667.0,8.54699875743156,6.53527258180149,"0,769838407411312","0,666622064703731",102.56398508917871,78.42327098161788,10.405544648885227,7.956368378250039,09,Soula,176
223,09301,1491.3181818181824,1564.23076923077,1386.0,7.7487671340012,6.80815090208763,"0,67184343158923","0,641464989872241",92.9852056080144,81.69781082505156,6.235101720187497,5.478228041546934,09,Soulan,392
224,09303,2147.0,2174.5,2133.25,8.40769589863448,7.68000584930767,"0,736129153720724","0,687306582108781",100.89235078361376,92.16007019169204,4.699224535799429,4.292504433707128,09,Surba,338
225,09305,1614.9999999999986,1536.2,1746.33333333333,7.8405536623608,6.53527258180149,"0,684062129800163","0,666622064703731",94.0866439483296,78.42327098161788,5.825798386893479,4.855930091741049,09,Tabre,348
226,09306,1366.1690140845062,1318.32432432432,1418.23529411765,8.20172572050834,7.68000584930767,"0,736129153720724","0,687306582108781",98.42070864610008,92.16007019169204,7.2041385532414175,6.745876186735953,09,Tarascon-sur-Ariège,3095
227,09307,1308.7500000000025,1552.66666666667,577.0,7.99999498549017,7.24510605850142,"0,701637250926066","0,690209572235891",95.99993982588204,86.94127270201705,7.3352389551772195,6.643077188310746,09,Taurignan-Castet,165
228,09308,1843.6666666666667,1774.0,1878.5,8.2410459700489,7.24510605850142,"0,772183877702808","0,690209572235891",98.8925516405868,86.94127270201705,5.363906254235407,4.715671996131823,09,Taurignan-Vieux,214
229,09309,963.1428571428572,915.2,1083.0,9.63237300325992,7.65452578433497,"0,747412637084959","0,607178798815941",115.58847603911904,91.85430941201965,12.001176687538315,9.53693512139035,09,Teilhet,167
230,09311,1160.5,1169.0,1152.0,8.40769589863448,6.08034104987485,"0,736129153720724","0,730219105533966",100.89235078361376,72.9640925984982,8.693869089497092,6.28729794041346,09,Tignac,20
231,09312,2025.0459770114933,2040.35294117647,2003.36111111111,9.63237300325992,8.35551727717338,"0,747412637084959","0,5261364426342",115.58847603911904,100.26620732608056,5.707943293697523,4.951305227847254,09,La Tour-du-Crieu,3341
232,09313,1218.5,947.5,1489.5,8.09239651320027,7.24510605850142,"0,818083974152368","0,690209572235891",97.10875815840323,86.94127270201705,7.9695328812805295,7.135106499960365,09,Tourtouse,169
233,09314,1586.400000000002,1487.16666666667,1735.25,7.8405536623608,7.65452578433497,"0,684062129800163","0,607178798815941",94.0866439483296,91.85430941201965,5.930827278639025,5.790110275593767,09,Tourtrol,261
234,09315,772.6666666666666,706.0,906.0,8.27641565342848,7.65452578433497,"0,775943184031041","0,607178798815941",99.31698784114177,91.85430941201965,12.853794802563645,11.887960665921437,09,Trémoulet,106
235,09319,1351.5,1088.0,1615.0,8.27641565342848,7.65452578433497,"0,775943184031041","0,607178798815941",99.31698784114177,91.85430941201965,7.348648748882112,6.796471284648141,09,Unzent,123
236,09321,1386.7692307692314,1397.09090909091,1330.0,8.54699875743156,6.53527258180149,"0,769838407411312","0,666622064703731",102.56398508917871,78.42327098161788,7.395894198798107,5.655106072559529,09,Ussat,312
237,09322,1931.0781250000025,1997.64473684211,1833.78846153846,7.7487671340012,6.80815090208763,"0,67184343158923","0,641464989872241",92.9852056080144,81.69781082505156,4.81519646482528,4.230683873810205,09,Ustou,269
238,09323,1424.0,1169.0,1934.0,9.63237300325992,7.65452578433497,"0,747412637084959","0,607178798815941",115.58847603911904,91.85430941201965,8.11716826117409,6.450443076686772,09,Vals,88
239,09324,1771.642857142854,1724.55813953488,1821.0243902439,9.53024080227647,8.11538589603978,"0,747412637084959","0,5261364426342",114.36288962731764,97.38463075247736,6.455188706134137,5.496854535881488,09,Varilhes,3557
240,09326,1687.8,1209.0,2406.0,8.40769589863448,6.53527258180149,"0,736129153720724","0,666622064703731",100.89235078361376,78.42327098161788,5.977743262448972,4.646478906364373,09,Vèbre,118
241,09327,1575.200000000002,1849.66666666667,1163.5,8.83138047715341,6.55154285869723,"0,660491209864879","0,612429932898961",105.97656572584091,78.61851430436676,6.727816513829405,4.991017921810986,09,Ventenac,239
242,09328,1501.8333333333333,1394.6,2038.0,8.40769589863448,7.34687306232167,"0,736129153720724","0,687306582108781",100.89235078361376,88.16247674786004,6.717945896145627,5.870323609889693,09,Verdun,217
243,09329,1817.35,1924.0,1710.7,9.63237300325992,8.10907916123189,"0,747412637084959","0,5261364426342",115.58847603911904,97.30894993478267,6.3602760084254015,5.354441903583937,09,Vernajoul,730
244,09331,1744.1999999999994,1800.0,1680.42857142857,8.32413306179766,7.65452578433497,"0,755852904860847","0,607178798815941",99.88959674157192,91.85430941201965,5.726957730854945,5.266271609449585,09,Le Vernet,709
245,09332,2041.6333333333328,2148.21212121212,1911.37037037037,9.63237300325992,8.10907916123189,"0,747412637084959","0,5261364426342",115.58847603911904,97.30894993478267,5.661568811202749,4.766230465874513,09,Verniolle,2433
246,09334,1282.1428571428592,1145.0,1440.38461538462,8.40769589863448,6.80815090208763,"0,736129153720724","0,641464989872241",100.89235078361376,81.69781082505156,7.869041286744236,6.371974103346631,09,Val-de-Sos,628
247,09336,1105.5925925925949,1087.88235294118,1135.7,8.83138047715341,7.72465669534667,"0,660491209864879","0,687306582108781",105.97656572584091,92.69588034416005,9.585498893161702,8.38427111082482,09,Villeneuve-d'Olmes,977
248,09339,1651.1538461538453,1698.11111111111,1545.5,8.32413306179766,7.65452578433497,"0,755852904860847","0,607178798815941",99.88959674157192,91.85430941201965,6.049684405499351,5.563037607063852,09,Villeneuve-du-Paréage,768
249,09340,1774.2857142857142,1781.5,1731.0,7.8405536623608,6.55154285869723,"0,684062129800163","0,612429932898961",94.0866439483296,78.61851430436676,5.302789916572522,4.430995170133392,09,Vira,162
250,09341,1541.799999999998,1413.5,1627.33333333333,7.8405536623608,6.55154285869723,"0,684062129800163","0,612429932898961",94.0866439483296,78.61851430436676,6.102389671055242,5.099138299673554,09,Viviès,156
251,09342,2130.9999999999973,2187.85714285714,1733.0,9.40122754722737,7.96191040048937,"0,782462981723862","0,769454316846372",112.81473056672844,95.54292480587245,5.293980786800965,4.483478404780505,09,Sainte-Suzanne,253
252,11001,1201.0869565217415,1373.6,1068.38461538462,8.19749733648761,7.74828942576352,"0,768396558756436","0,674383410076338",98.36996803785132,92.97947310916224,8.190078786861811,7.741277399133853,11,Aigues-Vives,547
253,11002,2176.6666666666665,2442.75,1644.5,7.59877952139355,7.3596847822591,"0,799711397082249","0,639806173222701",91.1853542567226,88.31621738710919,4.189219950538558,4.057406618090774,11,Airoux,194
254,11003,1613.25,1760.0,1466.5,8.70947861658915,7.47674163688587,"0,713864591123676","0,664311534436289",104.5137433990698,89.72089964263044,6.478459222009595,5.561500055331192,11,Ajac,201
255,11004,1764.4,2278.0,1422.0,7.8405536623608,6.84823135521709,"0,684062129800163","0,595611693018621",94.0866439483296,82.17877626260508,5.332500790542372,4.657604639685166,11,Alaigne,335
256,11005,1916.8749999999964,1825.44444444444,1971.73333333333,8.77964514163897,7.05571571285561,"0,732201634025348","0,632368501495332",105.35574169966765,84.66858855426733,5.496223890429362,4.417011466802348,11,Alairac,1422
257,11007,1925.88888888889,2261.16666666667,1255.33333333333,7.87906743832947,6.16294501135393,"0,77888501719521","0,631135439120523",94.54880925995364,73.95534013624716,4.909359506949646,3.840062662125564,11,Albières,115
258,11008,1496.4347826086962,1622.66666666667,1358.72727272727,7.87906743832947,6.84823135521709,"0,77888501719521","0,595611693018621",94.54880925995364,82.17877626260508,6.318271291123635,5.491637672264269,11,Alet-les-Bains,389
259,11009,1371.4255319148926,1421.68,1314.31818181818,8.77964514163897,6.91953791793977,"0,732201634025348","0,588198344396467",105.35574169966765,83.03445501527723,7.682206525101048,6.054609097100443,11,Alzonne,1614
260,11010,1304.3333333333333,1648.25,1029.2,7.87906743832947,6.84823135521709,"0,77888501719521","0,595611693018621",94.54880925995364,82.17877626260508,7.248822585736287,6.300442851720298,11,Antugnac,296
261,11011,2493.235294117645,1588.1,3786.28571428571,8.77964514163897,7.05571571285561,"0,732201634025348","0,632368501495332",105.35574169966765,84.66858855426733,4.225663817138966,3.3959325360918853,11,Aragon,490
262,11012,2043.768292682928,2004.97674418605,2086.53846153846,8.33746491866848,7.87474490763974,"0,784183561911099","0,685218035310943",100.04957902402175,94.49693889167688,4.895348429771513,4.623662047698536,11,Argeliers,2162
263,11013,1688.75,1645.0,1785.0,8.87351264989918,7.74828942576352,"0,690573573619861","0,674383410076338",106.48215179879016,92.97947310916224,6.305382786012741,5.5058163203056845,11,Argens-Minervois,380
264,11014,2406.3636363636365,2522.3,2309.75,9.6869510719512,9.13394941854226,"0,834889379072725","0,80813522689926",116.2434128634144,109.60739302250713,4.830666949367428,4.554897329987074,11,Armissan,1519
265,11015,1228.142857142857,1065.0,1293.4,7.87906743832947,6.16294501135393,"0,77888501719521","0,631135439120523",94.54880925995364,73.95534013624716,7.698518841685186,6.021721309221009,11,Arques,255
266,11016,835.0,888.5,808.25,8.62907453704618,6.89491976953835,"0,892967837972408","0,710841188917322",103.54889444455416,82.7390372344602,12.401065202940616,9.90886673466589,11,Arquettes-en-Val,82
267,11017,747.5,812.6,422.0,8.56738996126048,6.84806335901046,"0,738443972705019","0,658650533365657",102.80867953512576,82.17676030812552,13.753669503026854,10.99354652951512,11,Artigues,74
268,11018,1260.400000000002,1402.66666666667,1047.0,8.77964514163897,7.44814812684652,"0,732201634025348","0,611016362002003",105.35574169966765,89.37777752215824,8.358913178329695,7.091223224544439,11,Arzens,1229
269,11019,574.0,562.0,598.0,7.99671249603216,6.08034104987485,"0,792290458008145","0,730219105533966",95.96054995238592,72.9640925984982,16.7178658453634,12.711514389982264,11,Aunat,61
270,11020,2140.0,2053.0,2227.0,8.62907453704618,6.16294501135393,"0,892967837972408","0,631135439120523",103.54889444455416,73.95534013624716,4.83873338525954,3.455857015712484,11,Auriac,33
271,11021,1126.5999999999972,1118.54545454545,1132.92857142857,7.99671249603216,6.16294501135393,"0,792290458008145","0,631135439120523",95.96054995238592,73.95534013624716,8.517712582317252,6.564471874334044,11,Axat,489
272,11022,1411.749999999999,1557.5,1245.17857142857,8.65741268472495,6.74322315455659,"0,809535688387216","0,52530155015803",103.8889522166994,80.91867785467909,7.358877436989513,5.731799387616726,11,Azille,1148
273,11023,1600.42307692308,1405.38461538462,1795.46153846154,8.62907453704618,7.74828942576352,"0,892967837972408","0,674383410076338",103.54889444455416,92.97947310916224,6.470095060340782,5.8096808556348405,11,Badens,744
274,11024,2627.363636363636,2633.375,2623.92857142857,10.6802311693369,9.28657636228581,"0,747646335668385","0,723848038254499",128.1627740320428,111.43891634742972,4.877999080836204,4.241472889594572,11,Bages,760
275,11025,1282.7857142857142,837.5,1357.0,8.19749733648761,7.01898766498331,"0,768396558756436","0,627009249789922",98.36996803785132,84.22785197979972,7.668464572247444,6.566011068083948,11,Bagnoles,318
276,11027,1055.1875,954.875,1155.5,8.62907453704618,7.66727221680581,"0,892967837972408","0,589561498604095",103.54889444455416,92.00726660166973,9.813317011863214,8.719518246915333,11,Barbaira,809
277,11028,1532.8235294117646,1503.0,1566.375,8.83138047715341,7.72465669534667,"0,660491209864879","0,687306582108781",105.97656572584091,92.69588034416005,6.91381386652581,6.047394143260116,11,Belcaire,376
278,11032,1484.3571428571413,1670.81818181818,800.666666666667,7.8405536623608,6.84823135521709,"0,684062129800163","0,595611693018621",94.0866439483296,82.17877626260508,6.338544898111813,5.536321003207124,11,Bellegarde-du-Razès,253
279,11033,1580.3421052631568,1639.42857142857,1507.35294117647,8.27641565342848,6.87920216220584,"0,775943184031041","0,562848485909005",99.31698784114177,82.55042594647009,6.284524566571843,5.223579481401204,11,Belpech,1368
280,11034,1543.2800000000018,1470.7,1591.66666666667,7.8405536623608,6.84823135521709,"0,684062129800163","0,595611693018621",94.0866439483296,82.17877626260508,6.096537501187697,5.32494273641886,11,Belvèze-du-Razès,853
281,11035,1401.0666666666648,1322.72727272727,1616.5,7.99671249603216,6.08034104987485,"0,792290458008145","0,730219105533966",95.96054995238592,72.9640925984982,6.849106629643085,5.207753088016152,11,Belvianes-et-Cavirac,263
282,11036,1073.6666666666667,1042.6,1112.5,7.99671249603216,6.08034104987485,"0,792290458008145","0,730219105533966",95.96054995238592,72.9640925984982,8.937648241451653,6.795786333296944,11,Belvis,168
283,11037,1217.870967741936,1149.125,1453.57142857143,8.19749733648761,7.74828942576352,"0,768396558756436","0,674383410076338",98.36996803785132,92.97947310916224,8.077207737387798,7.634591477417037,11,Berriac,964
284,11038,1290.0000000000025,1092.66666666667,1882.0,8.56738996126048,6.08034104987485,"0,738443972705019","0,730219105533966",102.80867953512576,72.9640925984982,7.96966508024229,5.656131209185896,11,Bessède-de-Sault,57
285,11040,1601.446808510637,1695.59259259259,1474.35,9.2649647562281,8.47714659324904,"0,801535776904668","0,68289851966542",111.1795770747372,101.72575911898848,6.942445823607179,6.352116010246669,11,Bizanet,1775
286,11041,2003.4545454545464,1982.71875,2032.30434782609,8.65741268472495,7.87474490763974,"0,809535688387216","0,685218035310943",103.8889522166994,94.49693889167688,5.185490853905495,4.716699917453695,11,Bize-Minervois,1309
287,11042,1397.888888888889,1187.2,1661.25,8.62907453704618,7.74828942576352,"0,892967837972408","0,674383410076338",103.54889444455416,92.97947310916224,7.407519672529905,6.651420856708213,11,Blomac,257
288,11043,717.3333333333334,640.0,756.0,8.19749733648761,7.05571571285561,"0,768396558756436","0,632368501495332",98.36996803785132,84.66858855426733,13.713285507135408,11.80324189882909,11,Bouilhonnac,233
289,11045,1097.4,1032.0,1359.0,7.8405536623608,6.84823135521709,"0,684062129800163","0,595611693018621",94.0866439483296,82.17877626260508,8.573596131613778,7.488497928066801,11,Bouriège,152
290,11047,1000.7142857142844,1261.33333333333,805.25,7.99671249603216,6.08034104987485,"0,792290458008145","0,730219105533966",95.96054995238592,72.9640925984982,9.589205562693824,7.29120125895058,11,Le Bousquet,45
291,11048,1502.6153846153843,1633.8,1420.625,9.2476543522098,7.81419082025569,"0,812467900566708","0,64378163635002",110.9718522265176,93.77028984306828,7.385246641469893,6.240471833520465,11,Boutenac,756
292,11049,1472.8888888888864,1509.51020408163,1429.12195121951,8.58615862916811,8.34082986305578,"0,732201634025348","0,611016362002003",103.03390355001731,100.08995835666934,6.9953615868297945,6.795486007921134,11,Bram,3317
293,11051,1943.8333333333296,2131.33333333333,1756.33333333333,7.8074763243266,7.44814812684652,"0,783109517181521","0,611016362002003",93.6897158919192,89.37777752215824,4.819843053687012,4.598016506327279,11,Brézilhac,177
294,11052,1838.166666666668,1685.57142857143,2051.8,7.8074763243266,6.7340155079712,"0,783109517181521","0,677778746458817",93.6897158919192,80.80818609565439,5.096910829191358,4.396129445769572,11,Brousses-et-Villaret,359
295,11053,1867.7500000000025,1769.8,1937.71428571429,7.8074763243266,7.47674163688587,"0,783109517181521","0,664311534436289",93.6897158919192,89.72089964263044,5.01618074645531,4.803688911397688,11,Brugairolles,305
296,11054,1459.999999999998,1914.33333333333,778.5,8.79015177096465,7.3596847822591,"0,685253939522606","0,639806173222701",105.4818212515758,88.31621738710919,7.224782277505202,6.049055985418447,11,Les Brunels,269
297,11055,1901.16666666667,1920.66666666667,1881.66666666667,7.87906743832947,6.91113046478908,"0,77888501719521","0,731687831289342",94.54880925995364,82.93356557746895,4.973199400015086,4.362245932013789,11,Bugarach,246
298,11056,1391.3076923076924,1288.6,1455.5,8.67140566535805,6.77784317760355,"0,802962935205227","0,6943743794092",104.0568679842966,81.3341181312426,7.479069407839086,5.845875688097273,11,Cabrespine,179
299,11058,1910.70588235294,1748.22222222222,2093.5,8.77964514163897,7.44814812684652,"0,732201634025348","0,611016362002003",105.35574169966765,89.37777752215824,5.513969610536146,4.677736031884401,11,Cailhau,261
300,11059,1780.2,1567.5,2631.0,8.77964514163897,7.44814812684652,"0,732201634025348","0,611016362002003",105.35574169966765,89.37777752215824,5.918196927292867,5.020659337274365,11,Cailhavel,152
301,11060,1046.5,1083.0,1010.0,8.56738996126048,6.08034104987485,"0,738443972705019","0,730219105533966",102.80867953512576,72.9640925984982,9.824049645019182,6.972201872766192,11,Cailla,52
302,11061,1328.9375,1221.125,1436.75,8.77964514163897,6.84823135521709,"0,732201634025348","0,595611693018621",105.35574169966765,82.17877626260508,7.927817651294183,6.183795420221424,11,Cambieure,325
303,11063,1256.823529411764,1250.8,1265.42857142857,7.87906743832947,6.16294501135393,"0,77888501719521","0,631135439120523",94.54880925995364,73.95534013624716,7.522838890850944,5.884305823814483,11,Campagne-sur-Aude,621
304,11064,1236.6666666666692,988.0,1274.92307692308,8.62907453704618,7.81419082025569,"0,892967837972408","0,64378163635002",103.54889444455416,93.77028984306828,8.373225965866895,7.582503221811435,11,Camplong-d'Aude,389
305,11065,1254.0,1307.0,1121.5,8.62907453704618,6.91113046478908,"0,892967837972408","0,731687831289342",103.54889444455416,82.93356557746895,8.257487595259501,6.6135219758747175,11,Camps-sur-l'Agly,61
306,11066,1733.6842105263147,1479.81818181818,2082.75,8.83138047715341,6.08034104987485,"0,660491209864879","0,730219105533966",105.97656572584091,72.9640925984982,6.112795230087975,4.208614934339607,11,Camurac,109
307,11067,2010.8266666666675,1970.67391304348,2074.51724137931,8.65741268472495,8.09220707224395,"0,809535688387216","0,67481295580364",103.8889522166994,97.1064848669274,5.166479733875588,4.82918226999148,11,Canet,1882
308,11068,1277.0638297872324,1257.17857142857,1306.36842105263,8.62907453704618,7.98783761032387,"0,892967837972408","0,589561498604095",103.54889444455416,95.85405132388644,8.10835700058987,7.505815221456579,11,Capendu,1501
309,11069,1531.2338090010976,1511.35714285714,1552.98390804598,8.86969262521176,8.17444505140099,"0,768396558756436","0,710841188917322",106.43631150254112,98.09334061681189,6.951016290057949,6.406163450688384,11,Carcassonne,47551
310,11070,1774.0,2062.5,1600.9,7.8074763243266,6.7340155079712,"0,783109517181521","0,677778746458817",93.6897158919192,80.80818609565439,5.281269216004464,4.555140140679503,11,Carlipa,344
311,11071,1569.399999999998,1528.28571428571,1605.375,8.56840325048792,7.44443130348877,"0,788577399146268","0,657141326853164",102.82083900585503,89.33317564186524,6.551601822725576,5.692186545295358,11,Cascastel-des-Corbières,217
312,11072,1195.333333333335,1209.66666666667,1181.0,7.8074763243266,6.84823135521709,"0,783109517181521","0,595611693018621",93.6897158919192,82.17877626260508,7.837957269262609,6.874967339314414,11,La Cassaigne,194
313,11074,2026.3333333333333,1911.0,2603.0,7.59877952139355,7.3596847822591,"0,799711397082249","0,639806173222701",91.1853542567226,88.31621738710919,4.500017482647933,4.358424940966073,11,Les Cassés,327
314,11075,1689.875,1952.0,1427.75,8.0638896085154,7.03283965927177,"0,718917377583641","0,569730000208046",96.7666753021848,84.39407591126124,5.726262315389292,4.994101688661069,11,Castans,129
315,11076,1553.0790273556238,1466.17575757576,1640.51219512195,8.77979920761631,7.77524575275758,"0,768824514372287","0,677482011810453",105.35759049139573,93.30294903309095,6.783788116100222,6.007611163995614,11,Castelnaudary,12734
316,11077,1405.0666666666664,1548.70588235294,1217.23076923077,8.87351264989918,7.74828942576352,"0,690573573619861","0,674383410076338",106.48215179879016,92.97947310916224,7.578441245880873,6.6174420982986994,11,Castelnau-d'Aude,506
317,11078,1501.3333333333333,1363.25,1777.5,7.8405536623608,6.84823135521709,"0,684062129800163","0,595611693018621",94.0866439483296,82.17877626260508,6.266872376664939,5.473719555679734,11,Castelreng,209
318,11079,1328.099999999998,1353.85714285714,1268.0,8.19749733648761,7.01898766498331,"0,768396558756436","0,627009249789922",98.36996803785132,84.22785197979972,7.406819368861641,6.341981174595275,11,Caudebronde,223
319,11081,1525.914893617017,1610.84615384615,1420.7619047619,8.67140566535805,6.74322315455659,"0,802962935205227","0,52530155015803",104.0568679842966,80.91867785467909,6.819310068967279,5.302961403232003,11,Caunes-Minervois,1600
320,11084,1711.520000000002,1620.57142857143,1827.27272727273,8.77964514163897,7.05571571285561,"0,732201634025348","0,632368501495332",105.35574169966765,84.66858855426733,6.155682767345255,4.946982130168928,11,Caux-et-Sauzens,1028
321,11085,2020.571428571425,2014.80952380952,2037.85714285714,7.87906743832947,6.89491976953835,"0,77888501719521","0,710841188917322",94.54880925995364,82.7390372344602,4.679310413035044,4.094833573538054,11,Cavanac,1055
322,11086,2246.5217391304327,2158.53333333333,2411.5,10.3468492434825,8.75358303981912,"0,679523067303802","0,631640317881751",124.16219092179,105.04299647782943,5.526863540160969,4.6758059202440085,11,Caves,890
323,11087,1851.6666666666667,1360.5,2834.0,8.92872686854594,7.17977431670024,"0,768824514372287","0,677482011810453",107.14472242255128,86.15729180040289,5.786393650182787,4.652959053127069,11,Cazalrenoux,105
324,11088,1670.7435897435914,1814.09090909091,1485.23529411765,7.87906743832947,6.89491976953835,"0,77888501719521","0,710841188917322",94.54880925995364,82.7390372344602,5.659085561684783,4.95222832171142,11,Cazilhac,1690
325,11089,1194.6,1177.0,1229.8,7.8074763243266,6.7340155079712,"0,783109517181521","0,677778746458817",93.6897158919192,80.80818609565439,7.842768783853942,6.764455557982119,11,Cenne-Monestiés,421
326,11090,1940.4999999999975,1986.28571428571,1833.66666666667,7.87906743832947,7.47674163688587,"0,77888501719521","0,664311534436289",94.54880925995364,89.72089964263044,4.872394190154792,4.623596992663259,11,Cépie,613
327,11091,1205.400000000004,1099.46428571429,1379.88235294118,7.8405536623608,6.55154285869723,"0,684062129800163","0,612429932898961",94.0866439483296,78.61851430436676,7.805429230822075,6.522192990241123,11,Chalabre,1127
328,11092,541.75,566.0,469.0,8.0638896085154,6.77784317760355,"0,718917377583641","0,6943743794092",96.7666753021848,81.3341181312426,17.86186899901888,15.013219775033244,11,Citou,101
329,11093,808.5,745.0,872.0,8.56738996126048,6.84806335901046,"0,738443972705019","0,658650533365657",102.80867953512576,82.17676030812552,12.715977679050802,10.1641014604979,11,Le Clat,29
330,11094,1610.0,1973.0,1489.0,8.62907453704618,6.89491976953835,"0,892967837972408","0,710841188917322",103.54889444455416,82.7390372344602,6.431608350593426,5.139070635680757,11,Clermont-sur-Lauquet,30
331,11095,1114.88888888889,1011.66666666667,1321.33333333333,8.62907453704618,7.66727221680581,"0,892967837972408","0,589561498604095",103.54889444455416,92.00726660166973,9.28782190553106,8.252595170570327,11,Comigne,334
332,11096,1020.4285714285714,1152.0,921.75,8.56738996126048,6.08034104987485,"0,738443972705019","0,730219105533966",102.80867953512576,72.9640925984982,10.075049093460454,7.150338067891465,11,Comus,33
333,11098,1683.886363636367,1650.19230769231,1732.55555555556,8.87351264989918,7.81419082025569,"0,690573573619861","0,64378163635002",106.48215179879016,93.77028984306828,6.32359487541909,5.568682772664691,11,Conilhac-Corbières,968
334,11099,1602.5285714285726,1536.16666666667,1652.3,8.19749733648761,6.92745523124853,"0,768396558756436","0,627009249789922",98.36996803785132,83.12946277498236,6.138422103149119,5.18739348908311,11,Conques-sur-Orbiel,2595
335,11101,1408.25,1081.0,2390.0,7.99671249603216,6.08034104987485,"0,792290458008145","0,730219105533966",95.96054995238592,72.9640925984982,6.8141700658537845,5.181188893910755,11,Coudons,55
336,11102,1132.545454545453,1049.33333333333,1232.4,7.87906743832947,6.89491976953835,"0,77888501719521","0,710841188917322",94.54880925995364,82.7390372344602,8.348345656281037,7.305582032260905,11,Couffoulens,551
337,11103,1092.911764705884,1191.25,1039.27272727273,7.87906743832947,6.16294501135393,"0,77888501719521","0,631135439120523",94.54880925995364,73.95534013624716,8.651092641993644,6.766817095810973,11,Couiza,1149
338,11104,815.5,866.0,765.0,8.56738996126048,6.08034104987485,"0,738443972705019","0,730219105533966",102.80867953512576,72.9640925984982,12.60682765605466,8.947160343163482,11,Counozouls,57
339,11105,1355.3571428571456,1054.55555555556,1896.8,7.87906743832947,6.84823135521709,"0,77888501719521","0,595611693018621",94.54880925995364,82.17877626260508,6.97593322603082,6.063256219638834,11,Cournanel,685
340,11106,1830.5211267605669,1823.69811320755,1837.28037383178,9.26953593611383,7.7740892248092,"0,834889379072725","0,528721195336146",111.23443123336595,93.2890706977104,6.076653779473996,5.096312155806801,11,Coursan,5856
341,11110,1557.125,1541.25,1573.0,9.2476543522098,7.44443130348877,"0,812467900566708","0,657141326853164",110.9718522265176,89.33317564186524,7.126714440171316,5.737058723086793,11,Coustouge,117
342,11111,2388.2499999999977,2395.85714285714,2370.5,9.2649647562281,8.47714659324904,"0,801535776904668","0,68289851966542",111.1795770747372,101.72575911898848,4.655273822871864,4.2594267400393,11,Cruscades,949
343,11112,1278.400000000002,1066.5,1419.66666666667,8.62907453704618,6.91113046478908,"0,892967837972408","0,731687831289342",103.54889444455416,82.93356557746895,8.099882231269868,6.48729392814994,11,Cubières-sur-Cinoble,82
344,11113,1856.0,2123.0,1678.0,7.87906743832947,6.91113046478908,"0,77888501719521","0,731687831289342",94.54880925995364,82.93356557746895,5.09422463685095,4.4684033177515605,11,Cucugnan,122
345,11115,1504.6666666666652,1275.25,1766.85714285714,8.67140566535805,6.77784317760355,"0,802962935205227","0,6943743794092",104.0568679842966,81.3341181312426,6.9156093033427135,5.405457562997963,11,Cuxac-Cabardès,967
346,11116,1801.4269662921329,1725.9375,1863.05102040816,8.5902295830113,8.45954803823475,"0,784183561911099","0,621262926811125",103.0827549961356,101.514576458817,5.722283330104149,5.6352313115287656,11,Cuxac-d'Aude,4127
347,11117,1255.2222222222222,992.6,1583.5,7.87906743832947,7.81419082025569,"0,77888501719521","0,64378163635002",94.54880925995364,93.77028984306828,7.532435897491217,7.470413460101041,11,Davejean,149
348,11119,1375.5454545454536,1398.125,1315.33333333333,7.8405536623608,6.84823135521709,"0,684062129800163","0,595611693018621",94.0866439483296,82.17877626260508,6.839951645176303,5.97426831596495,11,La Digne-d'Amont,294
349,11120,1907.8750000000011,2346.6,1176.66666666667,8.70947861658915,6.84823135521709,"0,713864591123676","0,595611693018621",104.5137433990698,82.17877626260508,5.478018392141504,4.3073459352738,11,La Digne-d'Aval,537
350,11121,918.2,730.0,1200.5,7.8405536623608,7.47674163688587,"0,684062129800163","0,664311534436289",94.0866439483296,89.72089964263044,10.246857323930472,9.771389636531303,11,Donazac,111
351,11122,1457.6538461538485,1493.91666666667,1426.57142857143,8.62907453704618,7.66727221680581,"0,892967837972408","0,589561498604095",103.54889444455416,92.00726660166973,7.103805524046555,6.312010690634078,11,Douzens,794
352,11123,1381.8333333333333,1441.2,1085.0,8.87351264989918,6.91113046478908,"0,690573573619861","0,731687831289342",106.48215179879016,82.93356557746895,7.705860701878435,6.001705384933226,11,Duilhac-sous-Peyrepertuse,151
353,11124,1828.3999999999976,1432.5,2092.33333333333,8.56840325048792,7.44443130348877,"0,788577399146268","0,657141326853164",102.82083900585503,89.33317564186524,5.623541840180222,4.8858660928607165,11,Durban-Corbières,655
354,11125,1545.4545454545455,1199.5,1960.6,9.01019983379988,8.75358303981912,"0,755886178908366","0,631640317881751",108.12239800559855,105.04299647782943,6.996155165068142,6.796899772094846,11,Embres-et-Castelmaure,158
355,11126,1776.599999999998,1824.33333333333,1633.4,8.87351264989918,7.74828942576352,"0,690573573619861","0,674383410076338",106.48215179879016,92.97947310916224,5.9935917932449785,5.2335625976113,11,Escales,507
356,11127,1598.1428571428587,1099.66666666667,1972.0,7.99671249603216,6.55154285869723,"0,792290458008145","0,612429932898961",95.96054995238592,78.61851430436676,6.004503885462597,4.919367123720092,11,Escouloubre,73
357,11128,2097.333333333333,2082.75,2214.0,7.8405536623608,6.84823135521709,"0,684062129800163","0,595611693018621",94.0866439483296,82.17877626260508,4.486012902812917,3.918250616462416,11,Escueillens-et-Saint-Just-de-Bélengard,156
358,11129,1131.8414634146327,1145.02127659574,1114.14285714286,7.47385849866714,6.16294501135393,"0,77888501719521","0,631135439120523",89.68630198400568,73.95534013624716,7.923927942472848,6.534072352600743,11,Espéraza,1725
359,11130,1293.625000000001,1209.77777777778,1401.42857142857,7.8405536623608,6.55154285869723,"0,684062129800163","0,612429932898961",94.0866439483296,78.61851430436676,7.273100314877151,6.077380562710732,11,Espezel,237
360,11131,1178.399999999998,1413.58333333333,825.625,7.99671249603216,6.16294501135393,"0,792290458008145","0,631135439120523",95.96054995238592,73.95534013624716,8.143291747486938,6.275911416857373,11,Val-du-Faby,594
361,11132,1631.196428571427,1552.625,1735.95833333333,8.87351264989918,7.81419082025569,"0,690573573619861","0,64378163635002",106.48215179879016,93.77028984306828,6.527855869084102,5.748559045411265,11,Fabrezan,1274
362,11136,1623.0000000000025,1698.66666666667,1441.4,7.8074763243266,6.84823135521709,"0,783109517181521","0,595611693018621",93.6897158919192,82.17877626260508,5.772625748115777,5.063387323635549,11,Fanjeaux,980
363,11137,1778.6666666666667,2086.0,1164.0,7.87906743832947,7.81419082025569,"0,77888501719521","0,64378163635002",94.54880925995364,93.77028984306828,5.315712664540121,5.271942832256462,11,Félines-Termenès,137
364,11138,1610.7619047619044,1413.90909090909,1827.3,7.59877952139355,7.46023490259326,"0,799711397082249","0,588198344396467",91.1853542567226,89.52281883111912,5.661007625469092,5.557793399909839,11,Fendeille,627
365,11139,1309.0,1175.0,1376.0,8.32413306179766,6.84823135521709,"0,755852904860847","0,595611693018621",99.88959674157192,82.17877626260508,7.630985236178144,6.277981379878157,11,Fenouillet-du-Razès,77
366,11140,1588.05357142857,1552.65714285714,1647.04761904762,9.2476543522098,7.81419082025569,"0,812467900566708","0,64378163635002",110.9718522265176,93.77028984306828,6.987916164987452,5.904730893852344,11,Ferrals-les-Corbières,1290
367,11141,1559.0,1875.75,925.5,8.32413306179766,7.44814812684652,"0,755852904860847","0,611016362002003",99.88959674157192,89.37777752215824,6.407286513250283,5.73301972560348,11,Ferran,134
368,11142,1095.7777777777812,1057.71428571429,1229.0,8.70947861658915,6.84823135521709,"0,713864591123676","0,595611693018621",104.5137433990698,82.17877626260508,9.537859365155397,7.499584124553269,11,Festes-et-Saint-André,192
369,11144,2235.293577981654,2030.36666666667,2486.22448979592,10.3468492434825,8.75358303981912,"0,679523067303802","0,631640317881751",124.16219092179,105.04299647782943,5.554625671760824,4.699293082239222,11,Fitou,1163
370,11145,3454.7997399219767,3320.71167048055,3631.29518072289,9.7154638224694,8.88669741425298,"0,709350780395321","0,80813522689926",116.5855658696328,106.64036897103576,3.3745969273537626,3.0867308382234664,11,Fleury,4113
371,11146,1417.1666666666667,1147.2,1610.0,8.62907453704618,7.66727221680581,"0,892967837972408","0,589561498604095",103.54889444455416,92.00726660166973,7.306754870837644,6.492339169822631,11,Floure,436
372,11148,1454.6666666666667,1370.0,1624.0,8.87351264989918,7.81419082025569,"0,690573573619861","0,64378163635002",106.48215179879016,93.77028984306828,7.3200379330057395,6.446170245857123,11,Fontcouverte,581
373,11150,1344.9333333333334,1324.0,1363.25,8.67140566535805,6.77784317760355,"0,802962935205227","0,6943743794092",104.0568679842966,81.3341181312426,7.736953602480661,6.047446078956275,11,Fontiers-Cabardès,516
374,11151,1529.0714285714307,1487.66666666667,1603.6,8.19749733648761,7.66727221680581,"0,768396558756436","0,589561498604095",98.36996803785132,92.00726660166973,6.433314114681724,6.017198731365322,11,Fontiès-d'Aude,567
375,11152,1683.642857142857,2050.5,1408.5,9.2476543522098,7.44443130348877,"0,812467900566708","0,657141326853164",110.9718522265176,89.33317564186524,6.591175305125987,5.305945691680936,11,Fontjoncouse,141
376,11153,1863.555555555556,2170.5,1618.0,8.77964514163897,6.84823135521709,"0,732201634025348","0,595611693018621",105.35574169966765,82.17877626260508,5.65348005781665,4.40978408277752,11,La Force,266
377,11156,2343.833333333333,2989.75,1052.0,7.8074763243266,6.7340155079712,"0,783109517181521","0,677778746458817",93.6897158919192,80.80818609565439,3.99728575233958,3.4476933554286164,11,Fraisse-Cabardès,105
378,11157,1433.2500000000025,2120.0,1335.14285714286,8.56840325048792,8.75358303981912,"0,788577399146268","0,631640317881751",102.82083900585503,105.04299647782943,7.173963998315358,7.329007254688942,11,Fraissé-des-Corbières,224
379,11158,1628.2500000000025,1297.0,1738.66666666667,7.87906743832947,7.44814812684652,"0,77888501719521","0,611016362002003",94.54880925995364,89.37777752215824,5.806774712725533,5.489192539361776,11,Gaja-et-Villedieu,313
380,11159,2171.333333333333,2638.0,1238.0,8.32413306179766,7.46023490259326,"0,755852904860847","0,588198344396467",99.88959674157192,89.52281883111912,4.600380568386793,4.122942224337693,11,Gaja-la-Selve,138
381,11160,1143.3333333333333,601.0,1414.5,8.56738996126048,6.08034104987485,"0,738443972705019","0,730219105533966",102.80867953512576,72.9640925984982,8.992012787328783,6.381699061093138,11,Galinagues,32
382,11161,1316.6250000000025,1171.16666666667,1753.0,8.70947861658915,7.66727221680581,"0,713864591123676","0,589561498604095",104.5137433990698,92.00726660166973,7.938003865874458,6.988114808823283,11,Gardie,134
383,11162,1899.5,3204.0,595.0,8.92872686854594,7.46023490259326,"0,768824514372287","0,588198344396467",107.14472242255128,89.52281883111912,5.640680306530733,4.71296756152246,11,Generville,53
384,11163,1034.4999999999998,949.333333333333,1290.0,8.14919391702509,6.84806335901046,"0,799676288361958","0,658650533365657",97.79032700430108,82.17676030812552,9.452907395292518,7.943621102767089,11,Gincla,48
385,11164,2012.7241379310356,1933.5,2188.77777777778,8.65741268472495,7.87474490763974,"0,809535688387216","0,685218035310943",103.8889522166994,94.49693889167688,5.161609097781838,4.694977175998609,11,Ginestas,1601
386,11165,1306.5,1235.0,1378.0,8.56738996126048,6.08034104987485,"0,738443972705019","0,730219105533966",102.80867953512576,72.9640925984982,7.869014889791484,5.584699012514213,11,Ginoles,306
387,11168,1227.599999999998,1086.33333333333,1439.5,7.99671249603216,6.16294501135393,"0,792290458008145","0,631135439120523",95.96054995238592,73.95534013624716,7.816923261028516,6.024384175321544,11,Granès,119
388,11169,1531.9999999999975,1386.33333333333,1969.0,8.62907453704618,6.89491976953835,"0,892967837972408","0,710841188917322",103.54889444455416,82.7390372344602,6.759066217007463,5.400720446113598,11,Greffeil,98
389,11170,4022.0857843137255,3873.39310344828,4191.8530183727,11.7670502503179,9.28657636228581,"0,747646335668385","0,723848038254499",141.2046030038148,111.43891634742972,3.510730764483385,2.7706747773020006,11,Gruissan,5149
390,11172,1882.563636363638,1949.77419354839,1795.75,8.65741268472495,6.74322315455659,"0,809535688387216","0,52530155015803",103.8889522166994,80.91867785467909,5.518482892688367,4.298323641849457,11,Homps,621
391,11173,2204.333333333333,3071.0,1771.0,7.8405536623608,6.84823135521709,"0,684062129800163","0,595611693018621",94.0866439483296,82.17877626260508,4.268258458263856,3.728055780853096,11,Hounoux,136
392,11175,1734.2857142857158,1677.66666666667,1776.75,7.8074763243266,6.7340155079712,"0,783109517181521","0,677778746458817",93.6897158919192,80.80818609565439,5.402207670868482,4.659450598596213,11,Issel,493
393,11176,1637.75,2180.0,1457.0,8.87351264989918,7.44443130348877,"0,690573573619861","0,657141326853164",106.48215179879016,89.33317564186524,6.501734196232036,5.454628340214638,11,Jonquières,46
394,11177,777.25,834.0,720.5,8.56738996126048,6.08034104987485,"0,738443972705019","0,730219105533966",102.80867953512576,72.9640925984982,13.227234420730234,9.38746768716606,11,Joucou,30
395,11178,1891.6333333333332,1831.8125,1960.0,7.59877952139355,7.17977431670024,"0,799711397082249","0,677482011810453",91.1853542567226,86.15729180040289,4.8204560920926856,4.554650749814246,11,Labastide-d'Anjou,1276
396,11180,1221.0,1189.75,1346.0,8.67140566535805,7.01898766498331,"0,802962935205227","0,627009249789922",104.0568679842966,84.22785197979972,8.522266010179901,6.898267975413573,11,Labastide-Esparbairenque,63
397,11181,1767.000000000001,1692.23076923077,1888.5,7.8074763243266,6.7340155079712,"0,783109517181521","0,677778746458817",93.6897158919192,80.80818609565439,5.302191052174258,4.5731854043947004,11,Labécède-Lauragais,427
398,11182,1411.6666666666667,1353.6,1527.8,8.67140566535805,6.77784317760355,"0,802962935205227","0,6943743794092",104.0568679842966,81.3341181312426,7.371206704908848,5.761566809769252,11,Lacombe,190
399,11183,1201.857142857143,1239.2,1108.5,8.62907453704618,7.66727221680581,"0,892967837972408","0,589561498604095",103.54889444455416,92.00726660166973,8.61574065270271,7.655424535976323,11,Ladern-sur-Lauquet,264
400,11184,1872.25,2111.0,1633.5,8.92872686854594,7.17977431670024,"0,768824514372287","0,677482011810453",107.14472242255128,86.15729180040289,5.722778604489319,4.601804876507031,11,Lafage,99
401,11185,2171.566666666666,2274.0625,2054.42857142857,8.62907453704618,7.66727221680581,"0,892967837972408","0,589561498604095",103.54889444455416,92.00726660166973,4.768395833018597,4.236907298954813,11,Lagrasse,560
402,11186,1511.1999999999998,2330.0,965.333333333333,8.62907453704618,6.89491976953835,"0,892967837972408","0,710841188917322",103.54889444455416,82.7390372344602,6.852097303107078,5.475055401962692,11,Lairière,52
403,11187,1333.888888888889,863.5,1710.2,8.62907453704618,7.66727221680581,"0,892967837972408","0,589561498604095",103.54889444455416,92.00726660166973,7.76293252812151,6.897670965556247,11,Lanet,60
404,11188,2406.263888888888,2364.86956521739,2479.5,10.3468492434825,7.44443130348877,"0,679523067303802","0,657141326853164",124.16219092179,89.33317564186524,5.159957371887541,3.712526130420199,11,La Palme,1909
405,11189,1322.3636363636354,1406.75,1097.33333333333,8.67140566535805,6.77784317760355,"0,802962935205227","0,6943743794092",104.0568679842966,81.3341181312426,7.869005553604175,6.150662033848957,11,Laprade,118
406,11190,1500.0727272727254,1539.63333333333,1452.6,8.65741268472495,7.74828942576352,"0,809535688387216","0,674383410076338",103.8889522166994,92.97947310916224,6.92559436138669,6.19833101547068,11,La Redorte,1291
407,11191,649.3333333333334,593.0,762.0,7.87906743832947,6.16294501135393,"0,77888501719521","0,631135439120523",94.54880925995364,73.95534013624716,14.56090491683064,11.389426099011368,11,Laroque-de-Fa,143
408,11192,1676.92857142857,1386.85714285714,1967.0,7.8074763243266,7.46023490259326,"0,783109517181521","0,588198344396467",93.6897158919192,89.52281883111912,5.586983100425394,5.338499227480806,11,Lasbordes,843
409,11193,1361.875,1336.5,1387.25,7.8074763243266,6.84823135521709,"0,783109517181521","0,595611693018621",93.6897158919192,82.17877626260508,6.879465141214809,6.034237816437271,11,Lasserre-de-Prouille,295
410,11194,1064.428571428571,954.5,1211.0,8.67140566535805,6.77784317760355,"0,802962935205227","0,6943743794092",104.0568679842966,81.3341181312426,9.775843187358424,7.641106253102916,11,Lastours,151
411,11195,1935.9166666666667,1908.0,1975.0,8.92872686854594,7.46023490259326,"0,768824514372287","0,588198344396467",107.14472242255128,89.52281883111912,5.534573066465565,4.624311592154576,11,Laurabuc,431
412,11196,1354.9374999999982,1507.33333333333,1159.0,7.8074763243266,6.84823135521709,"0,783109517181521","0,595611693018621",93.6897158919192,82.17877626260508,6.914689119750491,6.065134093831279,11,Laurac,188
413,11197,1453.900000000002,1321.16666666667,1653.0,8.70947861658915,7.44814812684652,"0,713864591123676","0,611016362002003",104.5137433990698,89.37777752215824,7.188509759891991,6.147450135646064,11,Lauraguel,634
414,11198,1686.428571428572,1626.17647058824,1743.33333333333,8.19749733648761,7.01898766498331,"0,768396558756436","0,627009249789922",98.36996803785132,84.22785197979972,5.8330349535362895,4.994451197446827,11,Laure-Minervois,1046
415,11199,1820.9487179487164,1680.48,2071.78571428571,8.77964514163897,7.05571571285561,"0,732201634025348","0,632368501495332",105.35574169966765,84.66858855426733,5.7857610519833855,4.64969648621658,11,Lavalette,1613
416,11200,1460.142857142857,886.111111111111,2493.4,8.0638896085154,6.74322315455659,"0,718917377583641","0,52530155015803",96.7666753021848,80.91867785467909,6.627206018151782,5.541832941813459,11,Lespinassière,138
417,11201,1462.8260869565224,1281.23076923077,1698.9,7.87906743832947,7.66727221680581,"0,77888501719521","0,589561498604095",94.54880925995364,92.00726660166973,6.46343472426492,6.289692768133163,11,Leuc,840
418,11202,3484.4927404718687,3275.86611570248,3738.45472837022,10.6671750735548,9.52101442066569,"0,679523067303802","0,631640317881751",128.0061008826576,114.25217304798828,3.673593559139488,3.278875335883647,11,Leucate,4584
419,11203,1699.83550913838,1672.07423580786,1741.11688311688,9.42349603862048,9.33481106112263,"0,690573573619861","0,67481295580364",113.08195246344576,112.01773273347158,6.652523250368221,6.589916031948974,11,Lézignan-Corbières,11075
420,11205,1343.6666666666667,1257.0,1387.0,8.67140566535805,6.77784317760355,"0,802962935205227","0,6943743794092",104.0568679842966,81.3341181312426,7.744247183152809,6.053146970819345,11,Limousis,126
421,11206,1683.5569620253164,1716.52486187845,1639.35555555556,8.72167166315699,7.59983649461898,"0,713864591123676","0,664311534436289",104.66005995788387,91.19803793542776,6.216603436570272,5.416985584242821,11,Limoux,10736
422,11207,1712.25,1493.5,1821.625,8.70947861658915,7.47674163688587,"0,713864591123676","0,664311534436289",104.5137433990698,89.72089964263044,6.103883393141761,5.239941576442135,11,Loupia,259
423,11210,1661.098039215684,1393.58620689655,2013.72727272727,9.2476543522098,8.47714659324904,"0,812467900566708","0,68289851966542",110.9718522265176,101.72575911898848,6.680632305057375,6.124006935016315,11,Luc-sur-Orbieu,1174
424,11211,1300.076923076924,1243.33333333333,1348.71428571429,7.87906743832947,6.84823135521709,"0,77888501719521","0,595611693018621",94.54880925995364,82.17877626260508,7.272554998990571,6.321070300064288,11,Magrie,549
425,11212,1456.1666666666667,1115.8,1881.625,8.65741268472495,7.87474490763974,"0,809535688387216","0,685218035310943",103.8889522166994,94.49693889167688,7.1344135664438175,6.489431536569317,11,Mailhac,595
426,11214,1799.6666666666667,1692.8,1876.0,8.70947861658915,7.47674163688587,"0,713864591123676","0,664311534436289",104.5137433990698,89.72089964263044,5.807394521155943,4.985417650081336,11,Malras,443
427,11215,2059.269230769234,2087.52941176471,2005.88888888889,8.19749733648761,7.05571571285561,"0,768396558756436","0,632368501495332",98.36996803785132,84.66858855426733,4.776935748275397,4.111584210998949,11,Malves-en-Minervois,892
428,11216,1869.521739130436,1899.41666666667,1836.90909090909,7.87906743832947,7.44814812684652,"0,77888501719521","0,611016362002003",94.54880925995364,89.37777752215824,5.057379504125519,4.780783001952693,11,Malviès,365
429,11217,1987.642857142855,2031.82608695652,1934.15789473684,9.2649647562281,8.6923478876525,"0,801535776904668","0,621262926811125",111.1795770747372,104.30817465183,5.593538933576463,5.247832842655052,11,Marcorignan,1342
430,11220,1274.6666666666667,1191.875,1440.25,8.19749733648761,7.66727221680581,"0,768396558756436","0,589561498604095",98.36996803785132,92.00726660166973,7.717309207990428,7.218143300340198,11,Marseillette,718
431,11221,1236.9,1242.4,1231.4,8.67140566535805,6.77784317760355,"0,802962935205227","0,6943743794092",104.0568679842966,81.3341181312426,8.412714688681104,6.575642180551588,11,Les Martys,309
432,11222,1175.5,1140.33333333333,1210.66666666667,8.0638896085154,6.77784317760355,"0,718917377583641","0,6943743794092",96.7666753021848,81.3341181312426,8.231958766668209,6.919108305507665,11,Mas-Cabardès,178
433,11225,1761.7499999999975,1866.0,1687.28571428571,7.59877952139355,7.46023490259326,"0,799711397082249","0,588198344396467",91.1853542567226,89.52281883111912,5.175839605887483,5.081471198020108,11,Mas-Saintes-Puelles,955
434,11226,1686.2500000000025,1331.0,1804.66666666667,8.92872686854594,7.17977431670024,"0,768824514372287","0,677482011810453",107.14472242255128,86.15729180040289,6.3540235684240844,5.109402034123218,11,Mayreville,87
435,11228,979.0,878.0,1181.0,8.77964514163897,6.84823135521709,"0,732201634025348","0,595611693018621",105.35574169966765,82.17877626260508,10.761567078617736,8.394154878713492,11,Mazerolles-du-Razès,158
436,11229,1277.2857142857142,2027.0,715.0,8.56738996126048,6.08034104987485,"0,738443972705019","0,730219105533966",102.80867953512576,72.9640925984982,8.048996272742201,5.712433152773598,11,Mazuby,24
437,11233,2173.3750000000023,1845.3,2407.71428571429,8.33746491866848,8.6923478876525,"0,784183561911099","0,621262926811125",100.04957902402175,104.30817465183,4.60341998155043,4.79936387654362,11,Mirepeisset,756
438,11234,2615.0,3225.0,1395.0,8.92872686854594,7.46023490259326,"0,768824514372287","0,588198344396467",107.14472242255128,89.52281883111912,4.097312520938863,3.423434754536105,11,Mireval-Lauragais,198
439,11235,1004.25,1338.0,670.5,8.70947861658915,6.89491976953835,"0,713864591123676","0,710841188917322",104.5137433990698,82.7390372344602,10.407143978000477,8.238888447543957,11,Missègre,66
440,11236,2037.571428571427,2361.0,1606.33333333333,8.32413306179766,7.96191040048937,"0,755852904860847","0,769454316846372",99.88959674157192,95.54292480587245,4.902385032538764,4.6890589191692325,11,Molandier,253
441,11238,1871.4999999999984,2410.33333333333,1548.2,7.59877952139355,7.46023490259326,"0,799711397082249","0,588198344396467",91.1853542567226,89.52281883111912,4.872313879600463,4.7834794993918885,11,Molleville,139
442,11240,1468.7692307692307,1472.14285714286,1464.83333333333,8.70947861658915,6.84823135521709,"0,713864591123676","0,595611693018621",104.5137433990698,82.17877626260508,7.115736169413991,5.595077466292375,11,Montazels,551
443,11241,1758.0526315789443,1838.08333333333,1620.85714285714,8.62907453704618,7.81419082025569,"0,892967837972408","0,64378163635002",103.54889444455416,93.77028984306828,5.889976931552652,5.33375896481843,11,Montbrun-des-Corbières,341
444,11242,1917.799999999998,1908.33333333333,1932.0,8.77964514163897,7.47674163688587,"0,732201634025348","0,664311534436289",105.35574169966765,89.72089964263044,5.493572932509529,4.678324102754748,11,Montclar,183
445,11243,2235.411764705882,1933.0,2667.42857142857,9.33413678949576,7.61490041024441,"0,76554972409204","0,751377182874596",112.00964147394912,91.37880492293291,5.0106939241543484,4.08778402107747,11,Montferrand,658
446,11244,1014.1,980.0,1065.25,7.99671249603216,6.08034104987485,"0,792290458008145","0,730219105533966",95.96054995238592,72.9640925984982,9.462631885650914,7.194960319347027,11,Montfort-sur-Boulzane,89
447,11245,1272.5,1920.0,625.0,8.87351264989918,6.91113046478908,"0,690573573619861","0,731687831289342",106.48215179879016,82.93356557746895,8.367949060808657,6.517372540469074,11,Montgaillard,37
448,11249,1017.2499999999976,1056.0,1004.33333333333,8.70947861658915,6.87920216220584,"0,713864591123676","0,562848485909005",104.5137433990698,82.55042594647009,10.274145332914234,8.115057846789902,11,Montjardin,81
449,11251,1133.6086956521704,1022.63636363636,1235.33333333333,8.62907453704618,7.66727221680581,"0,892967837972408","0,589561498604095",103.54889444455416,92.00726660166973,9.13444778976241,8.116316234566066,11,Val-de-Dagne,747
450,11252,1633.9999999999984,1532.875,1768.83333333333,9.33413678949576,7.61490041024441,"0,76554972409204","0,751377182874596",112.00964147394912,91.37880492293291,6.854935218723943,5.59233812257852,11,Montmaur,351
451,11253,1579.055555555556,1436.0,1670.09090909091,7.8074763243266,6.7340155079712,"0,783109517181521","0,677778746458817",93.6897158919192,80.80818609565439,5.933275467243236,5.117501142461312,11,Montolieu,853
452,11254,1741.6101694915264,1761.40625,1718.14814814815,7.8074763243266,8.1455544524014,"0,783109517181521","0,611016362002003",93.6897158919192,97.7466534288168,5.379488334020952,5.612430102963542,11,Montréal,2330
453,11255,2278.61111111111,2329.33333333333,2177.16666666667,9.2649647562281,8.47714659324904,"0,801535776904668","0,68289851966542",111.1795770747372,101.72575911898848,4.879269504681874,4.464375628774336,11,Montredon-des-Corbières,1497
454,11256,1828.1,1604.90909090909,2100.88888888889,9.2649647562281,7.81419082025569,"0,801535776904668","0,64378163635002",111.1795770747372,93.77028984306828,6.081701059829178,5.129385145400596,11,Montséret,631
455,11257,1441.8333333333333,1616.0,571.0,8.19749733648761,7.66727221680581,"0,768396558756436","0,589561498604095",98.36996803785132,92.00726660166973,6.822561648677701,6.381269212923574,11,Monze,247
456,11258,2310.80281690141,2337.09756097561,2274.86666666667,9.2649647562281,8.6923478876525,"0,801535776904668","0,621262926811125",111.1795770747372,104.30817465183,4.811296587556507,4.51393662362323,11,Moussan,2126
457,11259,1962.7619047619055,2014.5,1893.77777777778,8.77964514163897,7.05571571285561,"0,732201634025348","0,632368501495332",105.35574169966765,84.66858855426733,5.367729088488086,4.31374729399683,11,Moussoulens,1019
458,11260,698.75,806.0,591.5,7.87906743832947,6.16294501135393,"0,77888501719521","0,631135439120523",94.54880925995364,73.95534013624716,13.531135493374402,10.58394849892625,11,Mouthoumet,116
459,11261,1684.999999999998,1714.72727272727,1576.0,8.87351264989918,7.81419082025569,"0,690573573619861","0,64378163635002",106.48215179879016,93.77028984306828,6.319415537020196,5.565002364573791,11,Moux,722
460,11262,2510.15228837586,2481.28922631959,2546.90883977901,9.98637208235426,9.6393226554427,"0,801535776904668","0,723848038254499",119.83646498825112,115.6718718653124,4.774071499294919,4.608161520755994,11,Narbonne,57765
461,11263,1986.5000000000025,2026.36363636364,1898.8,7.8405536623608,6.08034104987485,"0,684062129800163","0,730219105533966",94.0866439483296,72.9640925984982,4.736302237519732,3.67299736211921,11,Nébias,265
462,11264,1984.853658536585,1915.21739130435,2073.83333333333,9.2649647562281,8.47714659324904,"0,801535776904668","0,68289851966542",111.1795770747372,101.72575911898848,5.601399206262335,5.125101222524888,11,Névian,1312
463,11265,992.25,843.5,1141.0,8.56738996126048,6.08034104987485,"0,738443972705019","0,730219105533966",102.80867953512576,72.9640925984982,10.361166997745098,7.353398095086742,11,Niort-de-Sault,37
464,11266,2653.4135667396063,2584.975,2729.10599078341,10.5569830372456,9.52927078030935,"0,747646335668385","0,723848038254499",126.68379644694718,114.3512493637122,4.774370570608428,4.309590136912648,11,Port-la-Nouvelle,5952
465,11267,1935.6249999999968,1833.30769230769,2056.54545454545,9.2649647562281,8.47714659324904,"0,801535776904668","0,68289851966542",111.1795770747372,101.72575911898848,5.743859325785593,5.255447678087887,11,Ornaisons,1123
466,11268,1277.0,1099.5,1454.5,8.32413306179766,7.17977431670024,"0,755852904860847","0,677482011810453",99.88959674157192,86.15729180040289,7.822208045542045,6.746851354769216,11,Orsans,97
467,11269,1639.258426966292,1561.0,1760.0,9.01291384564091,8.28820142190931,"0,709350780395321","0,621262926811125",108.15496614769091,99.45841706291172,6.5977983927676895,6.06728112095024,11,Ouveillan,2685
468,11270,1146.333333333337,1273.71428571429,700.5,7.87906743832947,7.81419082025569,"0,77888501719521","0,64378163635002",94.54880925995364,93.77028984306828,8.247933346317536,8.180019468717767,11,Padern,143
469,11271,1175.0,1236.0,1114.0,8.87351264989918,7.81419082025569,"0,690573573619861","0,64378163635002",106.48215179879016,93.77028984306828,9.062310791386397,7.980450199410066,11,Palairac,31
470,11272,2110.549999999998,1995.05882352941,2261.57692307692,8.62907453704618,6.89491976953835,"0,892967837972408","0,710841188917322",103.54889444455416,82.7390372344602,4.906251661631056,3.920259516924985,11,Palaja,2769
471,11273,1958.689655172413,1900.95238095238,2110.25,9.2649647562281,8.09220707224395,"0,801535776904668","0,67481295580364",111.1795770747372,97.1064848669274,5.676222201977712,4.957726948242835,11,Paraza,710
472,11274,1525.599999999997,1427.28571428571,1755.0,8.70947861658915,7.44814812684652,"0,713864591123676","0,611016362002003",104.5137433990698,89.37777752215824,6.850664879330755,5.858532873764973,11,Pauligne,371
473,11275,1107.0,1038.0,1314.0,7.59877952139355,7.46023490259326,"0,799711397082249","0,588198344396467",91.1853542567226,89.52281883111912,8.237159372784337,8.086975504166137,11,Payra-sur-l'Hers,208
474,11276,1014.5925925925944,1031.26666666667,993.75,9.01019983379988,6.91113046478908,"0,755886178908366","0,731687831289342",108.12239800559855,82.93356557746895,10.65673047437817,8.174075602656268,11,Paziols,545
475,11278,1384.5,1353.33333333333,1415.66666666667,8.32413306179766,7.17977431670024,"0,755852904860847","0,677482011810453",99.88959674157192,86.15729180040289,7.2148498910488925,6.2229896569449545,11,Pech-Luna,78
476,11279,1818.277777777782,1834.89285714286,1807.70454545455,8.77964514163897,7.05571571285561,"0,732201634025348","0,632368501495332",105.35574169966765,84.66858855426733,5.794259985315815,4.656526609358088,11,Pennautier,2929
477,11280,1575.399999999997,1496.63636363636,1650.73913043478,7.40609897076382,6.74322315455659,"0,711297554326664","0,52530155015803",88.87318764916583,80.91867785467909,5.641309359474801,5.136389352207647,11,Pépieux,1138
478,11281,1495.447368421055,1529.23529411765,1468.09523809524,7.8074763243266,7.46023490259326,"0,783109517181521","0,588198344396467",93.6897158919192,89.52281883111912,6.26499587149229,5.986357040812504,11,Pexiora,1296
479,11282,981.6,941.666666666667,1041.5,8.70947861658915,6.87920216220584,"0,713864591123676","0,562848485909005",104.5137433990698,82.55042594647009,10.64728437235837,8.409782594383666,11,Peyrefitte-du-Razès,55
480,11285,3003.659574468087,2544.36363636364,3407.84,10.6802311693369,9.28657636228581,"0,747646335668385","0,723848038254499",128.1627740320428,111.43891634742972,4.266887470253313,3.710104743383386,11,Peyriac-de-Mer,1212
481,11286,1381.363636363638,1354.39285714286,1428.5625,7.40609897076382,6.74322315455659,"0,711297554326664","0,52530155015803",88.87318764916583,80.91867785467909,6.433728622183764,5.857883885498315,11,Peyriac-Minervois,1159
482,11288,1849.6727272727264,2016.33333333333,1599.68181818182,8.77964514163897,7.05571571285561,"0,732201634025348","0,632368501495332",105.35574169966765,84.66858855426733,5.695912587466799,4.577490239535943,11,Pezens,1723
483,11289,1612.8717948717965,1734.41176470588,1518.95454545455,8.70947861658915,6.89491976953835,"0,713864591123676","0,710841188917322",104.5137433990698,82.7390372344602,6.479978367243837,5.129920276213705,11,Pieusse,994
484,11290,1502.0,1921.5,663.0,8.32413306179766,7.65452578433497,"0,755852904860847","0,607178798815941",99.88959674157192,91.85430941201965,6.650439197175228,6.115466671905435,11,Plaigne,123
485,11292,2267.5,2752.0,1783.0,7.8074763243266,6.7340155079712,"0,783109517181521","0,677778746458817",93.6897158919192,80.80818609565439,4.131850755983206,3.5637568289152983,11,La Pomarède,185
486,11293,1825.105263157897,1877.36363636364,1753.25,7.87906743832947,6.89491976953835,"0,77888501719521","0,710841188917322",94.54880925995364,82.7390372344602,5.180457871035894,4.533384397308711,11,Pomas,1001
487,11295,1758.702127659577,1797.92592592593,1705.75,10.6802311693369,7.44443130348877,"0,747646335668385","0,657141326853164",128.1627740320428,89.33317564186524,7.28734968909133,5.079494374681111,11,Portel-des-Corbières,1308
488,11296,2162.1764705882365,1963.18181818182,2527.0,8.65741268472495,7.87474490763974,"0,809535688387216","0,685218035310943",103.8889522166994,94.49693889167688,4.804832243338382,4.370454501614675,11,Pouzols-Minervois,602
489,11297,1324.5714285714257,1161.44444444444,1618.2,8.0638896085154,6.77784317760355,"0,718917377583641","0,6943743794092",96.7666753021848,81.3341181312426,7.305508273460904,6.140410126388044,11,Pradelles-Cabardès,161
490,11299,1447.9565217391284,1599.07692307692,1251.5,7.87906743832947,7.05571571285561,"0,77888501719521","0,632368501495332",94.54880925995364,84.66858855426733,6.529809966005875,5.847453793196263,11,Preixan,650
491,11300,1309.0,780.0,1573.5,8.92872686854594,7.3596847822591,"0,768824514372287","0,639806173222701",107.14472242255128,88.31621738710919,8.185234715244558,6.746846248060289,11,Puginier,157
492,11301,1333.068181818186,1191.75862068966,1606.26666666667,8.62907453704618,7.74828942576352,"0,892967837972408","0,674383410076338",103.54889444455416,92.97947310916224,7.767711798756062,6.974847526729393,11,Puichéric,1210
493,11302,1509.4090909090935,1280.21428571429,1910.5,7.87906743832947,6.16294501135393,"0,77888501719521","0,631135439120523",94.54880925995364,73.95534013624716,6.263961826479285,4.899622016434591,11,Puilaurens,276
494,11303,1433.914285714283,1415.83333333333,1453.05882352941,7.8405536623608,6.08034104987485,"0,684062129800163","0,730219105533966",94.0866439483296,72.9640925984982,6.561524972984122,5.088455657734954,11,Puivert,478
495,11304,1295.3229813664605,1348.71590909091,1230.95890410959,7.92015802721664,6.08034104987485,"0,792290458008145","0,730219105533966",95.04189632659968,72.9640925984982,7.337312600316735,5.6328879860934,11,Quillan,3082
496,11307,2206.249999999998,2164.8,2275.33333333333,8.65741268472495,8.47714659324904,"0,809535688387216","0,68289851966542",103.8889522166994,101.72575911898848,4.708847692541619,4.610799280180784,11,Raissac-d'Aude,237
497,11308,1616.8125,1526.0,1816.6,8.77964514163897,7.46023490259326,"0,732201634025348","0,588198344396467",105.35574169966765,89.52281883111912,6.516262194884542,5.536994477165356,11,Raissac-sur-Lampy,474
498,11310,1168.6923076923076,1187.4375,1138.7,7.87906743832947,6.16294501135393,"0,77888501719521","0,631135439120523",94.54880925995364,73.95534013624716,8.090137039290445,6.32804200468119,11,Rennes-les-Bains,226
499,11311,1545.133333333336,1669.0,1462.55555555556,8.62907453704618,7.81419082025569,"0,892967837972408","0,64378163635002",103.54889444455416,93.77028984306828,6.701615466489665,6.06875069096959,11,Ribaute,267
500,11312,1174.0,1435.0,652.0,8.92872686854594,7.17977431670024,"0,768824514372287","0,677482011810453",107.14472242255128,86.15729180040289,9.126466986588694,7.338781243645902,11,Ribouisse,102
501,11313,2487.124999999998,2586.33333333333,2427.6,8.92872686854594,7.17977431670024,"0,768824514372287","0,677482011810453",107.14472242255128,86.15729180040289,4.307974967987187,3.464131951566686,11,Ricaud,334
502,11314,1642.9999999999984,1695.25,1573.33333333333,8.62907453704618,6.89491976953835,"0,892967837972408","0,710841188917322",103.54889444455416,82.7390372344602,6.3024281463514455,5.035851322852117,11,Rieux-en-Val,93
503,11315,1378.1951219512173,1282.95744680851,1506.08571428571,8.62907453704618,6.81176234457173,"0,892967837972408","0,52530155015803",103.54889444455416,81.74114813486077,7.513369681497057,5.9310286934649366,11,Rieux-Minervois,1989
504,11316,1013.125,1189.0,720.0,7.8405536623608,6.55154285869723,"0,684062129800163","0,612429932898961",94.0866439483296,78.61851430436676,9.286775466830806,7.760001411905416,11,Rivel,219
505,11317,1333.0,1775.0,891.0,7.99671249603216,6.55154285869723,"0,792290458008145","0,612429932898961",95.96054995238592,78.61851430436676,7.198840956668111,5.897863038587153,11,Rodome,102
506,11318,1866.6666666666667,1579.5,2441.0,8.62907453704618,7.74828942576352,"0,892967837972408","0,674383410076338",103.54889444455416,92.97947310916224,5.547262202386829,4.981043202276549,11,Roquecourbe-Minervois,140
507,11320,1019.5714285714286,1165.1,655.75,7.8405536623608,6.08034104987485,"0,684062129800163","0,730219105533966",94.0866439483296,72.9640925984982,9.228058114590263,7.156349281063296,11,Roquefeuil,294
508,11321,1203.0,1044.0,1309.0,7.99671249603216,6.08034104987485,"0,792290458008145","0,730219105533966",95.96054995238592,72.9640925984982,7.9767705696081395,6.065178104613317,11,Roquefort-de-Sault,82
509,11322,2329.117647058824,2122.4375,2677.21052631579,9.2476543522098,7.44443130348877,"0,812467900566708","0,657141326853164",110.9718522265176,89.33317564186524,4.764544735069577,3.835494345022626,11,Roquefort-des-Corbières,1040
510,11323,1376.375,1483.0,1312.4,7.87906743832947,6.84823135521709,"0,77888501719521","0,595611693018621",94.54880925995364,82.17877626260508,6.869407629458078,5.970667606037968,11,Roquetaillade-et-Conilhac,272
511,11324,1234.1333333333318,1266.66666666667,1212.44444444444,8.65741268472495,7.74828942576352,"0,809535688387216","0,674383410076338",103.8889522166994,92.97947310916224,8.417968254378202,7.533989286070848,11,Roubia,523
512,11325,1484.1250000000025,1400.0,1512.16666666667,8.77964514163897,7.47674163688587,"0,732201634025348","0,664311534436289",105.35574169966765,89.72089964263044,7.098845562177543,6.045373512516149,11,Rouffiac-d'Aude,499
513,11327,1973.7222222222235,2015.25,1890.66666666667,8.77964514163897,7.05571571285561,"0,732201634025348","0,632368501495332",105.35574169966765,84.66858855426733,5.337921441703538,4.289792535189605,11,Roullens,593
514,11328,1275.900000000002,1369.66666666667,1135.25,7.8405536623608,7.47674163688587,"0,684062129800163","0,664311534436289",94.0866439483296,89.72089964263044,7.374139348564109,7.0319695620840434,11,Routier,237
515,11330,1794.6363636363656,2006.4,1618.16666666667,8.62907453704618,7.01898766498331,"0,892967837972408","0,627009249789922",103.54889444455416,84.22785197979972,5.769909522770348,4.693310226319822,11,Rustiques,526
516,11331,1855.0,3085.0,625.0,8.92872686854594,7.17977431670024,"0,768824514372287","0,677482011810453",107.14472242255128,86.15729180040289,5.775995817927292,4.644597940722528,11,Saint-Amans,64
517,11332,2057.596491228069,2044.625,2088.11764705882,9.2649647562281,7.44443130348877,"0,801535776904668","0,657141326853164",111.1795770747372,89.33317564186524,5.403371241578083,4.341627526228286,11,Saint-André-de-Roquelongue,1416
518,11335,804.3999999999999,806.333333333333,801.5,8.56738996126048,6.84806335901046,"0,738443972705019","0,658650533365657",102.80867953512576,82.17676030812552,12.780790593625778,10.215907547007152,11,Sainte-Colombe-sur-Guette,40
519,11336,1127.2,1414.125,799.285714285714,7.8405536623608,6.55154285869723,"0,684062129800163","0,612429932898961",94.0866439483296,78.61851430436676,8.346934346019305,6.974673022033956,11,Sainte-Colombe-sur-l'Hers,449
520,11337,1382.0434782608677,1466.33333333333,1224.0,8.62907453704618,7.81419082025569,"0,892967837972408","0,64378163635002",103.54889444455416,93.77028984306828,7.492448397850533,6.784901583636624,11,Saint-Couat-d'Aude,370
521,11339,1272.2666666666653,981.333333333333,1466.22222222222,7.8074763243266,6.7340155079712,"0,783109517181521","0,677778746458817",93.6897158919192,80.80818609565439,7.363999886705037,6.3515132646972186,11,Saint-Denis,519
522,11340,1686.8749999999986,1658.4,1734.33333333333,8.77964514163897,7.05571571285561,"0,732201634025348","0,632368501495332",105.35574169966765,84.66858855426733,6.245616403092566,5.019256824261869,11,Sainte-Eulalie,575
523,11341,1361.2499999999975,1239.83333333333,1725.5,7.87906743832947,6.16294501135393,"0,77888501719521","0,631135439120523",94.54880925995364,73.95534013624716,6.945734380896515,5.432899183562703,11,Saint-Ferriol,115
524,11342,1221.9,1235.4,1208.4,8.19749733648761,7.74828942576352,"0,768396558756436","0,674383410076338",98.36996803785132,92.97947310916224,8.050574354517662,7.609417555377874,11,Saint-Frichoux,229
525,11344,1236.6842105263174,1378.875,1133.27272727273,7.87906743832947,7.66727221680581,"0,77888501719521","0,589561498604095",94.54880925995364,92.00726660166973,7.64534781435552,7.43983515100533,11,Saint-Hilaire,726
526,11345,2074.4615384615367,1815.22222222222,2657.75,8.56840325048792,7.44443130348877,"0,788577399146268","0,657141326853164",102.82083900585503,89.33317564186524,4.956507368273942,4.306330774785854,11,Saint-Jean-de-Barrou,269
527,11347,1324.0,2030.0,971.0,7.99671249603216,6.16294501135393,"0,792290458008145","0,631135439120523",95.96054995238592,73.95534013624716,7.247775676162078,5.58575076557758,11,Saint-Julia-de-Bec,101
528,11350,1035.5,461.0,1610.0,7.87906743832947,6.91113046478908,"0,77888501719521","0,731687831289342",94.54880925995364,82.93356557746895,9.13073966778886,8.009035787297824,11,Saint-Just-et-le-Bézu,53
529,11351,1398.7399999999989,1438.47222222222,1296.57142857143,8.87351264989918,7.81419082025569,"0,690573573619861","0,64378163635002",106.48215179879016,93.77028984306828,7.612719433117681,6.703911366163,11,Saint-Laurent-de-la-Cabrerisse,772
530,11353,2033.2875000000008,2116.21568627451,1887.44827586207,8.33746491866848,8.47714659324904,"0,784183561911099","0,68289851966542",100.04957902402175,101.72575911898848,4.920582014300571,5.003018959148101,11,Saint-Marcel-sur-Aude,2064
531,11354,1180.3333333333333,1078.0,1385.0,8.62907453704618,7.66727221680581,"0,892967837972408","0,589561498604095",103.54889444455416,92.00726660166973,8.772851830942177,7.795023999011838,11,Saint-Martin-des-Puits,31
532,11355,1428.538461538462,1584.42857142857,1246.66666666667,7.87906743832947,7.47674163688587,"0,77888501719521","0,664311534436289",94.54880925995364,89.72089964263044,6.618569384413315,6.280607912089792,11,Saint-Martin-de-Villereglan,398
533,11356,1930.5172413793127,2125.17647058824,1654.75,8.92872686854594,7.46023490259326,"0,768824514372287","0,588198344396467",107.14472242255128,89.52281883111912,5.550052603829566,4.637245237300082,11,Saint-Martin-Lalande,1133
534,11357,1788.1666666666667,1928.6,1086.0,8.77964514163897,7.46023490259326,"0,732201634025348","0,588198344396467",105.35574169966765,89.52281883111912,5.891830088526477,5.00640239525319,11,Saint-Martin-le-Vieil,221
535,11358,903.3333333333334,960.0,875.0,7.99671249603216,6.08034104987485,"0,792290458008145","0,730219105533966",95.96054995238592,72.9640925984982,10.622939109120212,8.077205822711978,11,Saint-Martin-Lys,24
536,11359,2631.5454545454527,3179.6,2174.83333333333,7.59877952139355,7.96191040048937,"0,799711397082249","0,769454316846372",91.1853542567226,95.54292480587245,3.465087562869898,3.630677351243989,11,Saint-Michel-de-Lanès,493
537,11360,2160.084507042252,2080.5641025641,2257.0,9.2649647562281,8.47714659324904,"0,801535776904668","0,68289851966542",111.1795770747372,101.72575911898848,5.147001272972071,4.709341638595379,11,Saint-Nazaire-d'Aude,2140
538,11361,1575.764705882351,1767.33333333333,1360.25,7.8074763243266,6.7340155079712,"0,783109517181521","0,677778746458817",93.6897158919192,80.80818609565439,5.945666605056846,5.128188605443206,11,Saint-Papoul,847
539,11362,1512.2857142857142,1575.6,1354.0,7.59877952139355,7.3596847822591,"0,799711397082249","0,639806173222701",91.1853542567226,88.31621738710919,6.029638010552223,5.839916131775594,11,Saint-Paulet,207
540,11363,1743.583333333334,1722.09090909091,1980.0,8.62907453704618,7.81419082025569,"0,892967837972408","0,64378163635002",103.54889444455416,93.77028984306828,5.938855485994597,5.378021689608655,11,Saint-Pierre-des-Champs,206
541,11364,944.5,434.0,1455.0,8.70947861658915,7.47674163688587,"0,713864591123676","0,664311534436289",104.5137433990698,89.72089964263044,11.065510153421894,9.499301179738532,11,Saint-Polycarpe,161
542,11366,1739.9000000000017,1567.38461538462,2060.28571428571,8.65741268472495,8.47714659324904,"0,809535688387216","0,68289851966542",103.8889522166994,101.72575911898848,5.970972597086,5.846644009367688,11,Sainte-Valière,534
543,11367,1308.95833333333,1444.33333333333,1227.73333333333,7.8074763243266,6.7340155079712,"0,783109517181521","0,677778746458817",93.6897158919192,80.80818609565439,7.157578167773567,6.173472755994621,11,Saissac,930
544,11368,1576.0,1789.0,1522.75,8.67140566535805,6.77784317760355,"0,802962935205227","0,6943743794092",104.0568679842966,81.3341181312426,6.602593146211713,5.160794297667678,11,Sallèles-Cabardès,119
545,11369,2209.721153846155,2121.35211267606,2399.84848484848,8.33746491866848,9.04688097445121,"0,784183561911099","0,621262926811125",100.04957902402175,108.56257169341453,4.527701554102396,4.912953451364427,11,Sallèles-d'Aude,3148
546,11370,2297.22307692308,2185.40298507463,2416.14285714286,9.77965046268343,8.90873748469218,"0,834889379072725","0,80813522689926",117.35580555220116,106.90484981630615,5.108594229751014,4.653655576170487,11,Salles-d'Aude,3358
547,11371,1589.750000000002,1514.66666666667,1702.375,7.59877952139355,7.96191040048937,"0,799711397082249","0,769454316846372",91.1853542567226,95.54292480587245,5.735829800705928,6.009933939668018,11,Salles-sur-l'Hers,758
548,11372,889.8235294117649,895.5,884.777777777778,8.67140566535805,6.77784317760355,"0,802962935205227","0,6943743794092",104.0568679842966,81.3341181312426,11.69410164429855,9.140477346672334,11,Salsigne,397
549,11373,628.2,633.0,625.0,7.99671249603216,6.84806335901046,"0,792290458008145","0,658650533365657",95.96054995238592,82.17676030812552,15.275477547339367,13.081305365827047,11,Salvezines,71
550,11375,788.5,500.0,1077.0,8.32413306179766,6.87920216220584,"0,755852904860847","0,562848485909005",99.88959674157192,82.55042594647009,12.668306498614069,10.469299422507302,11,Seignalens,30
551,11376,1469.199999999998,1307.33333333333,1712.0,8.70947861658915,6.84823135521709,"0,713864591123676","0,595611693018621",104.5137433990698,82.17877626260508,7.113649836582489,5.593436990376068,11,La Serpent,98
552,11377,1714.3333333333333,1982.5,1178.0,7.87906743832947,6.89491976953835,"0,77888501719521","0,710841188917322",94.54880925995364,82.7390372344602,5.515194006997101,4.826309774516441,11,Serres,88
553,11378,882.8181818181816,779.833333333333,1006.4,8.62907453704618,7.66727221680581,"0,892967837972408","0,589561498604095",103.54889444455416,92.00726660166973,11.729356800433488,10.421994981138576,11,Serviès-en-Val,211
554,11379,2125.6238532110106,2173.46956521739,2072.20388349515,9.82169989069067,8.90957355501195,"0,812467900566708","0,657141326853164",117.86039868828804,106.9148826601434,5.544743888258768,5.029811953729989,11,Sigean,5731
555,11381,2423.5999999999976,1430.33333333333,3913.5,7.87906743832947,6.16294501135393,"0,77888501719521","0,631135439120523",94.54880925995364,73.95534013624716,3.901172192604131,3.051466419221292,11,Sougraigne,131
556,11382,1982.8750000000011,1929.6,2071.66666666667,8.92872686854594,7.3596847822591,"0,768824514372287","0,639806173222701",107.14472242255128,88.31621738710919,5.403503620881357,4.453947797370441,11,Souilhanels,408
557,11383,2195.0,2293.6,1948.5,8.92872686854594,7.3596847822591,"0,768824514372287","0,639806173222701",107.14472242255128,88.31621738710919,4.881308538612815,4.023517876405886,11,Souilhe,350
558,11384,1263.25,1109.0,1417.5,7.87906743832947,6.91113046478908,"0,77888501719521","0,731687831289342",94.54880925995364,82.93356557746895,7.4845683166399075,6.5650952366886175,11,Soulatgé,133
559,11385,1600.142857142857,1720.5,878.0,7.59877952139355,7.3596847822591,"0,799711397082249","0,639806173222701",91.1853542567226,88.31621738710919,5.69857583963091,5.519270794659088,11,Soupex,242
560,11386,1192.2142857142874,1281.66666666667,1125.125,8.62907453704618,7.81419082025569,"0,892967837972408","0,64378163635002",103.54889444455416,93.77028984306828,8.685426410782794,7.865221123976719,11,Talairan,443
561,11387,1789.5,344.0,3235.0,8.62907453704618,6.89491976953835,"0,892967837972408","0,710841188917322",103.54889444455416,82.7390372344602,5.786470770860808,4.623584086865615,11,Taurize,107
562,11388,944.25,861.5,1027.0,8.62907453704618,7.66727221680581,"0,892967837972408","0,589561498604095",103.54889444455416,92.00726660166973,10.966258347318416,9.743951983232163,11,Termes,49
563,11389,2099.5,1828.0,2371.0,8.70947861658915,6.89491976953835,"0,713864591123676","0,710841188917322",104.5137433990698,82.7390372344602,4.978030169043572,3.9408924617509022,11,Terroles,14
564,11390,1509.468749999999,1640.52631578947,1317.92307692308,9.2476543522098,7.81419082025569,"0,812467900566708","0,64378163635002",110.9718522265176,93.77028984306828,7.351715775932273,6.2121385317230535,11,Thézan-des-Corbières,574
565,11392,1706.8181818181818,1821.9,556.0,8.87351264989918,7.81419082025569,"0,690573573619861","0,64378163635002",106.48215179879016,93.77028984306828,6.238634725894498,5.493865183881497,11,Tournissan,285
566,11393,1618.736842105266,1579.45454545455,1672.75,8.65741268472495,7.74828942576352,"0,809535688387216","0,674383410076338",103.8889522166994,92.97947310916224,6.417902497455083,5.743952364007282,11,Tourouzelle,500
567,11394,1475.8,929.5,1840.0,7.8405536623608,6.84823135521709,"0,684062129800163","0,595611693018621",94.0866439483296,82.17877626260508,6.375297733319528,5.568422297235742,11,Tourreilles,132
568,11396,1670.3548387096776,1460.84615384615,1821.66666666667,8.67140566535805,6.74322315455659,"0,802962935205227","0,52530155015803",104.0568679842966,80.91867785467909,6.22962651843957,4.844400481827411,11,Trausse,620
569,11397,1478.400000000002,1442.56043956044,1525.66666666667,8.87105970184117,8.45783881512484,"0,892967837972408","0,674383410076338",106.45271642209406,101.49406578149808,7.2005354722736685,6.865128908380544,11,Trèbes,5505
570,11398,2548.285714285714,3033.0,1336.5,10.3468492434825,8.75358303981912,"0,679523067303802","0,631640317881751",124.16219092179,105.04299647782943,4.872381076648336,4.122104357802479,11,Treilles,273
571,11399,1307.7500000000025,1047.0,1394.66666666667,8.92872686854594,7.3596847822591,"0,768824514372287","0,639806173222701",107.14472242255128,88.31621738710919,8.193058491496927,6.753295154816213,11,Tréville,112
572,11400,1619.399999999998,2228.5,1213.33333333333,7.8405536623608,6.87920216220584,"0,684062129800163","0,562848485909005",94.0866439483296,82.55042594647009,5.809969368181408,5.097593302857242,11,Tréziers,102
573,11401,1358.774193548389,1412.46666666667,1308.4375,7.87906743832947,7.81419082025569,"0,77888501719521","0,64378163635002",94.54880925995364,93.77028984306828,6.958390121690706,6.9010944046700375,11,Tuchan,800
574,11404,1637.5833333333358,1542.21428571429,1771.1,8.77964514163897,7.05571571285561,"0,732201634025348","0,632368501495332",105.35574169966765,84.66858855426733,6.433611014177445,5.170337706229741,11,Ventenac-Cabardès,989
575,11405,2131.655172413793,2095.90909090909,2244.0,9.2649647562281,8.47714659324904,"0,801535776904668","0,68289851966542",111.1795770747372,101.72575911898848,5.215645499963408,4.77214891204935,11,Ventenac-en-Minervois,597
576,11406,2929.5,3478.0,2381.0,8.70947861658915,7.47674163688587,"0,713864591123676","0,664311534436289",104.5137433990698,89.72089964263044,3.567630769724178,3.0626693853091123,11,Véraza,34
577,11407,2180.375,1790.75,2570.0,8.79015177096465,7.3596847822591,"0,685253939522606","0,639806173222701",105.4818212515758,88.31621738710919,4.83778346621915,4.0505058711051625,11,Verdun-en-Lauragais,294
578,11408,1108.3333333333308,752.8,1362.28571428571,7.87906743832947,7.66727221680581,"0,77888501719521","0,589561498604095",94.54880925995364,92.00726660166973,8.53071963247704,8.301407512932625,11,Verzeille,472
579,11409,1314.9999999999998,996.333333333333,1793.0,8.62907453704618,6.89491976953835,"0,892967837972408","0,710841188917322",103.54889444455416,82.7390372344602,7.87444064217142,6.291941995015986,11,Vignevieille,108
580,11410,1714.5769230769224,1765.70588235294,1618.0,8.19749733648761,7.01898766498331,"0,768396558756436","0,627009249789922",98.36996803785132,84.22785197979972,5.737273534588338,4.912456877621287,11,Villalier,989
581,11411,1186.0,1217.5,1178.125,8.67140566535805,6.77784317760355,"0,802962935205227","0,6943743794092",104.0568679842966,81.3341181312426,8.773766271863119,6.857851444455531,11,Villanière,151
582,11412,1094.25,1350.5,838.0,8.70947861658915,6.89491976953835,"0,713864591123676","0,710841188917322",104.5137433990698,82.7390372344602,9.551176001742729,7.561255401824098,11,Villardebelle,62
583,11413,1443.3846153846146,1550.2,1087.33333333333,8.19749733648761,7.01898766498331,"0,768396558756436","0,627009249789922",98.36996803785132,84.22785197979972,6.815229079578277,5.835440608278603,11,Villardonnel,522
584,11416,1828.1249999999973,1717.33333333333,2160.5,8.19749733648761,7.01898766498331,"0,768396558756436","0,627009249789922",98.36996803785132,84.22785197979972,5.380921328566234,4.607335492912128,11,Villarzel-Cabardès,278
585,11417,1252.0,1403.0,1101.0,8.77964514163897,7.44814812684652,"0,732201634025348","0,611016362002003",105.35574169966765,89.37777752215824,8.414995343423932,7.138800121578135,11,Villarzel-du-Razès,97
586,11418,1417.3749999999989,1412.0,1427.63636363636,7.8074763243266,6.84823135521709,"0,783109517181521","0,595611693018621",93.6897158919192,82.17877626260508,6.610086666684488,5.797955817098873,11,Villasavary,1252
587,11421,2074.72222222222,1806.33333333333,2611.5,8.65741268472495,8.09220707224395,"0,809535688387216","0,67481295580364",103.8889522166994,97.1064848669274,5.007366822601663,4.680457163220498,11,Villedaigne,578
588,11422,2267.749999999998,2213.4,2358.33333333333,8.19749733648761,7.05571571285561,"0,768396558756436","0,632368501495332",98.36996803785132,84.66858855426733,4.337778328204228,3.7335944682732833,11,Villedubert,355
589,11423,1599.5,1867.0,1465.75,8.62907453704618,7.66727221680581,"0,892967837972408","0,589561498604095",103.54889444455416,92.00726660166973,6.473828974339115,5.752251741273506,11,Villefloure,164
590,11424,1528.142857142857,1390.25,1712.0,8.70947861658915,6.87920216220584,"0,713864591123676","0,562848485909005",104.5137433990698,82.55042594647009,6.839265250009241,5.402009737545953,11,Villefort,87
591,11425,1814.6078431372523,1894.16,1738.11538461538,8.77964514163897,7.79445896267597,"0,732201634025348","0,627009249789922",105.35574169966765,93.53350755211164,5.805978525779952,5.154474996118321,11,Villegailhenc,1739
592,11426,1653.280000000001,1594.64285714286,1727.90909090909,8.19749733648761,7.01898766498331,"0,768396558756436","0,627009249789922",98.36996803785132,84.22785197979972,5.949988389011617,5.094590872677324,11,Villegly,1245
593,11427,1259.5,1306.0,1166.5,7.8405536623608,6.84823135521709,"0,684062129800163","0,595611693018621",94.0866439483296,82.17877626260508,7.470158312689925,6.524714272537124,11,Villelongue-d'Aude,319
594,11428,988.3749999999998,997.285714285714,926.0,8.79015177096465,6.7340155079712,"0,685253939522606","0,677778746458817",105.4818212515758,80.80818609565439,10.6722469964918,8.17586301713969,11,Villemagne,249
595,11429,1987.7272727272727,1922.86666666667,2059.26470588235,8.77964514163897,7.82831106577758,"0,732201634025348","0,632368501495332",105.35574169966765,93.93973278933096,5.300311725114766,4.725987014327191,11,Villemoustaussou,4526
596,11430,1690.6086956521758,1730.92307692308,1638.2,7.59877952139355,7.46023490259326,"0,799711397082249","0,588198344396467",91.1853542567226,89.52281883111912,5.39364043798122,5.295300980135114,11,Villeneuve-la-Comptal,1454
597,11431,1038.0,1147.5,950.4,9.01019983379988,7.81419082025569,"0,755886178908366","0,64378163635002",108.12239800559855,93.77028984306828,10.416415992832231,9.033746613012358,11,Villeneuve-les-Corbières,259
598,11432,1610.83333333333,1282.33333333333,1939.33333333333,8.77964514163897,6.84823135521709,"0,732201634025348","0,595611693018621",105.35574169966765,82.17877626260508,6.540449562317714,5.101631221682685,11,Villeneuve-lès-Montréal,346
599,11433,1361.3333333333317,1284.45,1479.61538461538,8.19749733648761,7.01898766498331,"0,768396558756436","0,627009249789922",98.36996803785132,84.22785197979972,7.226001569871555,6.187158568545531,11,Villeneuve-Minervois,993
600,11434,1278.3600000000033,1072.92307692308,1500.91666666667,7.8074763243266,7.02746464294276,"0,783109517181521","0,588198344396467",93.6897158919192,84.32957571531311,7.328899206164065,6.596700124793712,11,Villepinte,1279
601,11435,1154.142857142857,1500.0,1096.5,7.87906743832947,7.81419082025569,"0,77888501719521","0,64378163635002",94.54880925995364,93.77028984306828,8.1921235897967,8.124669252401015,11,Villerouge-Termenès,166
602,11436,1538.000000000002,1767.6,1346.66666666667,9.2476543522098,7.44443130348877,"0,812467900566708","0,657141326853164",110.9718522265176,89.33317564186524,7.215334995222201,5.8083989364021535,11,Villesèque-des-Corbières,384
603,11437,1704.6842105263174,1594.66666666667,1803.7,8.77964514163897,7.44814812684652,"0,732201634025348","0,611016362002003",105.35574169966765,89.37777752215824,6.180367076148332,5.243069477047779,11,Villesèquelande,903
604,11438,1896.1666666666667,1728.0,1980.25,8.77964514163897,7.44814812684652,"0,732201634025348","0,611016362002003",105.35574169966765,89.37777752215824,5.556249012903277,4.71360345550628,11,Villesiscle,375
605,11439,1427.833333333335,1594.0,1309.14285714286,7.8074763243266,6.7340155079712,"0,783109517181521","0,677778746458817",93.6897158919192,80.80818609565439,6.561670308760528,5.659497100197569,11,Villespy,434
606,11441,2320.226190476189,2231.5652173913,2427.55263157895,10.4226157138816,9.67755075610656,"0,834889379072725","0,80813522689926",125.0713885665792,116.13060907327872,5.390482577946865,5.005141720663225,11,Vinassan,2717
607,12001,2518.133333333334,2062.5,2821.88888888889,8.98879371002996,7.44008547094109,"0,873015852431566","0,744853287285786",107.86552452035951,89.28102565129308,4.2835509578666535,3.545524157496017,12,Agen-d'Aveyron,1147
608,12002,1823.6000000000024,1651.88888888889,2081.16666666667,7.67782728792633,6.85002012375386,"0,761280293865421","0,786546484646597",92.13392745511597,82.20024148504632,5.05231012585632,4.507580691217713,12,Aguessac,953
609,12003,1029.4166666666667,1084.0,953.0,8.45689130115991,6.52314458668559,"0,718552911680186","0,620890075079722",101.48269561391892,78.27773504022709,9.85827205834232,7.604086622542905,12,Les Albres,349
610,12006,1278.6666666666667,1390.5,1055.0,6.60595785390952,6.4554645080028,"0,817157306539124","0,76758085846708",79.27149424691424,77.4655740960336,6.1995433456919375,6.058308714496893,12,Alrance,343
611,12008,1528.1999999999962,1713.83333333333,1404.44444444444,7.65252464390287,6.59580163803582,"0,791869282402154","0,702447098168214",91.83029572683444,79.14961965642985,6.009049582962613,5.179271015340273,12,Anglars-Saint-Félix,936
612,12009,1010.7999999999998,971.333333333333,1070.0,8.84165348955526,6.25046972774286,"0,610775945939991","0,727621604618717",106.09984187466311,75.00563673291431,10.496620684078268,7.420423103770708,12,Arnac-sur-Dourdou,44
613,12011,1785.7200000000018,1856.07142857143,1696.18181818182,6.60595785390952,6.4554645080028,"0,817157306539124","0,76758085846708",79.27149424691424,77.4655740960336,4.439189472420881,4.338058267591421,12,Arvieu,787
614,12012,1454.6363636363646,1465.57142857143,1435.5,6.9846057529017,6.52314458668559,"0,769022095543719","0,620890075079722",83.8152690348204,78.27773504022709,5.761939624917342,5.381257955393396,12,Asprières,780
615,12013,1131.860869565217,1082.76470588235,1202.89361702128,7.28214633449081,6.24601771270194,"0,736987541516246","0,534410550452238",87.38575601388972,74.95221255242328,7.72053866014975,6.622034082794537,12,Aubin,3611
616,12015,1017.4,996.75,1100.0,6.60595785390952,6.4554645080028,"0,817157306539124","0,76758085846708",79.27149424691424,77.4655740960336,7.791576002252236,7.614072547280677,12,Auriac-Lagast,234
617,12016,1433.69230769231,1436.0,1431.71428571429,7.42436142057001,6.59580163803582,"0,736987541516246","0,702447098168214",89.09233704684013,79.14961965642985,6.214188118944736,5.5206838476960325,12,Auzits,833
618,12017,1580.2499999999975,1390.83333333333,2148.5,7.9290480611869,6.4554645080028,"0,785380428482692","0,76758085846708",95.1485767342428,77.4655740960336,6.021109111485078,4.902108786333411,12,Ayssènes,225
619,12018,2137.4444444444443,1865.2,2477.75,7.1467394529193,6.52314458668559,"0,694311264213314","0,620890075079722",85.7608734350316,78.27773504022709,4.012308888679547,3.662211443374975,12,Balaguier-d'Olt,182
620,12021,1458.5555555555568,1150.6,2158.45454545455,7.65252464390287,6.24601771270194,"0,791869282402154","0,534410550452238",91.83029572683444,74.95221255242328,6.29597517743208,5.138797234492336,12,Le Bas Ségala,1641
621,12023,825.5,894.0,620.0,6.33560707311459,6.45309586789266,"0,836805699338085","0,706302791920835",76.02728487737508,77.43715041471192,9.209846744685048,9.3806360284327,12,La Bastide-Solages,113
622,12024,2116.333333333333,2598.5,1152.0,7.50324640735117,6.59580163803582,"0,773769292293414","0,702447098168214",90.03895688821405,79.14961965642985,4.254478983535079,3.739941076851308,12,Belcastel,193
623,12025,973.8125000000008,900.888888888889,1067.57142857143,7.5383844550065,6.25046972774286,"0,68476494192908","0,727621604618717",90.460613460078,75.00563673291431,9.289325559086368,7.702266784716181,12,Belmont-sur-Rance,1007
624,12026,1594.0,1474.25,1689.8,7.65675919580528,7.44008547094109,"0,774282081534991","0,744853287285786",91.88111034966336,89.28102565129308,5.764185090945004,5.601068108613116,12,Bertholène,1066
625,12027,1864.5,1882.0,1847.0,7.65675919580528,6.52034579031579,"0,774282081534991","0,684869111304838",91.88111034966336,78.24414948378949,4.927922249914903,4.196521828039125,12,Bessuéjouls,230
626,12028,974.8,952.8,1018.8,8.45689130115991,6.42721510864854,"0,718552911680186","0,682861325785664",101.48269561391892,77.12658130378249,10.410617112630172,7.912041578147567,12,Boisse-Penchot,523
627,12029,1120.000000000002,913.5,1257.66666666667,7.45242767223032,6.3600284242958,"0,668003573484317","0,67082700215942",89.42913206676384,76.32034109154961,7.984743934532472,6.814316168888346,12,Bor-et-Bar,203
628,12030,1231.3846153846162,1217.71428571429,1247.33333333333,6.9846057529017,6.42721510864854,"0,769022095543719","0,682861325785664",83.8152690348204,77.12658130378249,6.806587315421443,6.263403029417614,12,Bouillac,382
629,12031,1281.3333333333333,1687.0,1078.5,7.42436142057001,6.59580163803582,"0,736987541516246","0,702447098168214",89.09233704684013,79.14961965642985,6.9530960234266495,6.177129525735941,12,Bournazel,339
630,12032,1607.3333333333333,2264.5,1081.6,7.50324640735117,6.59580163803582,"0,773769292293414","0,702447098168214",90.03895688821405,79.14961965642985,5.601760071850729,4.924281604506213,12,Boussac,625
631,12033,2275.622222222226,2366.54166666667,2171.71428571429,9.20805816592181,6.6608672241038,"0,774282081534991","0,775505076035366",110.49669799106172,79.9304066892456,4.855669667488032,3.512463795998209,12,Bozouls,3094
632,12034,1128.142857142857,1263.25,948.0,7.65252464390287,6.24601771270194,"0,791869282402154","0,534410550452238",91.83029572683444,74.95221255242328,8.13995276798583,6.643858273609763,12,Brandonnet,302
633,12035,1235.700000000002,1212.57142857143,1289.66666666667,6.33560707311459,6.45309586789266,"0,836805699338085","0,706302791920835",76.02728487737508,77.43715041471192,6.15256817005543,6.266662653937994,12,Brasc,179
634,12036,1138.904761904762,1155.0,1112.75,6.73536231316525,6.67031501909787,"0,744673850530618","0,710098926828929",80.82434775798299,80.04378022917444,7.096673089926173,7.0281364084653735,12,Brommat,639
635,12037,1852.7499999999995,1659.63636363636,2088.77777777778,7.9290480611869,6.4554645080028,"0,785380428482692","0,76758085846708",95.1485767342428,77.4655740960336,5.135532410430054,4.1811131613025845,12,Broquiès,616
636,12038,1739.4999999999986,1268.33333333333,2022.2,6.33560707311459,6.45309586789266,"0,836805699338085","0,706302791920835",76.02728487737508,77.43715041471192,4.370640119423693,4.451690164685943,12,Brousse-le-Château,169
637,12039,1454.7857142857126,2350.83333333333,782.75,7.5383844550065,6.25046972774286,"0,68476494192908","0,727621604618717",90.460613460078,75.00563673291431,6.218140071886353,5.155785900038305,12,Brusque,261
638,12041,1107.2857142857129,1012.75,1233.33333333333,8.44043608592792,6.57859314577335,"0,809948390588133","0,632504259288815",101.28523303113504,78.9431177492802,9.147163349476791,7.1294261933294045,12,Cabanès,289
639,12042,1338.3333333333333,1761.5,492.0,7.5383844550065,6.4554645080028,"0,68476494192908","0,76758085846708",90.460613460078,77.4655740960336,6.759199013206326,5.788212261222935,12,Calmels-et-le-Viala,192
640,12043,2146.0322580645147,1913.33333333333,2364.1875,6.60595785390952,7.44008547094109,"0,817157306539124","0,744853287285786",79.27149424691424,89.28102565129308,3.693863125729919,4.160283486689746,12,Calmont,2284
641,12044,1458.0967741935458,1616.61111111111,1238.61538461538,7.49392444080918,6.25046972774286,"0,75119921146017","0,727621604618717",89.92709328971016,75.00563673291431,6.167429685141966,5.144078092786327,12,Camarès,1051
642,12045,1469.6666666666667,1339.0,1731.0,8.44043608592792,6.57859314577335,"0,809948390588133","0,632504259288815",101.28523303113504,78.9431177492802,6.891714653967003,5.371498145789082,12,Camboulazet,418
643,12046,1603.6363636363674,1501.55555555556,2063.0,8.44043608592792,6.57859314577335,"0,809948390588133","0,632504259288815",101.28523303113504,78.9431177492802,6.315972581306593,4.922756775748755,12,Camjac,587
644,12047,1239.9375,1027.0,1452.875,7.48999700928688,6.85002012375386,"0,729744805016218","0,786546484646597",89.87996411144256,82.20024148504632,7.248749562896724,6.629385875098246,12,Campagnac,448
645,12048,1202.499999999998,1035.33333333333,1453.25,6.13241571198312,5.71543464439047,"0,76532044721296","0,668935231568029",73.58898854379744,68.58521573268564,6.119666406968612,5.703552243882391,12,Campouriez,336
646,12049,1344.4615384615377,1410.42857142857,1267.5,7.65675919580528,6.6608672241038,"0,774282081534991","0,775505076035366",91.88111034966336,79.9304066892456,6.834045282902073,5.945161271084754,12,Campuac,461
647,12050,2170.8888888888887,3487.0,1118.0,6.60595785390952,7.44008547094109,"0,817157306539124","0,744853287285786",79.27149424691424,89.28102565129308,3.651568472833597,4.112648330748479,12,Canet-de-Salars,462
648,12051,1087.0909090909065,1029.0,1120.28571428571,7.02831324194728,6.67031501909787,"0,711480532622473","0,710098926828929",84.33975890336735,80.04378022917444,7.758298611281512,7.363117432019745,12,Cantoin,316
649,12052,1441.387323943662,1418.98666666667,1466.46268656716,8.44672678320594,6.72487111318318,"0,769022095543719","0,620890075079722",101.36072139847128,80.69845335819817,7.032164062685558,5.598665398097558,12,Capdenac-Gare,4512
650,12053,1373.6,1193.75,2093.0,8.61296086069322,6.52314458668559,"0,822254901241355","0,620890075079722",103.35553032831864,78.27773504022709,7.524427076901475,5.698728526516241,12,La Capelle-Balaguier,354
651,12054,1639.3076923076906,1560.0,1731.83333333333,8.44043608592792,6.24601771270194,"0,809948390588133","0,534410550452238",101.28523303113504,74.95221255242328,6.178537043802529,4.572186960637716,12,La Capelle-Bleys,367
652,12055,1603.0,1148.0,2058.0,7.48999700928688,6.85002012375386,"0,729744805016218","0,786546484646597",89.87996411144256,82.20024148504632,5.606984660726298,5.127900279790787,12,La Capelle-Bonance,91
653,12056,1747.7605633802834,1620.125,1912.45161290323,7.96494739025193,7.42862534242171,"0,773769292293414","0,632504259288815",95.57936868302316,89.14350410906052,5.4686763556540265,5.10044144357229,12,Baraqueville,3275
654,12057,1559.88,1839.5,840.857142857143,7.50324640735117,6.57859314577335,"0,773769292293414","0,632504259288815",90.03895688821405,78.9431177492802,5.772172018886969,5.060845561791946,12,Cassagnes-Bégonhès,980
655,12059,1926.4285714285716,1020.0,2606.25,8.44043608592792,6.24601771270194,"0,809948390588133","0,534410550452238",101.28523303113504,74.95221255242328,5.257668752079684,3.890734059080185,12,Castanet,549
656,12060,1124.0,465.0,1453.5,8.44043608592792,6.57859314577335,"0,809948390588133","0,632504259288815",101.28523303113504,78.9431177492802,9.01114172874867,7.0234090524270645,12,Castelmary,122
657,12061,1395.7692307692307,1310.0,1533.0,6.13241571198312,6.6608672241038,"0,76532044721296","0,775505076035366",73.58898854379744,79.9304066892456,5.272289066240655,5.726620484762705,12,Castelnau-de-Mandailles,578
658,12062,1163.5,1219.25,1052.0,7.9290480611869,6.4554645080028,"0,785380428482692","0,76758085846708",95.1485767342428,77.4655740960336,8.177789147764743,6.657978005675428,12,Castelnau-Pégayrols,351
659,12063,1626.0322580645152,1557.36842105263,1734.75,8.12136453405954,7.83158605567155,"0,753686249994803","0,597960350660021",97.45637440871448,93.9790326680586,5.993508057750214,5.77965364475136,12,La Cavalerie,2234
660,12064,1455.0,1827.0,1269.0,6.13241571198312,6.6608672241038,"0,76532044721296","0,775505076035366",73.58898854379744,79.9304066892456,5.057662442872676,5.493498741528907,12,Le Cayrol,259
661,12065,1219.5,1278.75,1140.5,8.44043608592792,6.57859314577335,"0,809948390588133","0,632504259288815",101.28523303113504,78.9431177492802,8.305472163274707,6.473400389444872,12,Centrès,480
662,12066,1482.9523809523828,1293.0,1625.41666666667,8.53653636942136,7.44008547094109,"0,876993850630068","0,744853287285786",102.43843643305632,89.28102565129308,6.90773606413904,6.020491743231496,12,Clairvaux-d'Aveyron,1183
663,12068,1270.4705882352955,1398.4,1087.71428571429,7.50324640735117,6.59580163803582,"0,773769292293414","0,702447098168214",90.03895688821405,79.14961965642985,7.087055593571798,6.229945060465347,12,Colombiès,905
664,12069,1638.5882352941194,1578.64285714286,1918.33333333333,6.33560707311459,6.45309586789266,"0,836805699338085","0,706302791920835",76.02728487737508,77.43715041471192,4.639804146020157,4.725845624102891,12,Combret,265
665,12070,1582.2222222222235,1440.0,1866.66666666667,7.67782728792633,6.85002012375386,"0,761280293865421","0,786546484646597",92.13392745511597,82.20024148504632,5.82307125769693,5.19523998149871,12,Compeyre,553
666,12071,1432.571428571427,1025.33333333333,1738.0,7.65252464390287,6.59580163803582,"0,791869282402154","0,702447098168214",91.83029572683444,79.14961965642985,6.410172218666151,5.525003366523829,12,Compolibat,341
667,12072,1822.3750000000025,1359.16666666667,3212.0,7.48541022827967,6.85002012375386,"0,782173824594697","0,786546484646597",89.82492273935604,82.20024148504632,4.929003236949361,4.510610685783453,12,Comprégnac,224
668,12073,1488.5000000000016,1738.66666666667,1300.875,6.60595785390952,6.4554645080028,"0,817157306539124","0,76758085846708",79.27149424691424,77.4655740960336,5.325595851321072,5.204271017536683,12,Comps-la-Grand-Ville,655
669,12075,2386.5999999999976,2340.33333333333,2456.0,7.9290480611869,6.45309586789266,"0,785380428482692","0,706302791920835",95.1485767342428,77.43715041471192,3.9867835722049314,3.24466397447046,12,Connac,103
670,12076,1946.9411764705892,1898.15,2016.64285714286,6.73536231316525,5.71543464439047,"0,744673850530618","0,668935231568029",80.82434775798299,68.58521573268564,4.151350268553116,3.5227163800098347,12,Conques-en-Rouergue,1609
671,12077,1474.7,1113.3,1836.1,7.48541022827967,7.83158605567155,"0,782173824594697","0,597960350660021",89.82492273935604,93.9790326680586,6.091064130966029,6.372755995664107,12,Cornus,521
672,12079,1559.5833333333333,1736.9,673.0,7.65675919580528,6.6608672241038,"0,774282081534991","0,775505076035366",91.88111034966336,79.9304066892456,5.891388320576866,5.125112905535385,12,Coubisou,491
673,12080,934.9999999999998,988.285714285714,562.0,6.33560707311459,6.45309586789266,"0,836805699338085","0,706302791920835",76.02728487737508,77.43715041471192,8.131260414692523,8.282048172696465,12,Coupiac,369
674,12082,2750.2500000000027,2933.66666666667,2200.0,8.16501001364246,7.83158605567155,"0,753686249994803","0,597960350660021",97.98012016370951,93.9790326680586,3.5625895887177323,3.417108723499991,12,La Couvertoirade,207
675,12083,1206.7540983606575,1190.2972972973,1232.125,7.08357756927683,6.24601771270194,"0,736987541516246","0,534410550452238",85.00293083132196,74.95221255242328,7.043931398020203,6.211059291552754,12,Cransac,1511
676,12084,2082.5161290322567,2017.33333333333,2143.625,7.9290480611869,6.85002012375386,"0,785380428482692","0,786546484646597",95.1485767342428,82.20024148504632,4.568923880481937,3.947159896583596,12,Creissels,1620
677,12085,1689.7,1242.875,3477.0,8.44043608592792,6.57859314577335,"0,809948390588133","0,632504259288815",101.28523303113504,78.9431177492802,5.994273127249515,4.672019751984388,12,Crespin,323
678,12086,2268.2,2073.5,2398.0,7.67782728792633,6.85002012375386,"0,761280293865421","0,786546484646597",92.13392745511597,82.20024148504632,4.061984280712281,3.6240296924894775,12,La Cresse,339
679,12088,1223.571428571429,1097.8,1538.0,6.13241571198312,5.71543464439047,"0,76532044721296","0,668935231568029",73.58898854379744,68.58521573268564,6.014278106323199,5.605329948964383,12,Curières,219
680,12089,1083.4621212121178,1091.61643835616,1073.37288135593,8.79152966567632,6.28273726944629,"0,718552911680186","0,668935231568029",105.49835598811585,75.39284723335548,9.73715221996779,6.958512508864648,12,Decazeville,5237
681,12090,1939.86842105263,2008.73684210526,1871.0,8.53653636942136,7.44008547094109,"0,876993850630068","0,744853287285786",102.43843643305632,89.28102565129308,5.28068993346828,4.602426880213172,12,Druelle Balsac,3270
682,12091,1615.6666666666667,1798.5,1250.0,7.65252464390287,6.24601771270194,"0,791869282402154","0,534410550452238",91.83029572683444,74.95221255242328,5.68374019353215,4.639088872648439,12,Drulhe,459
683,12092,1097.2222222222222,1101.8,1091.5,7.9290480611869,6.45309586789266,"0,785380428482692","0,706302791920835",95.1485767342428,77.43715041471192,8.671769018817065,7.057563075771213,12,Durenque,534
684,12093,1896.5000000000025,2193.25,1698.66666666667,7.65675919580528,5.71543464439047,"0,774282081534991","0,668935231568029",91.88111034966336,68.58521573268564,4.844772494050264,3.616410004359903,12,Le Fel,196
685,12094,1108.3055555555577,1141.04347826087,1050.38461538462,6.73536231316525,5.71543464439047,"0,744673850530618","0,668935231568029",80.82434775798299,68.58521573268564,7.292605126162016,6.188294860464369,12,Entraygues-sur-Truyère,986
686,12095,1508.0,1238.0,1778.0,7.42436142057001,6.59580163803582,"0,736987541516246","0,702447098168214",89.09233704684013,79.14961965642985,5.907979910267913,5.248648518330892,12,Escandolières,227
687,12096,1615.8988095238087,1531.51724137931,1706.53086419753,7.78360657806671,6.52034579031579,"0,76532044721296","0,684869111304838",93.40327893680052,78.24414948378949,5.780267822854926,4.842144138149799,12,Espalion,4762
688,12097,1588.307692307694,1973.5,1258.14285714286,7.65675919580528,6.6608672241038,"0,774282081534991","0,775505076035366",91.88111034966336,79.9304066892456,5.784843251383293,5.032425837660751,12,Espeyrac,258
689,12098,1602.08695652174,1344.81818181818,1837.91666666667,7.65675919580528,5.71543464439047,"0,774282081534991","0,668935231568029",91.88111034966336,68.58521573268564,5.735088846185019,4.2809920805790505,12,Estaing,522
690,12099,963.1538461538462,1121.0,710.6,7.49392444080918,6.25046972774286,"0,75119921146017","0,727621604618717",89.92709328971016,75.00563673291431,9.336731992382653,7.787503214822187,12,Fayet,240
691,12100,1343.0000000000005,1349.89189189189,1335.27272727273,7.54667895090031,6.24601771270194,"0,744673850530618","0,534410550452238",90.56014741080372,74.95221255242328,6.743123411079948,5.58095402475229,12,Firmi,2385
692,12101,1032.399999999998,1160.72727272727,679.5,8.45689130115991,6.24601771270194,"0,718552911680186","0,534410550452238",101.48269561391892,74.95221255242328,9.829784542223855,7.259997341381579,12,Flagnac,1113
693,12102,1923.4745762711837,1949.24242424242,1890.76923076923,8.92289929170478,7.44008547094109,"0,761280293865421","0,744853287285786",107.07479150045737,89.28102565129308,5.566738069812746,4.641653534322862,12,Flavin,2454
694,12103,1183.0000000000014,1143.6,1248.66666666667,6.13241571198312,5.71543464439047,"0,76532044721296","0,668935231568029",73.58898854379744,68.58521573268564,6.220540029061484,5.797566841309007,12,Florentin-la-Capelle,285
695,12104,1743.5,1603.0,1884.0,7.1467394529193,6.52314458668559,"0,694311264213314","0,620890075079722",85.7608734350316,78.27773504022709,4.918891507601468,4.489689420144943,12,Foissac,499
696,12105,1834.4642857142876,1700.8125,2012.66666666667,7.65252464390287,6.66703697191052,"0,791869282402154","0,608040862538914",91.83029572683444,80.00444366292623,5.005837205006058,4.361188401755928,12,La Fouillade,1148
697,12106,1338.0555555555557,1186.875,1459.0,7.65675919580528,6.52034579031579,"0,774282081534991","0,684869111304838",91.88111034966336,78.24414948378949,6.866763488868343,5.847600957891678,12,Gabriac,569
698,12107,1508.5454545454566,1387.66666666667,1653.6,7.65675919580528,6.4554645080028,"0,774282081534991","0,76758085846708",91.88111034966336,77.4655740960336,6.0907087733294905,5.135117000460218,12,Gaillac-d'Aveyron,332
699,12108,1774.0,1227.2,2320.8,7.42436142057001,6.24601771270194,"0,736987541516246","0,534410550452238",89.09233704684013,74.95221255242328,5.022115955289748,4.225040166427468,12,Galgan,382
700,12110,1295.4615384615363,760.25,1533.33333333333,6.13241571198312,5.71543464439047,"0,76532044721296","0,668935231568029",73.58898854379744,68.58521573268564,5.680522837535587,5.29426877575509,12,Golinhac,378
701,12111,1320.400000000001,1113.66666666667,1409.0,7.65252464390287,6.59580163803582,"0,791869282402154","0,702447098168214",91.83029572683444,79.14961965642985,6.9547330904903335,5.994366832507557,12,Goutrens,495
702,12113,1730.4,1762.8,1698.0,8.44043608592792,6.57859314577335,"0,809948390588133","0,632504259288815",101.28523303113504,78.9431177492802,5.853284386912566,4.562131169052254,12,Gramond,551
703,12115,1590.5,1406.25,1959.0,8.16501001364246,7.83158605567155,"0,753686249994803","0,597960350660021",97.98012016370951,93.9790326680586,6.160334496303649,5.908772880733014,12,L'Hospitalet-du-Larzac,350
704,12118,1467.176470588237,1602.71428571429,1372.3,6.73536231316525,6.6608672241038,"0,744673850530618","0,775505076035366",80.82434775798299,79.9304066892456,5.508836147404817,5.447906798641543,12,Lacroix-Barrez,541
705,12119,1766.1627906976717,1777.08333333333,1752.36842105263,8.92330103207182,6.6608672241038,"0,697781496141683","0,775505076035366",107.07961238486185,79.9304066892456,6.062839334451335,4.5256534171276135,12,Laguiole,1236
706,12120,1934.5869565217376,1592.7,2197.57692307692,8.3172368793685,6.52034579031579,"0,761280293865421","0,684869111304838",99.80684255242198,78.24414948378949,5.159077611681423,4.044488629473002,12,Laissac-Sévérac l'Église,2229
707,12121,1358.0,1234.2,1977.0,7.65252464390287,6.24601771270194,"0,791869282402154","0,534410550452238",91.83029572683444,74.95221255242328,6.762171997557764,5.519308729928077,12,Lanuéjouls,783
708,12122,1213.0,1403.0,833.0,7.48541022827967,7.83158605567155,"0,782173824594697","0,597960350660021",89.82492273935604,93.9790326680586,7.4051873651571345,7.747653146583561,12,Lapanouse-de-Cernon,124
709,12124,1445.5555555555534,1534.83333333333,1267.0,6.13241571198312,6.6608672241038,"0,76532044721296","0,775505076035366",73.58898854379744,79.9304066892456,5.090706355835342,5.52939016297626,12,Lassouts,328
710,12125,1219.5384615384614,1160.4,1256.5,6.33560707311459,6.45309586789266,"0,836805699338085","0,706302791920835",76.02728487737508,77.43715041471192,6.234103086955192,6.349709571031002,12,Laval-Roquecezière,300
711,12127,1287.1052631578932,1185.28571428571,1346.5,6.60595785390952,6.57859314577335,"0,817157306539124","0,632504259288815",79.27149424691424,78.9431177492802,6.15889752889541,6.13338473619434,12,Lédergues,677
712,12128,1250.857142857143,1337.2,1035.0,8.44043608592792,6.3600284242958,"0,809948390588133","0,67082700215942",101.28523303113504,76.32034109154961,8.097266231360727,6.101443440393413,12,Lescure-Jaoul,231
713,12129,1038.9999999999998,678.333333333333,1580.0,6.33560707311459,6.45309586789266,"0,836805699338085","0,706302791920835",76.02728487737508,77.43715041471192,7.317351768756024,7.453046238182092,12,Lestrade-et-Thouels,455
714,12130,1389.451612903227,1314.6,1425.09523809524,6.9846057529017,5.71543464439047,"0,769022095543719","0,668935231568029",83.8152690348204,68.58521573268564,6.032255334152324,4.936135601683776,12,Livinhac-le-Haut,1129
715,12131,2220.2,2206.8,2247.0,8.98879371002996,7.44008547094109,"0,873015852431566","0,744853287285786",107.86552452035951,89.28102565129308,4.858369719861253,4.021305542351729,12,La Loubière,1573
716,12133,2394.651515151516,2398.07228915663,2388.85714285714,9.68500039680909,8.23339610513436,"0,817157306539124","0,744853287285786",116.22000476170908,98.80075326161231,4.8533159846582326,4.1258927504264,12,Luc-la-Primaube,6219
717,12135,1517.000000000002,1616.66666666667,1367.5,7.45242767223032,6.3600284242958,"0,668003573484317","0,67082700215942",89.42913206676384,76.32034109154961,5.89513065700486,5.031004686324951,12,Lunac,442
718,12136,1704.1666666666702,1844.38461538462,1339.6,7.1467394529193,6.24601771270194,"0,694311264213314","0,534410550452238",85.7608734350316,74.95221255242328,5.032422891053188,4.3981738417069804,12,Maleville,988
719,12137,2049.7333333333318,1777.125,2361.28571428571,7.50324640735117,6.57859314577335,"0,773769292293414","0,632504259288815",90.03895688821405,78.9431177492802,4.392715648615144,3.8513847857906858,12,Manhac,885
720,12138,1679.3939393939409,1325.23529411765,2055.6875,8.06788641952067,7.44008547094109,"0,876993850630068","0,744853287285786",96.81463703424804,89.28102565129308,5.764855687712347,5.316264609333578,12,Marcillac-Vallon,1770
721,12139,2114.6666666666665,1937.5,2469.0,7.49392444080918,7.83158605567155,"0,75119921146017","0,597960350660021",89.92709328971016,93.9790326680586,4.252542242577719,4.444153499435306,12,Marnhagues-et-Latour,146
722,12140,1869.851851851852,2031.9375,1634.09090909091,7.45242767223032,6.52314458668559,"0,668003573484317","0,620890075079722",89.42913206676384,78.27773504022709,4.782685429233101,4.186306790171792,12,Martiel,1013
723,12142,1648.25,1529.75,1766.75,8.53653636942136,7.44008547094109,"0,876993850630068","0,744853287285786",102.43843643305632,89.28102565129308,6.214981734145688,5.4167162536807565,12,Mayran,630
724,12143,1114.5,1158.0,1071.0,7.5383844550065,6.25046972774286,"0,68476494192908","0,727621604618717",90.460613460078,75.00563673291431,8.116699278607268,6.729980864326093,12,Mélagues,58
725,12144,1136.8333333333333,1058.5,1293.5,8.18417487718628,6.57859314577335,"0,808974796773809","0,632504259288815",98.21009852623536,78.9431177492802,8.63891791756945,6.94412412396542,12,Meljac,138
726,12145,2040.465753424656,2032.52112676056,2049.80463576159,9.45100229911334,8.86891771475617,"0,782173824594697","0,786546484646597",113.41202758936006,106.42701257707404,5.558144134446399,5.215819594053473,12,Millau,22492
727,12146,2258.05,2263.76666666667,2252.33333333333,9.15626091652617,7.44008547094109,"0,842530609751863","0,744853287285786",109.87513099831403,89.28102565129308,4.865929939474946,3.953899411053478,12,Le Monastère,2374
728,12147,1429.3333333333333,1195.0,1898.0,7.49392444080918,6.25046972774286,"0,75119921146017","0,727621604618717",89.92709328971016,75.00563673291431,6.291541041724125,5.2475958535154605,12,Montagnol,148
729,12148,1448.708333333335,1286.89285714286,1675.25,7.89940970286608,6.59580163803582,"0,736987541516246","0,702447098168214",94.79291643439296,79.14961965642985,6.543271288864876,5.463461335541184,12,Montbazens,1486
730,12149,1278.75,521.0,2036.5,6.33560707311459,6.45309586789266,"0,836805699338085","0,706302791920835",76.02728487737508,77.43715041471192,5.945437722570876,6.05569113702537,12,Montclar,143
731,12150,1451.14285714286,1526.14285714286,1376.14285714286,7.65252464390287,6.66703697191052,"0,791869282402154","0,608040862538914",91.83029572683444,80.00444366292623,6.3281361497129325,5.5132024575751375,12,Monteils,556
732,12151,1867.571428571427,1840.83333333333,1887.625,6.13241571198312,6.6608672241038,"0,76532044721296","0,775505076035366",73.58898854379744,79.9304066892456,3.9403573763220567,4.279911625676736,12,Montézic,231
733,12152,1172.6666666666667,1402.0,714.0,6.33560707311459,6.45309586789266,"0,836805699338085","0,706302791920835",76.02728487737508,77.43715041471192,6.483281825813679,6.603509131442176,12,Montfranc,133
734,12153,1283.6111111111102,1264.44444444444,1302.77777777778,7.9290480611869,6.4554645080028,"0,785380428482692","0,76758085846708",95.1485767342428,77.4655740960336,7.412570358002041,6.034972229944193,12,Montjaux,445
735,12154,1556.857142857143,1516.0,1573.2,7.5383844550065,6.25046972774286,"0,68476494192908","0,727621604618717",90.460613460078,75.00563673291431,5.81046333474533,4.8177597461038735,12,Montlaur,670
736,12155,1149.2222222222222,950.25,1308.4,7.49392444080918,7.83158605567155,"0,75119921146017","0,597960350660021",89.92709328971016,93.9790326680586,7.825039539856825,8.177620555085829,12,Fondamente,343
737,12156,1393.72727272727,1219.28571428571,1699.0,6.13241571198312,5.71543464439047,"0,76532044721296","0,668935231568029",73.58898854379744,68.58521573268564,5.2800135280267,4.920992584042421,12,Montpeyroux,534
738,12157,1857.967741935484,1678.94117647059,2075.35714285714,8.98879371002996,7.44008547094109,"0,873015852431566","0,744853287285786",107.86552452035951,89.28102565129308,5.805564977570265,4.805305476309679,12,Montrozier,1799
739,12158,1640.625,1659.5,1621.75,7.1467394529193,6.52314458668559,"0,694311264213314","0,620890075079722",85.7608734350316,78.27773504022709,5.2273294284209735,4.771214326261461,12,Montsalès,332
740,12159,1766.1428571428587,2060.5,1373.66666666667,7.65252464390287,6.66703697191052,"0,791869282402154","0,608040862538914",91.83029572683444,80.00444366292623,5.1994828932123305,4.529896510883145,12,Morlhon-le-Haut,569
741,12160,1436.666666666663,1608.28571428571,836.0,7.65675919580528,6.52034579031579,"0,774282081534991","0,684869111304838",91.88111034966336,78.24414948378949,6.395436915289808,5.446228502351949,12,Mostuéjouls,333
742,12161,1671.4,1484.25,2420.0,7.65252464390287,6.59580163803582,"0,791869282402154","0,702447098168214",91.83029572683444,79.14961965642985,5.494214175352066,4.735528279073223,12,Mouret,569
743,12162,1748.0,1805.0,1634.0,8.53653636942136,6.59580163803582,"0,876993850630068","0,702447098168214",102.43843643305632,79.14961965642985,5.860322450403679,4.528010277827795,12,Moyrazès,1124
744,12163,870.5384615384615,881.7,833.333333333333,7.5383844550065,7.03283965927177,"0,68476494192908","0,569730000208046",90.460613460078,84.39407591126124,10.391340240178616,9.694468382490026,12,Murasson,217
745,12164,1268.7142857142858,1079.0,1477.4,8.23559431646865,5.71543464439047,"0,697781496141683","0,668935231568029",98.8271317976238,68.58521573268564,7.789549854558794,5.405883460520205,12,Mur-de-Barrez,698
746,12165,1695.6666666666667,2064.25,958.5,8.98879371002996,6.59580163803582,"0,873015852431566","0,702447098168214",107.86552452035951,79.14961965642985,6.361245794399028,4.6677581869331535,12,Muret-le-Château,379
747,12166,848.2000000000002,678.666666666667,1102.5,6.9846057529017,6.6608672241038,"0,769022095543719","0,775505076035366",83.8152690348204,79.9304066892456,9.881545512240084,9.423532974445363,12,Murols,105
748,12167,1799.2692307692307,1793.9375,1807.8,7.65252464390287,8.42205800426854,"0,791869282402154","0,704116289716419",91.83029572683444,101.06469605122248,5.103755133275679,5.616985736371143,12,Najac,754
749,12168,1673.0263157894765,1700.625,1652.95454545455,7.48541022827967,6.85002012375386,"0,782173824594697","0,786546484646597",89.82492273935604,82.20024148504632,5.369008358781792,4.913266498516328,12,Nant,1032
750,12169,1638.7142857142858,1623.41935483871,1657.68,8.68931837272567,6.57859314577335,"0,809948390588133","0,632504259288815",104.27182047270804,78.9431177492802,6.363026268929965,4.81738143357128,12,Naucelle,2131
751,12170,1189.7272727272746,1285.14285714286,1022.75,7.1467394529193,6.52314458668559,"0,694311264213314","0,620890075079722",85.7608734350316,78.27773504022709,7.208448137734744,6.579468827405033,12,Naussac,427
752,12171,1565.666666666668,1621.57142857143,1370.0,7.65252464390287,6.59580163803582,"0,791869282402154","0,702447098168214",91.83029572683444,79.14961965642985,5.865252015765448,5.055330188828814,12,Nauviale,611
753,12172,1200.0666666666673,1207.5,1191.57142857143,7.65675919580528,5.71543464439047,"0,774282081534991","0,668935231568029",91.88111034966336,68.58521573268564,7.656333843925058,5.715117137882807,12,Le Nayrac,553
754,12174,2230.650602409635,2332.92682926829,2130.80952380952,10.073127103026,7.44008547094109,"0,876993850630068","0,744853287285786",120.877525236312,89.28102565129308,5.418935852425091,4.002465718066659,12,Olemps,3621
755,12176,2260.3598726114665,2292.1,2227.38311688312,10.0055862929769,9.07263578559188,"0,873015852431566","0,775505076035366",120.0670355157228,108.87162942710256,5.311854849776885,4.81656176727822,12,Onet-le-Château,12666
756,12177,1451.5555555555557,1356.0,1571.0,7.65675919580528,6.52034579031579,"0,774282081534991","0,684869111304838",91.88111034966336,78.24414948378949,6.329837669526716,5.39036547270442,12,Palmas d'Aveyron,1043
757,12178,1794.8000000000022,1156.0,2220.66666666667,7.67782728792633,6.85002012375386,"0,761280293865421","0,786546484646597",92.13392745511597,82.20024148504632,5.133381293465336,4.5799109363186,12,Paulhe,375
758,12179,1313.399999999998,1233.33333333333,1433.5,7.5383844550065,7.03283965927177,"0,68476494192908","0,569730000208046",90.460613460078,84.39407591126124,6.887514349023766,6.425618692801993,12,Peux-et-Couffouleux,88
759,12180,1406.0,1079.0,1896.5,7.67782728792633,6.85002012375386,"0,761280293865421","0,786546484646597",92.13392745511597,82.20024148504632,6.552910914304122,5.846389863801303,12,Peyreleau,73
760,12181,1203.999999999998,1070.33333333333,1404.5,8.45689130115991,6.24601771270194,"0,718552911680186","0,534410550452238",101.48269561391892,74.95221255242328,8.428795316770689,6.225266823290981,12,Peyrusse-le-Roc,208
761,12182,1650.0000000000025,1733.66666666667,1399.0,7.48999700928688,6.85002012375386,"0,729744805016218","0,786546484646597",89.87996411144256,82.20024148504632,5.447270552208632,4.981832817275527,12,Pierrefiche,300
762,12183,1388.142857142857,1227.0,1791.0,6.33560707311459,6.45309586789266,"0,836805699338085","0,706302791920835",76.02728487737508,77.43715041471192,5.47690639231888,5.578471265853488,12,Plaisance,228
763,12184,2514.75,2349.5,2680.0,7.48999700928688,6.52034579031579,"0,729744805016218","0,684869111304838",89.87996411144256,78.24414948378949,3.574111307742025,3.1114086682091457,12,Pomayrols,122
764,12185,1636.4827586206898,1293.1875,2059.0,7.85992806904227,7.44008547094109,"0,785380428482692","0,744853287285786",94.31913682850724,89.28102565129308,5.763527683481625,5.455665522962407,12,Pont-de-Salars,1702
765,12186,1296.3333333333314,860.333333333333,1732.33333333333,6.33560707311459,6.45309586789266,"0,836805699338085","0,706302791920835",76.02728487737508,77.43715041471192,5.864794410700066,5.973552359067527,12,Pousthomy,220
766,12187,1614.913043478259,1393.0,1818.33333333333,6.13241571198312,6.6608672241038,"0,76532044721296","0,775505076035366",73.58898854379744,79.9304066892456,4.556839071984878,4.949517685304501,12,Prades-d'Aubrac,314
767,12188,2150.1666666666647,2236.0,2064.33333333333,7.9290480611869,6.4554645080028,"0,785380428482692","0,76758085846708",95.1485767342428,77.4655740960336,4.425172160339953,3.6027706734067286,12,Prades-Salars,326
768,12189,1537.0909090909072,1717.4,1386.83333333333,8.44043608592792,6.24601771270194,"0,809948390588133","0,534410550452238",101.28523303113504,74.95221255242328,6.589410712931671,4.876238100760925,12,Pradinas,368
769,12190,1215.6666666666667,786.75,2073.5,7.50324640735117,6.24601771270194,"0,773769292293414","0,534410550452238",90.03895688821405,74.95221255242328,7.406549785156077,6.165523379689329,12,Prévinquières,285
770,12191,1182.5,975.857142857143,1471.8,7.65252464390287,6.24601771270194,"0,791869282402154","0,534410550452238",91.83029572683444,74.95221255242328,7.765775537153017,6.338453492805352,12,Privezac,353
771,12192,606.0,596.8,652.0,7.5383844550065,7.03283965927177,"0,68476494192908","0,569730000208046",90.460613460078,84.39407591126124,14.927493970309902,13.926415166874792,12,Mounes-Prohencoux,197
772,12193,1217.4444444444443,1370.0,912.333333333333,6.73536231316525,5.71543464439047,"0,744673850530618","0,668935231568029",80.82434775798299,68.58521573268564,6.638853060343589,5.633539669564395,12,Pruines,294
773,12194,1817.1875000000011,1697.8,2016.16666666667,8.44043608592792,6.57859314577335,"0,809948390588133","0,632504259288815",101.28523303113504,78.9431177492802,5.573735953562028,4.344247236417824,12,Quins,902
774,12195,1027.0,856.0,1198.0,7.5383844550065,6.45309586789266,"0,68476494192908","0,706302791920835",90.460613460078,77.43715041471192,8.808238895820644,7.5401314912085615,12,Rebourguil,297
775,12197,1212.952380952381,1135.96875,1292.41935483871,7.62329326315377,6.45309586789266,"0,785380428482692","0,706302791920835",91.47951915784525,77.43715041471192,7.541888749665319,6.384187180861143,12,Réquista,2015
776,12198,1385.3142857142873,1451.26666666667,1335.85,7.45710910643523,6.59580163803582,"0,773769292293414","0,702447098168214",89.48530927722277,79.14961965642985,6.459567348724979,5.713477473858519,12,Rieupeyroux,2001
777,12199,1563.9736842105262,1245.5,1850.6,8.36939104129231,7.06186398297476,"0,791869282402154","0,702447098168214",100.43269249550772,84.74236779569712,6.421635703301802,5.418401131120948,12,Rignac,2163
778,12200,1805.434782608696,1766.72727272727,1840.91666666667,7.67782728792633,6.85002012375386,"0,761280293865421","0,786546484646597",92.13392745511597,82.20024148504632,5.103143483365843,4.552933303205454,12,Rivière-sur-Tarn,1070
779,12201,1494.55555555556,1606.45454545455,1318.71428571429,8.98879371002996,7.44008547094109,"0,873015852431566","0,744853287285786",107.86552452035951,89.28102565129308,7.217230842935342,5.973750879946735,12,Rodelle,1134
780,12202,2136.109625668452,2117.09090909091,2161.17975206612,9.43392834019164,8.06989862535134,"0,842530609751863","0,744853287285786",113.20714008229967,96.83878350421608,5.299687746450458,4.533418245045002,12,Rodez,25920
781,12203,3153.1111111111118,4947.5,1717.6,7.48541022827967,6.85002012375386,"0,782173824594697","0,786546484646597",89.82492273935604,82.20024148504632,2.848771247636212,2.606956703662756,12,Roquefort-sur-Soulzon,514
782,12204,1330.571428571427,1150.33333333333,1465.75,7.48541022827967,6.85002012375386,"0,782173824594697","0,786546484646597",89.82492273935604,82.20024148504632,6.750853115476627,6.1778150139072885,12,La Roque-Sainte-Marguerite,182
783,12205,1383.238095238097,1460.36363636364,1298.4,7.45242767223032,6.66703697191052,"0,668003573484317","0,608040862538914",89.42913206676384,80.00444366292623,6.4652016434936606,5.783851958556351,12,La Rouquette,792
784,12206,1375.13333333333,1168.33333333333,1685.33333333333,7.42436142057001,6.59580163803582,"0,736987541516246","0,702447098168214",89.09233704684013,79.14961965642985,6.478814445642144,5.755777838980223,12,Roussennac,638
785,12207,1468.0,1320.0,1542.0,8.44043608592792,6.57859314577335,"0,809948390588133","0,632504259288815",101.28523303113504,78.9431177492802,6.899539034818464,5.377596576926445,12,Rullac-Saint-Cirq,356
786,12208,1641.6606334841624,1618.86554621849,1668.25490196078,8.49960481554708,7.33381856131215,"0,836805699338085","0,76758085846708",101.99525778656496,88.0058227357458,6.212931936492643,5.3607804768374985,12,Saint-Affrique,8514
787,12209,1371.4736842105274,1447.77777777778,1302.8,6.73536231316525,6.6608672241038,"0,744673850530618","0,775505076035366",80.82434775798299,79.9304066892456,5.8932481671719845,5.828067108356993,12,Saint-Amans-des-Cots,745
788,12210,2489.5,3541.4,1437.6,7.45242767223032,8.42205800426854,"0,668003573484317","0,704116289716419",89.42913206676384,101.06469605122248,3.592252744196178,4.059638323005522,12,Saint-André-de-Najac,463
789,12211,1589.0,1000.0,2178.0,7.67782728792633,6.85002012375386,"0,761280293865421","0,786546484646597",92.13392745511597,82.20024148504632,5.798233320019884,5.173080017938724,12,Saint-André-de-Vézines,133
790,12212,1329.0,997.5,1550.0,7.49392444080918,7.83158605567155,"0,75119921146017","0,597960350660021",89.92709328971016,93.9790326680586,6.766523197118898,7.0714095310804055,12,Saint-Beaulize,101
791,12213,1905.049999999998,2053.5,1806.08333333333,7.48541022827967,6.85002012375386,"0,782173824594697","0,786546484646597",89.82492273935604,82.20024148504632,4.715095285654242,4.31486005538156,12,Saint-Beauzély,590
792,12214,1676.6153846153843,1454.0,1815.75,8.23559431646865,6.52034579031579,"0,697781496141683","0,684869111304838",98.8271317976238,78.24414948378949,5.894442619605016,4.666791811751071,12,Saint-Chély-d'Aubrac,523
793,12215,2056.333333333335,1857.3,2237.27272727273,7.65252464390287,6.59580163803582,"0,791869282402154","0,702447098168214",91.83029572683444,79.14961965642985,4.465730056419242,3.849065634126915,12,Saint-Christophe-Vallon,1222
794,12216,1248.4799999999989,1300.3125,1156.33333333333,6.13241571198312,6.52034579031579,"0,76532044721296","0,684869111304838",73.58898854379744,78.24414948378949,5.894286535931493,6.267152816528062,12,Saint-Côme-d'Olt,1484
795,12217,1474.4615384615386,1609.0,1390.375,7.1467394529193,6.52314458668559,"0,694311264213314","0,620890075079722",85.7608734350316,78.27773504022709,5.816419838561199,5.30890314859637,12,Sainte-Croix,762
796,12219,1379.6470588235295,1556.0,1256.2,6.13241571198312,6.52034579031579,"0,76532044721296","0,684869111304838",73.58898854379744,78.24414948378949,5.3338995704125365,5.67131636916697,12,Sainte-Eulalie-d'Olt,380
797,12220,1670.176470588236,1675.90909090909,1659.66666666667,7.48541022827967,6.85002012375386,"0,782173824594697","0,786546484646597",89.82492273935604,82.20024148504632,5.378169571968626,4.921650073066554,12,Sainte-Eulalie-de-Cernon,323
798,12221,1450.1428571428555,1038.33333333333,1759.0,6.73536231316525,5.71543464439047,"0,744673850530618","0,668935231568029",80.82434775798299,68.58521573268564,5.573543831207582,4.729548912706138,12,Saint-Félix-de-Lunel,389
799,12222,1055.6666666666667,1153.6,985.714285714286,7.49392444080918,6.25046972774286,"0,75119921146017","0,727621604618717",89.92709328971016,75.00563673291431,8.518512152482806,7.105049264248276,12,Saint-Félix-de-Sorgues,196
800,12223,1252.999999999999,1314.61538461538,1176.71428571429,8.23559431646865,6.67031501909787,"0,697781496141683","0,710098926828929",98.8271317976238,80.04378022917444,7.887241165013874,6.388170808393814,12,Argences en Aubrac,1640
801,12224,1435.0932203389857,1446.58461538462,1421.0,7.25636779760781,6.52034579031579,"0,729744805016218","0,684869111304838",87.07641357129373,78.24414948378949,6.067648591547612,5.452199785691088,12,Saint Geniez d'Olt et d'Aubrac,2200
802,12225,1792.3055555555547,1872.65217391304,1650.15384615385,7.9290480611869,6.85002012375386,"0,785380428482692","0,786546484646597",95.1485767342428,82.20024148504632,5.308725202536681,4.586285035509305,12,Saint-Georges-de-Luzençon,1638
803,12226,1132.866666666666,1010.33333333333,1316.66666666667,6.73536231316525,5.71543464439047,"0,744673850530618","0,668935231568029",80.82434775798299,68.58521573268564,7.134497830693496,6.054129559173102,12,Saint-Hippolyte,434
804,12227,1383.142857142857,1198.0,1522.0,7.65252464390287,6.24601771270194,"0,791869282402154","0,534410550452238",91.83029572683444,74.95221255242328,6.639248813136139,5.418978391519965,12,Saint-Igest,186
805,12228,1066.3157894736848,962.3,1181.88888888889,6.33560707311459,6.45309586789266,"0,836805699338085","0,706302791920835",76.02728487737508,77.43715041471192,7.129903320188181,7.262121707203977,12,Saint-Izaire,326
806,12230,1397.7777777777765,1511.42857142857,1000.0,6.60595785390952,6.45309586789266,"0,817157306539124","0,706302791920835",79.27149424691424,77.43715041471192,5.671251575693393,5.540018710114531,12,Saint-Jean-Delnous,398
807,12231,1279.3714285714257,1239.73913043478,1355.33333333333,8.16501001364246,6.41662753384697,"0,753686249994803","0,665391626855589",97.98012016370951,76.99953040616364,7.658457737571667,6.01854384790686,12,Saint-Jean-du-Bruel,676
808,12232,1313.1538461538462,1180.75,1372.0,7.48541022827967,6.85002012375386,"0,782173824594697","0,786546484646597",89.82492273935604,82.20024148504632,6.840395967498264,6.259757127910504,12,Saint-Jean-et-Saint-Paul,292
809,12233,517.0,525.5,500.0,6.33560707311459,6.45309586789266,"0,836805699338085","0,706302791920835",76.02728487737508,77.43715041471192,14.705470962741794,14.978172227217009,12,Saint-Juéry,284
810,12234,1559.06666666667,1652.66666666667,1496.66666666667,7.50324640735117,6.57859314577335,"0,773769292293414","0,632504259288815",90.03895688821405,78.9431177492802,5.775183243492721,5.063485701869497,12,Sainte-Juliette-sur-Viaur,641
811,12235,1195.3636363636365,1204.6,1103.0,8.18417487718628,6.57859314577335,"0,808974796773809","0,632504259288815",98.21009852623536,78.9431177492802,8.215918197494783,6.604109021538386,12,Saint-Just-sur-Viaur,217
812,12236,1615.0,1676.75,1368.0,7.67782728792633,6.85002012375386,"0,761280293865421","0,786546484646597",92.13392745511597,82.20024148504632,5.704887148923588,5.089798234368193,12,Saint-Laurent-de-Lévézou,161
813,12237,1539.9999999999984,1848.75,1128.33333333333,7.48999700928688,6.85002012375386,"0,729744805016218","0,786546484646597",89.87996411144256,82.20024148504632,5.836361305937835,5.337678018509506,12,Saint-Laurent-d'Olt,702
814,12238,1989.8000000000025,1817.5,2104.66666666667,7.48541022827967,6.4554645080028,"0,782173824594697","0,76758085846708",89.82492273935604,77.4655740960336,4.51426890840064,3.893133686603353,12,Saint-Léons,442
815,12239,1845.3333333333333,1703.0,1916.5,7.48999700928688,6.85002012375386,"0,729744805016218","0,786546484646597",89.87996411144256,82.20024148504632,4.870662795056497,4.4544928550422505,12,Saint-Martin-de-Lenne,346
816,12240,1226.928571428573,1088.75,1411.16666666667,6.73536231316525,6.24601771270194,"0,744673850530618","0,534410550452238",80.82434775798299,74.95221255242328,6.587534893239567,6.108930405390491,12,Saint-Parthem,417
817,12241,2346.5588235294085,2283.73684210526,2426.13333333333,7.67782728792633,7.44008547094109,"0,761280293865421","0,744853287285786",92.13392745511597,89.28102565129308,3.926342119842506,3.804764012564041,12,Sainte-Radegonde,1837
818,12242,1431.0,1121.0,1741.0,7.1467394529193,6.66703697191052,"0,694311264213314","0,608040862538914",85.7608734350316,80.00444366292623,5.993072916494171,5.590806685040268,12,Saint-Rémy,315
819,12243,1444.733333333332,1088.08333333333,1682.5,7.9290480611869,6.85002012375386,"0,785380428482692","0,786546484646597",95.1485767342428,82.20024148504632,6.585891980128482,5.689648019360878,12,Saint-Rome-de-Cernon,973
820,12244,1300.35,1309.25,1287.0,7.9290480611869,6.4554645080028,"0,785380428482692","0,76758085846708",95.1485767342428,77.4655740960336,7.317151284980413,5.957286430271359,12,Saint-Rome-de-Tarn,908
821,12246,1213.75,998.666666666667,1342.8,6.9846057529017,5.71543464439047,"0,769022095543719","0,668935231568029",83.8152690348204,68.58521573268564,6.90548045600992,5.650687187038981,12,Saint-Santin,533
822,12247,1064.647058823532,1123.92307692308,872.0,7.48999700928688,6.85002012375386,"0,729744805016218","0,786546484646597",89.87996411144256,82.20024148504632,8.442231006655174,7.72089123844292,12,Saint-Saturnin-de-Lenne,331
823,12248,1088.8,1324.0,736.0,8.18417487718628,6.45309586789266,"0,808974796773809","0,706302791920835",98.21009852623536,77.43715041471192,9.02003109168216,7.112155622218215,12,Saint-Sernin-sur-Rance,720
824,12249,1089.4,1059.0,1097.0,6.33560707311459,7.03283965927177,"0,836805699338085","0,569730000208046",76.02728487737508,84.39407591126124,6.9788218172732766,7.746840087319739,12,Saint-Sever-du-Moustier,187
825,12250,1938.75,1390.5,2487.0,6.73536231316525,6.6608672241038,"0,744673850530618","0,775505076035366",80.82434775798299,79.9304066892456,4.168889632906924,4.122780486872759,12,Saint-Symphorien-de-Thénières,225
826,12251,1544.4,1751.25,717.0,7.9290480611869,6.4554645080028,"0,785380428482692","0,76758085846708",95.1485767342428,77.4655740960336,6.1608765044187255,5.015900938619114,12,Saint-Victor-et-Melvieu,319
827,12252,1994.9444444444443,1959.125,2023.6,7.65252464390287,6.24601771270194,"0,791869282402154","0,534410550452238",91.83029572683444,74.95221255242328,4.60315052795405,3.757107761128461,12,Salles-Courbatiès,494
828,12253,1707.2666666666648,1606.04545454545,1804.08695652174,7.9290480611869,6.4554645080028,"0,785380428482692","0,76758085846708",95.1485767342428,77.4655740960336,5.573152606558802,4.537403301341346,12,Salles-Curan,1056
829,12254,2368.619047619045,2388.88,2338.82352941176,8.98879371002996,7.44008547094109,"0,873015852431566","0,744853287285786",107.86552452035951,89.28102565129308,4.553941446548224,3.769328197416933,12,Salles-la-Source,2383
830,12255,1455.70588235294,1613.0,1167.33333333333,7.50324640735117,6.4554645080028,"0,773769292293414","0,76758085846708",90.03895688821405,77.4655740960336,6.185243734996728,5.321512747535348,12,Salmiech,790
831,12256,2024.923076923076,2014.9,2058.33333333333,8.61296086069322,7.43540324604255,"0,822254901241355","0,642837397598511",103.35553032831864,89.2248389525106,5.104170696961492,4.406332268586227,12,Salvagnac-Cajarc,371
832,12257,1569.166666666663,1549.63636363636,1599.85714285714,7.1467394529193,6.52314458668559,"0,694311264213314","0,620890075079722",85.7608734350316,78.27773504022709,5.46537695815391,4.988490815096798,12,Causse-et-Diège,803
833,12258,1628.1923076923115,1620.8275862069,1637.47826086957,8.44043608592792,6.24601771270194,"0,809948390588133","0,534410550452238",101.28523303113504,74.95221255242328,6.220716837477865,4.603400482751046,12,La Salvetat-Peyralès,1017
834,12259,1575.5294117647045,1514.8,1662.28571428571,7.65252464390287,6.66703697191052,"0,791869282402154","0,608040862538914",91.83029572683444,80.00444366292623,5.8285357950873165,5.0779403459892,12,Sanvensa,662
835,12260,1118.3333333333333,1060.25,1234.5,8.16501001364246,7.83158605567155,"0,753686249994803","0,597960350660021",97.98012016370951,93.9790326680586,8.761262607783266,8.403490253477669,12,Sauclières,185
836,12261,2127.7142857142885,1796.66666666667,4114.0,8.61296086069322,7.43540324604255,"0,822254901241355","0,642837397598511",103.35553032831864,89.2248389525106,4.857585016101985,4.193459598949734,12,Saujac,127
837,12262,1588.5357142857126,1815.64705882353,1237.54545454545,8.44043608592792,6.57859314577335,"0,809948390588133","0,632504259288815",101.28523303113504,78.9431177492802,6.376012331373872,4.9695525910651055,12,Sauveterre-de-Rouergue,725
838,12263,1708.5454545454545,1802.8,1630.0,7.45242767223032,6.52314458668559,"0,668003573484317","0,620890075079722",89.42913206676384,78.27773504022709,5.234226097341717,4.581542436109918,12,Savignac,774
839,12264,2330.9180327868835,2315.7037037037,2343.0,9.87605026235609,9.10200397938221,"0,873015852431566","0,775505076035366",118.51260314827309,109.22404775258651,5.0843745460486005,4.685881108483102,12,Sébazac-Concourès,3339
840,12265,1504.33333333333,1686.44444444444,958.0,7.65675919580528,6.6608672241038,"0,774282081534991","0,775505076035366",91.88111034966336,79.9304066892456,6.107762708818761,5.313344118496285,12,Sébrazac,547
841,12266,1073.818181818183,1088.875,1033.66666666667,7.67782728792633,6.4554645080028,"0,761280293865421","0,76758085846708",92.13392745511597,77.4655740960336,8.580030494465582,7.214030774266583,12,Ségur,553
842,12267,1197.545454545453,1257.33333333333,1125.8,6.60595785390952,6.45309586789266,"0,817157306539124","0,706302791920835",79.27149424691424,77.43715041471192,6.6194977356415245,6.46632243651281,12,La Selve,592
843,12268,1100.799999999998,1211.33333333333,935.0,7.65675919580528,6.6608672241038,"0,774282081534991","0,775505076035366",91.88111034966336,79.9304066892456,8.346757844264493,7.261119793717819,12,Sénergues,433
844,12270,1461.090000000003,1498.17307692308,1420.91666666667,8.15813145985923,6.74198591380699,"0,774282081534991","0,786546484646597",97.89757751831075,80.90383096568388,6.700311241491665,5.537224330170195,12,Sévérac d'Aveyron,4160
845,12272,1782.428571428571,1854.0,1603.5,8.45689130115991,6.52314458668559,"0,718552911680186","0,620890075079722",101.48269561391892,78.27773504022709,5.693507007272841,4.391633768386549,12,Sonnac,530
846,12273,1665.8333333333333,1486.5,1755.5,6.73536231316525,6.6608672241038,"0,744673850530618","0,775505076035366",80.82434775798299,79.9304066892456,4.851886808883422,4.798223513111292,12,Soulages-Bonneval,310
847,12274,1067.571428571429,1145.0,603.0,7.49392444080918,6.25046972774286,"0,75119921146017","0,727621604618717",89.92709328971016,75.00563673291431,8.423520045871417,7.025819043629066,12,Sylvanès,118
848,12277,1426.2500000000025,1155.66666666667,2238.0,6.73536231316525,5.71543464439047,"0,744673850530618","0,668935231568029",80.82434775798299,68.58521573268564,5.666913076808614,4.808779367760597,12,Taussac,517
849,12278,1140.3333333333333,1460.5,500.0,8.44043608592792,6.24601771270194,"0,809948390588133","0,534410550452238",101.28523303113504,74.95221255242328,8.882072466922104,6.572833605883363,12,Tayrac,193
850,12280,1176.800000000002,1171.75,1180.16666666667,8.23559431646865,7.19954748433424,"0,697781496141683","0,687485230224571",98.8271317976238,86.39456981201089,8.397954775460878,7.34148281883164,12,Thérondels,370
851,12281,1475.3749999999986,1321.2,1732.33333333333,7.1467394529193,6.52314458668559,"0,694311264213314","0,620890075079722",85.7608734350316,78.27773504022709,5.81281866881516,5.305616201997943,12,Toulonjac,769
852,12282,1298.5,1159.0,1438.0,7.9290480611869,7.83158605567155,"0,785380428482692","0,597960350660021",95.1485767342428,93.9790326680586,7.3275761828450365,7.237507329076518,12,Tournemire,429
853,12283,1371.9166666666624,1248.44444444444,1742.33333333333,6.60595785390952,6.4554645080028,"0,817157306539124","0,76758085846708",79.27149424691424,77.4655740960336,5.7781566601650605,5.646521831697783,12,Trémouilles,489
854,12284,1600.125,2117.25,1083.0,7.9290480611869,6.4554645080028,"0,785380428482692","0,76758085846708",95.1485767342428,77.4655740960336,5.946321489523806,4.841220160677048,12,Le Truel,350
855,12286,1379.4615384615386,1197.35714285714,1591.91666666667,7.5383844550065,6.4554645080028,"0,68476494192908","0,76758085846708",90.460613460078,77.4655740960336,6.557675653716689,5.615638561581648,12,Vabres-l'Abbaye,1242
856,12287,1452.727272727271,1474.83333333333,1426.2,8.61296086069322,6.66703697191052,"0,822254901241355","0,608040862538914",103.35553032831864,80.00444366292623,7.1145859425000415,5.507189488687044,12,Vailhourles,670
857,12288,1791.41666666667,1751.66666666667,1831.16666666667,8.53653636942136,7.44008547094109,"0,876993850630068","0,744853287285786",102.43843643305632,89.28102565129308,5.7182920277093245,4.983822430178699,12,Valady,1655
858,12289,1424.33333333333,1267.33333333333,1581.33333333333,7.42436142057001,6.59580163803582,"0,736987541516246","0,702447098168214",89.09233704684013,79.14961965642985,6.255020153066253,5.556959021045872,12,Valzergues,212
859,12290,1397.416666666665,1253.85714285714,1598.4,7.42436142057001,6.59580163803582,"0,736987541516246","0,702447098168214",89.09233704684013,79.14961965642985,6.3755026809117,5.663995681776846,12,Vaureilles,509
860,12291,2072.6666666666697,2040.66666666667,2136.66666666667,7.67782728792633,6.85002012375386,"0,761280293865421","0,786546484646597",92.13392745511597,82.20024148504632,4.445187879790085,3.9659170867664617,12,Verrières,373
861,12292,1291.11111111111,1273.42857142857,1353.0,7.48541022827967,6.85002012375386,"0,782173824594697","0,786546484646597",89.82492273935604,82.20024148504632,6.957179902359768,6.366627997981218,12,Versols-et-Lapeyre,430
862,12293,1152.166666666665,1282.33333333333,1022.0,7.39943213468797,6.41662753384697,"0,813032634773633","0,665391626855589",88.79318561625564,76.99953040616364,7.706626843592286,6.6830201422968685,12,Veyreau,130
863,12294,1214.7142857142842,1207.5,1224.33333333333,7.67782728792633,6.4554645080028,"0,761280293865421","0,76758085846708",92.13392745511597,77.4655740960336,7.584822911746589,6.377267066591037,12,Vézins-de-Lévézou,669
864,12296,1236.2666666666669,1322.8,1193.0,7.9290480611869,6.4554645080028,"0,785380428482692","0,76758085846708",95.1485767342428,77.4655740960336,7.696444407968302,6.266089362815488,12,Viala-du-Tarn,539
865,12297,1914.0625,2113.6,1581.5,7.67782728792633,6.52034579031579,"0,761280293865421","0,684869111304838",92.13392745511597,78.24414948378949,4.813527638471364,4.087857605683696,12,Le Vibal,543
866,12298,860.5833333333336,922.888888888889,673.666666666667,7.65252464390287,6.59580163803582,"0,791869282402154","0,702447098168214",91.83029572683444,79.14961965642985,10.670703483315704,9.197205731356233,12,Villecomtal,445
867,12299,1445.7368421052645,1318.57142857143,1801.8,7.9290480611869,6.4554645080028,"0,785380428482692","0,76758085846708",95.1485767342428,77.4655740960336,6.581320608506359,5.358207098273098,12,Villefranche-de-Panat,699
868,12300,1456.7072368421047,1501.95541401274,1408.38095238095,8.70993019731754,7.01086317657343,"0,668003573484317","0,608040862538914",104.51916236781048,84.13035811888116,7.175028703392067,5.775378606703538,12,Villefranche-de-Rouergue,11965
869,12301,1946.5897435897443,1690.25,2216.42105263158,7.1467394529193,6.52314458668559,"0,694311264213314","0,620890075079722",85.7608734350316,78.27773504022709,4.405698412695748,4.021275427860499,12,Villeneuve,2009
870,12303,1251.2857142857142,1117.0,1352.0,7.48999700928688,6.85002012375386,"0,729744805016218","0,786546484646597",89.87996411144256,82.20024148504632,7.183008891198744,6.569262363230098,12,Vimenet,253
871,12305,948.5365853658544,896.454545454545,1008.84210526316,8.36859957378499,6.42721510864854,"0,718552911680186","0,682861325785664",100.42319488541987,77.12658130378249,10.587171484448987,8.13111296851396,12,Viviez,1236
872,12307,1007.7142857142871,951.5,1082.66666666667,7.9290480611869,6.4554645080028,"0,785380428482692","0,76758085846708",95.1485767342428,77.4655740960336,9.44201923929258,7.687255722600432,12,Curan,309
873,30001,3415.4,3873.5,3110.0,11.1372162700185,8.8976429425558,"0,785547654384155","0,688432112347088",133.646595240222,106.7717153106696,3.9130583603742464,3.126184789795327,30,Aigaliers,545
874,30002,2530.400000000002,2574.15384615385,2483.0,11.0740425903727,9.62392990147602,"0,786276762409752","0,709348637648413",132.8885110844724,115.48715881771224,5.251680014403743,4.5639882555213465,30,Aigremont,793
875,30003,4085.7711864406792,3995.16431924883,4222.64539007092,13.0730337094295,11.5314982440228,"0,788528289421894","0,795251004152567",156.876404513154,138.3779789282736,3.839578805435184,3.3868264426432946,30,Aigues-Mortes,8795
876,30004,3355.471910112361,3547.18,3109.69230769231,11.3949088813883,10.0570261727472,"0,810188161069776","0,690689391587465",136.7389065766596,120.6843140729664,4.075102109022893,3.596642061263007,30,Aigues-Vives,3400
877,30005,1961.4,1167.0,2160.0,8.83748739202796,9.12900161322766,"0,729427810151835","0,676969979416682",106.04984870433552,109.54801935873192,5.406844534737203,5.585195235991227,30,Aiguèze,217
878,30006,3095.17127071823,3105.57407407407,3079.78082191781,12.2952328849571,10.4677387250377,"0,809079176437744","0,795251004152567",147.5427946194852,125.6128647004524,4.766870124936514,4.058349400203115,30,Aimargues,5865
879,30007,1875.9147034930968,1830.24631268437,1931.90596745027,10.0148342224189,8.69353763174337,"0,750806225973222","0,704560464429316",120.1780106690268,104.32245158092044,6.406368607551621,5.561151121992064,30,Alès,45552
880,30008,2251.300000000002,2303.38888888889,2173.16666666667,8.52056468276854,9.25748799257274,"0,729026984682262","0,83299183905464",102.24677619322247,111.08985591087288,4.541677084050211,4.934475898852786,30,Allègre-les-Fumades,1031
881,30009,1667.384615384616,2263.57142857143,971.833333333333,7.39943213468797,6.41662753384697,"0,813032634773633","0,665391626855589",88.79318561625564,76.99953040616364,5.325297162812895,4.617982539583535,30,Alzon,185
882,30010,2413.9898989898984,2288.44642857143,2577.48837209302,10.1478475953034,8.77681069560783,"0,705272651653987","0,658005069746683",121.7741711436408,105.32172834729396,5.044518669883232,4.362973034450742,30,Anduze,3360
883,30011,3421.866220735784,3296.22619047619,3582.99236641221,13.4602173676724,12.2146479448722,"0,883014927704024","0,834211198799927",161.5226084120688,146.5757753384664,4.720307516210775,4.283503967812893,30,Les Angles,8849
884,30012,2476.1584158415826,2607.87037037037,2324.82978723404,10.3516779219698,8.89035032853405,"0,769069003263707","0,800150683881433",124.2201350636376,106.6842039424086,5.0166473303533925,4.308456327344848,30,Aramon,4138
885,30013,3240.4,3366.0,3114.8,10.2775451022036,10.5822484197341,"0,817834662367068","0,770480558976852",123.3305412264432,126.9869810368092,3.80602830596356,3.918867455771176,30,Argilliers,463
886,30014,3519.2758620689656,3328.0,3790.25,11.6987745893103,10.092822669251,"0,833944664711149","0,754557056180274",140.3852950717236,121.113872031012,3.989039239145969,3.4414429779826845,30,Arpaillargues-et-Aureillac,1067
887,30015,1838.1249999999984,1946.0,1658.33333333333,8.97539512085232,6.41662753384697,"0,752551975942215","0,665391626855589",107.70474145022786,76.99953040616364,5.859489504262655,4.189025795643044,30,Arphy,141
888,30016,1098.8333333333333,1003.0,1233.0,7.39943213468797,8.29590171266516,"0,813032634773633","0,697574841623361",88.79318561625564,99.55082055198191,8.080678199568238,9.059683350703647,30,Arre,269
889,30017,2221.749999999998,1838.6,2860.33333333333,7.39943213468797,7.83158605567155,"0,813032634773633","0,597960350660021",88.79318561625564,93.9790326680586,3.99654261803784,4.229955335571448,30,Arrigas,216
890,30018,3194.285714285714,3222.0,3028.0,10.8523221126754,10.5907484947331,"0,831619501462669","0,702786169624396",130.2278653521048,127.0889819367972,4.07690097256142,3.978635391581308,30,Aspères,566
891,30019,3058.887640449441,3119.29824561404,2951.28125,11.507115428332,9.19155325282824,"0,749621287818877","0,755608424552208",138.085385139984,110.29863903393888,4.514235283244832,3.605841469147025,30,Aubais,2986
892,30020,2718.5750000000007,2695.57142857143,2772.25,12.3344023447856,9.97419567943131,"0,776802429619515","0,741816695736611",148.0128281374272,119.6903481531757,5.444500451060837,4.402687001578977,30,Aubord,2327
893,30021,3745.249999999997,3048.0,3844.85714285714,10.2421883018343,10.092822669251,"0,810211680881295","0,754557056180274",122.9062596220116,121.113872031012,3.2816570221483663,3.233799400067074,30,Aubussargues,331
894,30022,2244.0,1866.0,3000.0,8.31175826212658,8.14741233068757,"0,724629166917793","0,702060763792701",99.74109914551894,97.76894796825084,4.444790514506192,4.356904989672498,30,Aujac,162
895,30023,3812.227272727273,3067.125,4238.0,11.7661163724702,10.0077739828154,"0,810188161069776","0,690689391587465",141.1933964696424,120.0932877937848,3.703698294163676,3.150213227131915,30,Aujargues,783
896,30024,1633.214285714285,1508.57142857143,1757.85714285714,9.29614863836817,6.41662753384697,"0,807472270112584","0,665391626855589",111.55378366041803,76.99953040616364,6.83032132624471,4.714600593423535,30,Aulas,451
897,30025,1573.0,1475.0,1695.5,8.97539512085232,7.83158605567155,"0,752551975942215","0,597960350660021",107.70474145022786,93.9790326680586,6.847091001285941,5.974509387670604,30,Aumessas,258
898,30026,1360.0540540540544,1381.31818181818,1328.86666666667,9.29614863836817,7.83158605567155,"0,807472270112584","0,597960350660021",111.55378366041803,93.9790326680586,8.2021580927536,6.909948350061935,30,Avèze,1081
899,30027,2554.750000000002,2696.68421052632,2446.88,10.1270878596784,9.62392990147602,"0,705272651653987","0,709348637648413",121.5250543161408,115.48715881771224,4.756827647172551,4.520487672676863,30,Bagard,2657
900,30028,1969.741007194244,1934.28888888889,2016.07883817427,9.78380704748971,8.60878061484284,"0,730760868479101","0,602338437471604",117.40568456987651,103.30536737811408,5.960463032503577,5.244616779607246,30,Bagnols-sur-Cèze,18445
901,30029,2435.745098039216,2260.90625,2730.21052631579,8.52056468276854,9.12900161322766,"0,729026984682262","0,676969979416682",102.24677619322247,109.54801935873192,4.197761755757264,4.497515747724115,30,Barjac,1638
902,30030,2812.5652173913068,2657.38461538462,3014.3,11.1372162700185,9.14701497076435,"0,785547654384155","0,726597289549678",133.646595240222,109.7641796491722,4.75176875593239,3.9026358916213857,30,Baron,348
903,30031,2779.6250000000027,2892.16666666667,2442.0,10.3056430827235,9.25748799257274,"0,785417500616563","0,83299183905464",123.66771699268202,111.08985591087288,4.449079174085782,3.996577089027216,30,La Bastide-d'Engras,208
904,30032,2044.1742627345857,2154.31775700935,1895.93081761006,10.0996070572012,9.60689493067615,"0,76329334144327","0,723471367296358",121.1952846864144,115.2827391681138,5.928813746254976,5.639574926155992,30,Beaucaire,15869
905,30033,2715.6386554621818,2712.55405405405,2720.71111111111,11.9633014562076,9.98075084687373,"0,776802429619515","0,741816695736611",143.55961747449118,119.76901016248476,5.286403520061043,4.410344134761218,30,Beauvoisin,5884
906,30034,2781.8205128205163,2743.15384615385,2835.95384615385,11.6432138725772,10.0550750846725,"0,771981004716679","0,778695280427433",139.7185664709264,120.66090101607,5.022558638381177,4.337479735302213,30,Bellegarde,8008
907,30035,3173.352941176472,3116.625,3223.77777777778,10.3056430827235,9.25748799257274,"0,785417500616563","0,83299183905464",123.66771699268202,111.08985591087288,3.897067842281486,3.5007091228146843,30,Belvézet,236
908,30036,2842.891089108909,3047.0,2617.52083333333,12.6975739675212,10.7223640819094,"0,776802429619515","0,723929511726301",152.3708876102544,128.6683689829128,5.359715966397234,4.525968985440216,30,Bernis,3386
909,30037,1519.2972972973,1674.48648648649,1364.10810810811,7.73471276107453,7.06641953117677,"0,724629166917793","0,704560464429316",92.81655313289436,84.79703437412124,6.109176479021391,5.581332536098623,30,Bessèges,2647
910,30038,1162.0,823.2,1500.8,7.39943213468797,7.83158605567155,"0,813032634773633","0,597960350660021",88.79318561625564,93.9790326680586,7.641410121880865,8.087696443034302,30,Bez-et-Esparon,339
911,30039,2481.037037037036,2547.42857142857,2409.53846153846,12.6830522448023,10.1194565474337,"0,833944664711149","0,708982803320056",152.1966269376276,121.4334785692044,6.134395604161861,4.894464562859796,30,Bezouce,2368
912,30040,1562.3636363636344,1405.83333333333,1750.2,8.16501001364246,7.83158605567155,"0,753686249994803","0,597960350660021",97.98012016370951,93.9790326680586,6.271275001750297,6.015183052185766,30,Blandas,136
913,30041,3415.958333333332,3483.16129032258,3293.41176470588,11.6987745893103,10.5822484197341,"0,833944664711149","0,770480558976852",140.3852950717236,126.9869810368092,4.109689913422743,3.717462821418369,30,Blauzac,1249
914,30042,2669.4477611940288,2661.92857142857,2682.08,11.0775073627658,8.77681069560783,"0,775851853720363","0,658005069746683",132.9300883531896,105.32172834729396,4.979684947786007,3.945450061932816,30,Boisset-et-Gaujac,2667
915,30043,2847.8999999999987,2782.11111111111,3440.0,11.2198529549783,11.1974885565008,"0,826961373831791","0,652877688456382",134.6382354597396,134.3698626780096,4.7276321310347855,4.718208598546637,30,Boissières,612
916,30044,2851.6666666666665,2324.5,3906.0,7.0455644755369,7.06641953117677,"0,779320297898563","0,704560464429316",84.5467737064428,84.79703437412124,2.964819650722717,2.973595594650657,30,Bonnevaux,80
917,30045,2286.8461538461534,2176.5,2381.42857142857,8.31175826212658,7.06641953117677,"0,724629166917793","0,704560464429316",99.74109914551894,84.79703437412124,4.361513299780506,3.708034063922689,30,Bordezac,394
918,30046,2013.9499999999996,1973.35714285714,2108.66666666667,10.1515397629874,8.96383393530954,"0,752505057308404","0,712762033265884",121.8184771558488,107.56600722371448,6.048733938570909,5.341046561419822,30,Boucoiran-et-Nozières,1005
919,30047,2826.936936936936,2666.0,3016.27450980392,11.5967114863045,10.4947314636484,"0,8724136780069","0,787399323997189",139.160537835654,125.9367775637808,4.922661557015073,4.454884575537676,30,Bouillargues,6251
920,30049,2470.0,2184.0,2827.5,11.6987745893103,10.092822669251,"0,833944664711149","0,754557056180274",140.3852950717236,121.113872031012,5.683615185090024,4.903395628785911,30,Bourdic,381
921,30050,2489.333333333333,2701.5,2383.25,10.6486584546092,8.74912805838969,"0,78394356337077","0,684761802832001",127.7839014553104,104.98953670067628,5.133257958836786,4.217576460927007,30,Bragassargues,169
922,30051,1723.08,1628.1,1786.4,7.17082089510038,7.06641953117677,"0,82125273973313","0,704560464429316",86.04985074120455,84.79703437412124,4.993955634166989,4.921247671270123,30,Branoux-les-Taillades,1320
923,30052,1861.882352941176,1987.11111111111,1721.0,8.97539512085232,6.41662753384697,"0,752551975942215","0,665391626855589",107.70474145022786,76.99953040616364,5.784723254940838,4.1355744246960136,30,Bréau-Mars,700
924,30053,1910.199999999998,2091.33333333333,1638.5,10.1515397629874,8.8976429425558,"0,752505057308404","0,688432112347088",121.8184771558488,106.7717153106696,6.37726296491723,5.58955686894931,30,Brignon,724
925,30054,3278.833333333333,3496.4,2191.0,10.8523221126754,8.99155735658303,"0,831619501462669","0,689687486253139",130.2278653521048,107.89868827899636,3.971774473199963,3.290764650403996,30,Brouzet-lès-Quissac,303
926,30055,2210.8888888888864,2154.33333333333,2324.0,11.1372162700185,9.14701497076435,"0,785547654384155","0,726597289549678",133.646595240222,109.7641796491722,6.044925907940494,4.964708095499803,30,Brouzet-lès-Alès,693
927,30056,3305.458333333336,3437.86666666667,3084.77777777778,10.3056430827235,9.25748799257274,"0,785417500616563","0,83299183905464",123.66771699268202,111.08985591087288,3.74131828392982,3.3608003704238527,30,La Bruguière,337
928,30057,3012.2424242424268,2886.95454545455,3262.81818181818,11.3566560841817,10.9299298910164,"0,858330670755206","0,770480558976852",136.2798730101804,131.1591586921968,4.524200041583789,4.354203288441603,30,Cabrières,1816
929,30058,1640.4444444444432,1727.42857142857,1336.0,9.1025290067935,8.29590171266516,"0,708603922908045","0,697574841623361",109.230348081522,99.55082055198191,6.658582584216328,6.068527397506352,30,La Cadière-et-Cambo,236
930,30059,3069.8055555555547,3128.95238095238,2987.0,12.0833519857795,9.67318555435658,"0,788528289421894","0,795251004152567",145.00022382935398,116.07822665227896,4.723433494572353,3.7812892234235287,30,Le Cailar,2586
931,30060,2831.604938271605,2907.875,2757.19512195122,12.5243251083237,10.511073756377,"0,8724136780069","0,787399323997189",150.2919012998844,126.132885076524,5.307657832791522,4.454466206486939,30,Caissargues,4159
932,30061,2545.222222222223,2430.2,2745.26086956522,11.3555424391936,9.74577876140393,"0,786276762409752","0,712762033265884",136.2665092703232,116.94934513684716,5.35381579182306,4.594857930901576,30,La Calmette,2604
933,30062,3069.99253731343,3024.07462686567,3115.91044776119,11.6429418832153,10.9708285042653,"0,761726632637952","0,652877688456382",139.7153025985836,131.6499420511836,4.55099811808824,4.288282152190224,30,Calvisson,6384
934,30064,1226.125,1017.25,1435.0,8.16501001364246,7.83158605567155,"0,753686249994803","0,597960350660021",97.98012016370951,93.9790326680586,7.9910384474429215,7.664718741405533,30,Campestre-et-Luc,154
935,30065,1745.3846153846162,1499.88888888889,2297.75,11.0775073627658,8.77681069560783,"0,775851853720363","0,658005069746683",132.9300883531896,105.32172834729396,7.616091443770225,6.034299112008907,30,Canaules-et-Argentières,481
936,30066,2947.214285714287,3312.125,2460.66666666667,11.0740425903727,8.74912805838969,"0,786276762409752","0,684761802832001",132.8885110844724,104.98953670067628,4.508953140211369,3.562331290587885,30,Cannes-et-Clairan,623
937,30067,2696.705882352943,2760.71428571429,2651.9,11.0169646209971,9.25748799257274,"0,815865406912819","0,83299183905464",132.2035754519652,111.08985591087288,4.902409874102188,4.119465034649764,30,La Capelle-et-Masmolène,427
938,30068,1955.77777777778,1971.14285714286,1902.0,11.0775073627658,9.62392990147602,"0,775851853720363","0,709348637648413",132.9300883531896,115.48715881771224,6.796788973859249,5.904922334731332,30,Cardet,936
939,30069,3287.14285714286,3697.71428571429,2876.57142857143,10.6486584546092,8.99155735658303,"0,78394356337077","0,689687486253139",127.7839014553104,107.89868827899636,3.887385094251074,3.2824459711124465,30,Carnas,553
940,30070,2792.058823529408,3067.63636363636,2286.83333333333,11.6825768985552,9.04549691454154,"0,718630417041855","0,660801366486148",140.1909227826624,108.54596297449848,5.021059069430662,3.887667482495473,30,Carsan,815
941,30071,2150.333333333333,2849.25,1591.2,11.0740425903727,9.62392990147602,"0,786276762409752","0,709348637648413",132.8885110844724,115.48715881771224,6.1799028561993055,5.370663098017931,30,Cassagnoles,456
942,30072,1845.928571428573,1466.16666666667,2130.75,10.2421883018343,8.8976429425558,"0,810211680881295","0,688432112347088",122.9062596220116,106.7717153106696,6.658234859374535,5.784173719573476,30,Castelnau-Valence,495
943,30073,3798.93333333333,3371.58333333333,4287.33333333333,10.2775451022036,10.3563299573152,"0,817834662367068","0,717316073388323",123.3305412264432,124.2759594877824,3.2464518433185625,3.2713382569084963,30,Castillon-du-Gard,1770
944,30075,3598.114583333333,3787.484375,3219.375,12.7216778917125,11.5344683572878,"0,810666727312243","0,652877688456382",152.66013470055,138.4136202874536,4.242781355760048,3.8468374778444567,30,Caveirac,4445
945,30076,2718.81818181818,2788.83333333333,2634.8,10.3314510599724,9.04549691454154,"0,768623132328148","0,660801366486148",123.9774127196688,108.54596297449848,4.559974386987521,3.99239506710631,30,Cavillargues,870
946,30077,1917.176470588235,1711.90909090909,2293.5,7.17082089510038,7.06641953117677,"0,82125273973313","0,704560464429316",86.04985074120455,84.79703437412124,4.488363594134995,4.42301664322552,30,Cendras,1638
947,30079,1434.8,1193.0,1918.4,8.31175826212658,8.47892760664251,"0,724629166917793","0,636925650494929",99.74109914551894,101.74713127971012,6.95156810325613,7.091380769425015,30,Chambon,265
948,30080,1557.821428571429,1498.1,1591.0,7.60458747026525,7.06641953117677,"0,714923441401196","0,704560464429316",91.255049643183,84.79703437412124,5.857863293539796,5.443309022387937,30,Chamborigaud,893
949,30081,3192.8947368421063,3476.77777777778,2937.4,9.02709660777316,8.30120338240214,"0,710697857831293","0,602338437471604",108.32515929327792,99.61444058882569,3.3926943485902576,3.119878630491531,30,Chusclan,999
950,30082,2973.4631578947387,3068.19642857143,2837.4358974359,12.0936782513576,9.49354842714392,"0,810666727312243","0,689687486253139",145.1241390162912,113.92258112572704,4.88064358998285,3.831309657335258,30,Clarensac,4357
951,30083,3259.042253521123,3052.29545454545,3595.96296296296,12.1946913499281,10.3977192015976,"0,810188161069776","0,690689391587465",146.3362961991372,124.7726304191712,4.490162594272383,3.828506067522285,30,Codognan,2560
952,30084,2668.7500000000014,2634.66666666667,2689.2,10.1757577934306,9.36548429689341,"0,768623132328148","0,725599966523231",122.1090935211672,112.38581156272092,4.57551638486809,4.211177950827948,30,Codolet,606
953,30085,2751.774193548388,2940.05882352941,2523.14285714286,11.6987745893103,10.3563299573152,"0,833944664711149","0,717316073388323",140.3852950717236,124.2759594877824,5.101628447597949,4.516212114320677,30,Collias,1102
954,30086,4192.05882352941,3162.28571428571,4912.9,10.2421883018343,8.8976429425558,"0,810211680881295","0,688432112347088",122.9062596220116,106.7717153106696,2.93188299105339,2.546999453141632,30,Collorgues,680
955,30087,2558.875,2990.5,2127.25,7.39943213468797,6.41662753384697,"0,813032634773633","0,665391626855589",88.79318561625564,76.99953040616364,3.4700087193104645,3.009116522149915,30,Colognac,203
956,30088,2396.333333333336,2503.45454545455,2228.0,10.6486584546092,8.74912805838969,"0,78394356337077","0,684761802832001",127.7839014553104,104.98953670067628,5.332476065738361,4.38125761722115,30,Combas,774
957,30089,2546.816326530615,2528.88461538462,2567.08695652174,10.5018886164857,9.24903553499799,"0,769069003263707","0,723471367296358",126.0226633978284,110.98842641997588,4.9482431098398845,4.357928181305842,30,Comps,1731
958,30090,1514.4117647058824,1354.0,2035.75,7.60458747026525,7.06641953117677,"0,714923441401196","0,704560464429316",91.255049643183,84.79703437412124,6.025775272612588,5.599338063158131,30,Concoules,277
959,30091,2987.0270270270303,2759.05263157895,3227.66666666667,11.7661163724702,9.36972129768416,"0,810188161069776","0,690689391587465",141.1933964696424,112.43665557220992,4.726887142034712,3.764165993640755,30,Congénies,1661
960,30092,2683.947368421051,2725.63333333333,2637.62962962963,10.8755285201983,8.76459477744319,"0,815865406912819","0,68798201799832",130.5063422423796,105.17513732931828,4.862477699000321,3.9186736136033895,30,Connaux,1748
961,30093,2816.333333333333,2664.0,3121.0,9.1025290067935,8.77681069560783,"0,708603922908045","0,658005069746683",109.230348081522,105.32172834729396,3.8784595128957977,3.7396755242263215,30,Conqueyrac,115
962,30094,3484.3333333333358,3880.0,3088.66666666667,10.1270878596784,8.77681069560783,"0,705272651653987","0,658005069746683",121.5250543161408,105.32172834729396,3.487756270433581,3.022722520251428,30,Corbès,160
963,30095,2847.7727272727298,2808.09090909091,2887.45454545455,10.8523221126754,8.99155735658303,"0,831619501462669","0,689687486253139",130.2278653521048,107.89868827899636,4.5729725586922845,3.788879893597736,30,Corconne,632
964,30096,2804.607142857144,2696.59090909091,3200.66666666667,9.26894539020895,9.04549691454154,"0,719380224269117","0,660801366486148",111.2273446825074,108.54596297449848,3.9658796764382656,3.8702733554304216,30,Cornillon,926
965,30097,2509.647058823528,2447.9,2597.85714285714,9.00561991395726,8.47892760664251,"0,728437485806589","0,636925650494929",108.0674389674871,101.74713127971012,4.306081151432782,4.0542406519667,30,Courry,286
966,30098,2843.1249999999973,2805.85714285714,3104.0,10.6486584546092,8.74912805838969,"0,78394356337077","0,684761802832001",127.7839014553104,104.98953670067628,4.494487630874848,3.692751345814074,30,Crespian,500
967,30099,2543.4545454545478,2646.66666666667,2419.6,8.97539512085232,8.77681069560783,"0,752551975942215","0,658005069746683",107.70474145022786,105.32172834729396,4.2345848736596805,4.1408928866260375,30,Cros,261
968,30100,2035.9285714285736,1885.2,2119.66666666667,10.5910940984472,8.8976429425558,"0,750806225973222","0,688432112347088",127.0931291813664,106.7717153106696,6.24251415127926,5.244374326735335,30,Cruviers-Lascours,713
969,30101,2618.3,2829.125,1775.0,10.5910940984472,8.8976429425558,"0,750806225973222","0,688432112347088",127.0931291813664,106.7717153106696,4.854032356161112,4.077902276693641,30,Deaux,657
970,30102,1902.2800000000009,2035.38461538462,1758.08333333333,11.0740425903727,10.092822669251,"0,786276762409752","0,754557056180274",132.8885110844724,121.113872031012,6.98574926322478,6.366774188395606,30,Dions,541
971,30103,2927.590909090907,3306.33333333333,2473.1,11.4417121954563,10.3344137528576,"0,883014927704024","0,77163810323132",137.3005463454756,124.0129650342912,4.689881565047999,4.236007314041033,30,Domazan,977
972,30104,2453.33333333333,2545.58333333333,2268.83333333333,11.0740425903727,9.62392990147602,"0,786276762409752","0,709348637648413",132.8885110844724,115.48715881771224,5.416651267030133,4.707357017026321,30,Domessargues,769
973,30105,2196.2941176470613,2059.55555555556,2350.125,7.39943213468797,6.41662753384697,"0,813032634773633","0,665391626855589",88.79318561625564,76.99953040616364,4.042864063733949,3.505884288788013,30,Dourbies,159
974,30106,2471.523809523809,2678.76923076923,2134.75,11.0775073627658,8.77681069560783,"0,775851853720363","0,658005069746683",132.9300883531896,105.32172834729396,5.378466832524723,4.261408607169615,30,Durfort-et-Saint-Martin-de-Sossenac,773
975,30107,3154.636363636361,2384.28571428571,4502.75,11.4417121954563,10.3344137528576,"0,883014927704024","0,77163810323132",137.3005463454756,124.0129650342912,4.35234145932461,3.931133441045516,30,Estézargues,618
976,30108,1864.5,700.0,3029.0,7.17082089510038,6.41662753384697,"0,82125273973313","0,665391626855589",86.04985074120455,76.99953040616364,4.615170326693728,4.129768324278018,30,L'Estréchure,154
977,30109,2720.000000000003,2535.66666666667,3826.0,11.1372162700185,9.14701497076435,"0,785547654384155","0,726597289549678",133.646595240222,109.7641796491722,4.913477766184627,4.035447781219561,30,Euzet,500
978,30110,3338.0999999999995,3343.66666666667,3333.54545454545,11.0169646209971,10.3563299573152,"0,815865406912819","0,717316073388323",132.2035754519652,124.2759594877824,3.960443828883653,3.7229549590420423,30,Flaux,347
979,30111,3507.9999999999973,3620.28571428571,3246.0,10.3056430827235,8.8976429425558,"0,785417500616563","0,688432112347088",123.66771699268202,106.7717153106696,3.5253055015017707,3.043663492322397,30,Foissac,457
980,30112,2809.0731707317045,2936.13636363636,2661.94736842105,11.3487210982071,8.74912805838969,"0,810666727312243","0,684761802832001",136.1846531784852,104.98953670067628,4.848027975825634,3.737515198770302,30,Fons,1753
981,30113,3271.4166666666674,2681.8,3692.57142857143,11.1372162700185,9.25748799257274,"0,785547654384155","0,83299183905464",133.646595240222,111.08985591087288,4.085281969795613,3.3957721449180376,30,Fons-sur-Lussan,232
982,30114,2726.8888888888887,2715.7,2740.875,10.6486584546092,8.74912805838969,"0,78394356337077","0,684761802832001",127.7839014553104,104.98953670067628,4.686069240884173,3.8501582198112896,30,Fontanès,698
983,30115,3230.9333333333348,3132.75,3343.14285714286,10.2764124223895,9.25748799257274,"0,730760868479101","0,83299183905464",123.316949068674,111.08985591087288,3.8167593183189776,3.438320895227576,30,Fontarèches,263
984,30116,2122.0270270270253,2080.20833333333,2199.23076923077,10.2775451022036,8.48760440050392,"0,817834662367068","0,705322207491075",123.3305412264432,101.85125280604706,5.811921321248682,4.799715154841424,30,Fournès,1072
985,30117,2947.5178571428582,3113.0,2769.77777777778,12.3438215237507,10.4574046612386,"0,824986885555975","0,778695280427433",148.1258582850084,125.4888559348632,5.025443965540296,4.257441753262332,30,Fourques,2751
986,30119,2018.6666666666667,2134.75,1786.5,11.0775073627658,8.77681069560783,"0,775851853720363","0,658005069746683",132.9300883531896,105.32172834729396,6.58504400692815,5.217390770176386,30,Fressac,165
987,30120,2024.80952380952,1931.28571428571,2211.85714285714,8.31175826212658,8.47892760664251,"0,724629166917793","0,636925650494929",99.74109914551894,101.74713127971012,4.925949723797422,5.025022358067582,30,Gagnières,1105
988,30121,3570.6666666666665,3875.0,3418.5,10.8523221126754,8.74912805838969,"0,831619501462669","0,684761802832001",130.2278653521048,104.98953670067628,3.647158290294197,2.9403342989360426,30,Gailhan,300
989,30122,2507.25,2483.125,2531.375,11.3487210982071,10.092822669251,"0,810666727312243","0,754557056180274",136.1846531784852,121.113872031012,5.431634387415902,4.83054629697924,30,Gajan,759
990,30123,3351.3939393939377,3550.83636363636,3102.09090909091,12.6897645850075,10.230063645031,"0,810188161069776","0,690689391587465",152.27717502009,122.760763740372,4.543696675886083,3.662976240942058,30,Gallargues-le-Montueux,3731
991,30124,3523.0000000000014,2650.5,4104.66666666667,8.52056468276854,9.12900161322766,"0,729026984682262","0,676969979416682",102.24677619322247,109.54801935873192,2.90226443920586,3.1095094907389123,30,Le Garn,260
992,30125,2697.5376344086017,2621.42857142857,2812.72972972973,11.8098363162841,10.5756377725019,"0,771981004716679","0,778695280427433",141.7180357954092,126.9076532700228,5.253607363534669,4.704573965947487,30,Garons,5307
993,30126,3518.9,3532.11111111111,3508.09090909091,10.2421883018343,10.092822669251,"0,810211680881295","0,754557056180274",122.9062596220116,121.113872031012,3.492746586206246,3.441810566683111,30,Garrigues-Sainte-Eulalie,779
994,30127,2698.081081081082,2930.0,2425.23529411765,10.1757577934306,8.76459477744319,"0,768623132328148","0,68798201799832",122.1090935211672,105.17513732931828,4.525775536450515,3.898145910692057,30,Gaujac,1095
995,30128,2487.5142857142823,2452.9298245614,2528.58333333333,12.2228388351629,10.5223127801995,"0,776802429619515","0,691242986663287",146.6740660219548,126.267753362394,5.896411002111603,5.076061435608462,30,Générac,4108
996,30129,2731.08333333333,2323.44444444444,3954.0,10.1270878596784,9.62392990147602,"0,705272651653987","0,709348637648413",121.5250543161408,115.48715881771224,4.449701436529129,4.228620833651325,30,Générargues,721
997,30130,1408.166666666668,1494.0,1312.23529411765,7.60458747026525,8.47892760664251,"0,714923441401196","0,636925650494929",91.255049643183,101.74713127971012,6.480415408440021,7.225503464057996,30,Génolhac,828
998,30131,2832.1395348837245,2687.79166666667,3014.47368421053,9.34405096721753,9.12900161322766,"0,729026984682262","0,676969979416682",112.12861160661036,109.54801935873192,3.9591485597906417,3.868030441629688,30,Goudargues,1151
999,30132,1179.7291666666697,1163.01851851852,1201.21428571429,8.37848802962264,7.06641953117677,"0,714923441401196","0,704560464429316",100.54185635547168,84.79703437412124,8.522452372653733,7.187839104946067,30,La Grand-Combe,4942
1000,30133,5292.201219512192,5097.23253275109,5538.87430939226,14.608615834419,10.8171853933783,"0,706025812683154","0,795251004152567",175.303390013028,129.8062247205396,3.312485348567048,2.452783243425209,30,Le Grau-du-Roi,8590
1001,30134,2532.166666666669,2713.71428571429,2278.0,8.52056468276854,9.12900161322766,"0,729026984682262","0,676969979416682",102.24677619322247,109.54801935873192,4.037916521814878,4.326256276919574,30,Issirac,324
1002,30135,2364.554216867468,2319.48,2432.84848484848,11.4159263871929,9.33201873991463,"0,76329334144327","0,708982803320056",136.99111664631482,111.98422487897555,5.793528254463074,4.735955051490884,30,Jonquières-Saint-Vincent,3923
1003,30136,3401.714285714284,3092.73333333333,3758.23076923077,12.2605878421653,10.0077739828154,"0,749621287818877","0,690689391587465",147.1270541059836,120.0932877937848,4.325085581815412,3.5303755020850582,30,Junas,1282
1004,30137,2309.0,1379.0,2541.5,7.17082089510038,6.41662753384697,"0,82125273973313","0,665391626855589",86.04985074120455,76.99953040616364,3.726715060251388,3.3347566221811884,30,Lamelouze,142
1005,30138,3259.792452830186,3275.05405405405,3224.5,11.2466786214841,11.1974885565008,"0,848721837783813","0,652877688456382",134.9601434578092,134.3698626780096,4.140145282581884,4.122037357358389,30,Langlade,2350
1006,30139,1590.9999999999984,1674.0,1480.33333333333,7.39943213468797,6.41662753384697,"0,813032634773633","0,665391626855589",88.79318561625564,76.99953040616364,5.580967040619468,4.839693928734363,30,Lanuéjols,366
1007,30140,1401.0624999999975,1398.47058823529,1404.0,7.39943213468797,6.41662753384697,"0,813032634773633","0,665391626855589",88.79318561625564,76.99953040616364,6.337560645314238,5.495795541324085,30,Lasalle,1186
1008,30141,2653.291044776118,2613.77027027027,2702.03333333333,10.7324215178051,8.97404038547867,"0,768623132328148","0,68798201799832",128.7890582136612,107.68848462574404,4.853936339446256,4.058675916378058,30,Laudun-l'Ardoise,6792
1009,30142,1643.0909090909065,1770.33333333333,1370.42857142857,11.1372162700185,8.47892760664251,"0,785547654384155","0,636925650494929",133.646595240222,101.74713127971012,8.133852758893685,6.192422507894285,30,Laval-Pradel,1110
1010,30143,2708.25,2797.8,2559.0,8.83748739202796,9.12900161322766,"0,729427810151835","0,676969979416682",106.04984870433552,109.54801935873192,3.915807207766473,4.044974406304142,30,Laval-Saint-Roman,216
1011,30144,3356.0833333333344,3660.66666666667,2442.33333333333,10.6486584546092,8.74912805838969,"0,78394356337077","0,684761802832001",127.7839014553104,104.98953670067628,3.80753064699358,3.128335213190264,30,Lecques,482
1012,30145,2518.744186046511,2608.11111111111,2367.9375,11.6987745893103,10.3563299573152,"0,833944664711149","0,717316073388323",140.3852950717236,124.2759594877824,5.57362259531708,4.934044520132444,30,Lédenon,1701
1013,30146,2335.346153846153,2302.57142857143,2373.58333333333,10.6159237332665,8.77681069560783,"0,775851853720363","0,658005069746683",127.391084799198,105.32172834729396,5.454912308798152,4.509897951266728,30,Lédignan,1544
1014,30147,2474.2162162162144,2450.76923076923,2529.63636363636,10.1460227964315,8.77681069560783,"0,775851853720363","0,658005069746683",121.752273557178,105.32172834729396,4.920842113926976,4.256771403283464,30,Lézan,1606
1015,30148,2797.2727272727275,2492.0,3163.6,10.6486584546092,8.99155735658303,"0,78394356337077","0,689687486253139",127.7839014553104,107.89868827899636,4.5681602730205215,3.8572816739322713,30,Liouc,337
1016,30149,2765.8125,3091.875,2439.75,10.0376425542347,9.90883002981661,"0,7508522480538","0,633368718020594",120.4517106508164,118.90596035779932,4.355020835679079,4.299133088660179,30,Lirac,953
1017,30150,2565.1111111111118,2644.0,2289.0,10.6486584546092,8.74912805838969,"0,78394356337077","0,684761802832001",127.7839014553104,104.98953670067628,4.98161272241962,4.092982025063184,30,Logrian-Florian,269
1018,30151,3141.399999999998,3100.7,3168.53333333333,8.52056468276854,9.12900161322766,"0,729026984682262","0,676969979416682",102.24677619322247,109.54801935873192,3.2548155660922697,3.487235607013816,30,Lussan,538
1019,30152,2393.488888888886,2433.72413793103,2320.5625,11.1372162700185,8.47892760664251,"0,785547654384155","0,636925650494929",133.646595240222,101.74713127971012,5.583756660022095,4.250996599651797,30,Les Mages,2140
1020,30154,2509.2307692307654,1775.33333333333,3138.28571428571,8.97539512085232,6.41662753384697,"0,752551975942215","0,665391626855589",107.70474145022786,76.99953040616364,4.292341014264145,3.068650813243804,30,Mandagout,379
1021,30155,2746.8333333333344,2741.24691358025,2754.77192982456,11.7268812008571,10.1116857161327,"0,771981004716679","0,787399323997189",140.7225744102852,121.3402285935924,5.123083832666167,4.417458719504606,30,Manduel,7169
1022,30156,2772.704301075267,2631.7,2936.66279069767,11.548601642025,10.5899189806804,"0,858330670755206","0,770480558976852",138.5832197043,127.0790277681648,4.998124742351965,4.58321602194951,30,Marguerittes,8513
1023,30158,2612.4444444444434,2599.5,2638.33333333333,10.5910940984472,8.8976429425558,"0,750806225973222","0,688432112347088",127.0931291813664,106.7717153106696,4.86491222623468,4.087042522099468,30,Martignargues,441
1024,30159,1363.548387096774,1123.875,1619.2,8.31175826212658,8.47892760664251,"0,724629166917793","0,636925650494929",99.74109914551894,101.74713127971012,7.314819194490389,7.461937709181485,30,Le Martinet,750
1025,30160,2255.8,1390.0,2472.25,10.1515397629874,8.96383393530954,"0,752505057308404","0,712762033265884",121.8184771558488,107.56600722371448,5.400233937221774,4.768419506326556,30,Maruéjols-lès-Gardon,280
1026,30161,2600.090909090907,2538.0,2651.83333333333,11.0775073627658,9.62392990147602,"0,775851853720363","0,709348637648413",132.9300883531896,115.48715881771224,5.112516946558116,4.44165849793656,30,Massanes,197
1027,30162,2737.153846153845,2610.23076923077,2864.07692307692,11.0775073627658,8.77681069560783,"0,775851853720363","0,658005069746683",132.9300883531896,105.32172834729396,4.856507738502841,3.8478556291342,30,Massillargues-Attuech,685
1028,30163,2407.0,1882.0,2757.0,11.0740425903727,9.62392990147602,"0,786276762409752","0,709348637648413",132.8885110844724,115.48715881771224,5.520918615890005,4.797970869036654,30,Mauressargues,183
1029,30164,2096.7631578947376,1957.2,2299.35483870968,8.52056468276854,9.12900161322766,"0,729026984682262","0,676969979416682",102.24677619322247,109.54801935873192,4.876410376071455,5.224625344367649,30,Méjannes-le-Clap,749
1030,30165,2484.851851851852,2572.58333333333,2414.66666666667,11.1372162700185,8.8976429425558,"0,785547654384155","0,688432112347088",133.646595240222,106.7717153106696,5.37845325227824,4.29690467184582,30,Méjannes-lès-Alès,1270
1031,30166,2785.2909090909097,2775.25806451613,2798.25,10.4259874172329,9.56884241473845,"0,771981004716679","0,708982803320056",125.1118490067948,114.8261089768614,4.4918772613102025,4.122589443066091,30,Meynes,2729
1032,30167,1967.2413793103465,2172.84210526316,1576.6,9.00561991395726,8.47892760664251,"0,728437485806589","0,636925650494929",108.0674389674871,101.74713127971012,5.493349220082601,5.172071528679389,30,Meyrannes,800
1033,30168,2827.937500000002,2662.2,2903.27272727273,10.1270878596784,9.62392990147602,"0,705272651653987","0,709348637648413",121.5250543161408,115.48715881771224,4.297303399249126,4.083794596511138,30,Mialet,644
1034,30169,2684.023076923077,2535.62025316456,2913.90196078431,11.338283004249,11.072423086779,"0,848721837783813","0,691242986663287",136.059396050988,132.86907704134802,5.069233466016409,4.950370143376975,30,Milhaud,6257
1035,30170,1916.451612903224,1744.57894736842,2188.58333333333,9.29614863836817,7.83158605567155,"0,807472270112584","0,597960350660021",111.55378366041803,93.9790326680586,5.820850519227339,4.903804094781719,30,Molières-Cavaillac,935
1036,30171,1619.9069767441854,1560.15625,1793.72727272727,7.5504223714379,7.06641953117677,"0,724629166917793","0,704560464429316",90.6050684572548,84.79703437412124,5.593226633257664,5.234685422773652,30,Molières-sur-Cèze,1197
1037,30172,2138.3999999999987,2249.0,1880.33333333333,8.97539512085232,8.77681069560783,"0,752551975942215","0,658005069746683",107.70474145022786,105.32172834729396,5.036697598682562,4.9252585272771245,30,Monoblet,802
1038,30173,2447.842105263157,2277.95238095238,2657.70588235294,10.5910940984472,8.8976429425558,"0,750806225973222","0,688432112347088",127.0931291813664,106.7717153106696,5.192047677752614,4.361871016153269,30,Mons,1837
1039,30174,3707.0877192982457,3653.03125,3776.28,10.3056430827235,9.25748799257274,"0,785417500616563","0,83299183905464",123.66771699268202,111.08985591087288,3.335980326251692,2.9966880830082503,30,Montaren-et-Saint-Médiers,1427
1040,30175,3382.0,3519.75,2280.0,8.52056468276854,9.12900161322766,"0,729026984682262","0,676969979416682",102.24677619322247,109.54801935873192,3.0232636367008423,3.2391490052847995,30,Montclus,178
1041,30176,1514.7777777777778,1666.4,1325.25,9.29614863836817,8.29590171266516,"0,807472270112584","0,697574841623361",111.55378366041803,99.55082055198191,7.364366265266355,6.571975243657574,30,Montdardier,201
1042,30177,2468.23076923077,2566.5,2140.66666666667,10.5910940984472,8.8976429425558,"0,750806225973222","0,688432112347088",127.0931291813664,106.7717153106696,5.149159096698859,4.325840056841414,30,Monteils,690
1043,30178,2647.89655172414,2610.46666666667,2688.0,10.5127728058318,9.24541272740273,"0,777481901281841","0,633368718020594",126.1532736699816,110.94495272883276,4.764282561863631,4.189927761966099,30,Montfaucon,1566
1044,30179,2325.400000000004,2210.60377358491,2489.83783783784,10.0417280603017,8.33932018384255,"0,76329334144327","0,705322207491075",120.5007367236204,100.0718422061106,5.181935870113538,4.303424882003545,30,Montfrin,3174
1045,30180,2658.846153846152,2597.85714285714,2730.0,10.2421883018343,10.092822669251,"0,810211680881295","0,754557056180274",122.9062596220116,121.113872031012,4.622541226923628,4.555128992921039,30,Montignargues,571
1046,30181,2204.0,2156.25,2251.75,11.0775073627658,8.74912805838969,"0,775851853720363","0,684761802832001",132.9300883531896,104.98953670067628,6.03131072382893,4.76359059440455,30,Montmirat,484
1047,30182,2586.343749999997,2584.54545454545,2590.3,11.3067030923811,8.74912805838969,"0,761726632637952","0,684761802832001",135.68043710857322,104.98953670067628,5.246032632304711,4.059380610202198,30,Montpezat,1424
1048,30183,2369.3214285714243,2599.10526315789,1884.22222222222,11.0775073627658,8.96383393530954,"0,775851853720363","0,712762033265884",132.9300883531896,107.56600722371448,5.610470860989909,4.539949958945464,30,Moulézan,649
1049,30184,2591.0285714285724,2912.17647058824,2287.72222222222,10.1515397629874,8.96383393530954,"0,752505057308404","0,712762033265884",121.8184771558488,107.56600722371448,4.701548971676671,4.151479007597651,30,Moussac,1581
1050,30185,3967.300000000003,5928.42857142857,3370.4347826087,11.3067030923811,10.0077739828154,"0,761726632637952","0,690689391587465",135.68043710857322,120.0932877937848,3.419969175725887,3.0270785620897014,30,Mus,1623
1051,30186,3481.4827586206875,3272.25714285714,3799.86956521739,11.2466786214841,11.1974885565008,"0,848721837783813","0,652877688456382",134.9601434578092,134.3698626780096,3.8765133368426743,3.859558469600033,30,Nages-et-Solorgues,2207
1052,30187,1635.5000000000025,1659.16666666667,1564.5,11.1372162700185,9.25748799257274,"0,785547654384155","0,83299183905464",133.646595240222,111.08985591087288,8.171604722728329,6.792409410631165,30,Navacelles,316
1053,30188,2314.681818181819,2413.07142857143,2142.5,10.1515397629874,9.62392990147602,"0,752505057308404","0,709348637648413",121.8184771558488,115.48715881771224,5.262860588395563,4.989331920722794,30,Ners,799
1054,30189,2461.132738095237,2456.50018162005,2466.70922606034,11.673637084584,11.5745375075457,"0,810211680881295","0,754557056180274",140.083645015008,138.89445009054842,5.69183623648938,5.643517228495527,30,Nîmes,152612
1055,30191,2321.121212121212,2332.0,2309.5625,9.02709660777316,8.76459477744319,"0,710697857831293","0,68798201799832",108.32515929327792,105.17513732931828,4.666932460381179,4.531221238256725,30,Orsan,1228
1056,30192,3316.1538461538485,3021.66666666667,3568.57142857143,10.6486584546092,8.99155735658303,"0,78394356337077","0,689687486253139",127.7839014553104,107.89868827899636,3.853376754625456,3.253729871554052,30,Orthoux-Sérignac-Quilhan,451
1057,30193,2512.466666666668,2607.77777777778,2369.5,11.3487210982071,10.092822669251,"0,810666727312243","0,754557056180274",136.1846531784852,121.113872031012,5.420356615483527,4.820516571935094,30,Parignargues,668
1058,30194,2107.733333333333,1559.1,3205.0,8.31175826212658,8.47892760664251,"0,724629166917793","0,636925650494929",99.74109914551894,101.74713127971012,4.732149820289678,4.827324674834426,30,Peyremale,275
1059,30196,2670.642857142856,2169.11111111111,3573.4,10.1757577934306,9.04549691454154,"0,768623132328148","0,660801366486148",122.1090935211672,108.54596297449848,4.572273420782428,4.064413281026449,30,Le Pin,484
1060,30197,2695.8,2683.75,2744.0,10.5910940984472,9.14701497076435,"0,750806225973222","0,726597289549678",127.0931291813664,109.7641796491722,4.714486578431871,4.071673701653394,30,Les Plans,299
1061,30198,1958.0,1653.5,2262.5,7.17082089510038,6.41662753384697,"0,82125273973313","0,665391626855589",86.04985074120455,76.99953040616364,4.39478297963251,3.932560286320921,30,Les Plantiers,234
1062,30200,2145.913043478261,2553.55555555556,1883.85714285714,9.1025290067935,8.29590171266516,"0,708603922908045","0,697574841623361",109.230348081522,99.55082055198191,5.090157236962082,4.639089214473588,30,Pompignan,928
1063,30201,1945.1666666666688,2158.0,1793.14285714286,7.0455644755369,8.14741233068757,"0,779320297898563","0,702060763792701",84.5467737064428,97.76894796825084,4.346505374335158,5.026250431064215,30,Ponteils-et-Brésis,378
1064,30202,1797.6816901408438,1748.80102040816,1857.93710691824,10.9016562201861,9.01272341689449,"0,718630417041855","0,627059066396895",130.8198746422332,108.15268100273389,7.277143409742567,6.016230882023413,30,Pont-Saint-Esprit,10936
1065,30203,2565.6666666666647,2525.33333333333,2606.0,8.31175826212658,8.47892760664251,"0,724629166917793","0,636925650494929",99.74109914551894,101.74713127971012,3.887531472477031,3.965719031299605,30,Portes,327
1066,30204,3393.6363636363635,2347.0,4649.6,11.1372162700185,9.14701497076435,"0,785547654384155","0,726597289549678",133.646595240222,109.7641796491722,3.9381530877108015,3.234411937157498,30,Potelières,373
1067,30205,2606.5,2424.6,2788.4,11.0169646209971,9.25748799257274,"0,815865406912819","0,83299183905464",132.2035754519652,111.08985591087288,5.072072720198166,4.262031686586337,30,Pougnadoresse,266
1068,30206,3113.808695652172,2955.27692307692,3319.9,11.5635409391844,11.2088973601712,"0,858330670755206","0,770480558976852",138.7624912702128,134.5067683220544,4.456358910679632,4.319686322087383,30,Poulx,4395
1069,30207,2526.130434782607,2386.83333333333,2678.09090909091,11.0169646209971,9.25748799257274,"0,815865406912819","0,83299183905464",132.2035754519652,111.08985591087288,5.233442170350255,4.397629448632687,30,Pouzilhac,765
1070,30209,3673.770270270271,3599.08823529412,3737.25,11.4137939552007,11.2656117729682,"0,798891048841329","0,834211198799927",136.9655274624084,135.1873412756184,3.7282006599811743,3.679798444927613,30,Pujaut,4044
1071,30210,2517.9903846153884,2477.26229508197,2575.76744186047,10.2791373540379,9.73575488147799,"0,78394356337077","0,658005069746683",123.3496482484548,116.82905857773588,4.898733887234279,4.6397738169115765,30,Quissac,3498
1072,30211,2583.1728395061723,2532.38636363636,2643.56756756757,11.6889772826112,9.54773595266702,"0,771981004716679","0,708982803320056",140.2677273913344,114.57283143200424,5.43005583080339,4.435352899340148,30,Redessan,4292
1073,30212,2214.399999999999,2180.13636363636,2247.17391304348,10.2525047901724,8.84178228937359,"0,817834662367068","0,705322207491075",123.0300574820688,106.10138747248308,5.555909387737936,4.791428263750141,30,Remoulins,2303
1074,30214,2295.113207547172,2267.23529411765,2345.0,11.0775073627658,9.62392990147602,"0,775851853720363","0,709348637648413",132.9300883531896,115.48715881771224,5.791875011483827,5.031871998206808,30,Ribaute-les-Tavernes,2098
1075,30215,1949.9999999999975,1934.28571428571,1986.66666666667,8.52056468276854,9.12900161322766,"0,729026984682262","0,676969979416682",102.24677619322247,109.54801935873192,5.243424420165262,5.617847146601644,30,Rivières,428
1076,30216,1557.0571428571416,1610.375,1512.15789473684,8.31175826212658,8.47892760664251,"0,724629166917793","0,636925650494929",99.74109914551894,101.74713127971012,6.405744298022214,6.534579141585513,30,Robiac-Rochessadoule,854
1077,30217,3250.1354166666665,3242.23148148148,3260.29761904762,12.6624235676784,11.5242463206595,"0,815865406912819","0,77163810323132",151.9490828121408,138.290955847914,4.675161595819891,4.254929045071759,30,Rochefort-du-Gard,8282
1078,30218,2862.428571428572,2241.5,3328.125,8.52056468276854,9.14701497076435,"0,729026984682262","0,726597289549678",102.24677619322247,109.7641796491722,3.5720289132732312,3.834652181185832,30,Rochegude,251
1079,30219,1584.5,1543.5,1625.5,9.90801378135673,9.48123270649475,"0,726186274693844","0,770123569481978",118.89616537628078,113.77479247793698,7.50370245353618,7.180485482987503,30,Rogues,92
1080,30220,2654.6666666666665,3364.5,2299.75,8.97539512085232,8.29590171266516,"0,752551975942215","0,697574841623361",107.70474145022786,99.55082055198191,4.057185137502305,3.750030909793392,30,Roquedur,271
1081,30221,2270.6885245901644,2169.05882352941,2398.66666666667,9.82184112983672,8.85048622904834,"0,7508522480538","0,691937217881618",117.86209355804064,106.20583474858007,5.190588329560238,4.677252454417944,30,Roquemaure,5584
1082,30222,3499.5714285714303,4035.66666666667,3097.5,11.6825768985552,9.04549691454154,"0,718630417041855","0,660801366486148",140.1909227826624,108.54596297449848,4.005945460581444,3.1016930269889738,30,La Roque-sur-Cèze,181
1083,30223,2473.2051282051275,2447.04,2519.92857142857,11.1372162700185,9.81422250370959,"0,785547654384155","0,726597289549678",133.646595240222,117.77067004451509,5.403781260036971,4.7618642182739,30,Rousson,4552
1084,30224,2967.437500000003,3337.55555555556,2491.57142857143,10.2421883018343,10.092822669251,"0,810211680881295","0,754557056180274",122.9062596220116,121.113872031012,4.141831449592838,4.081429584650456,30,La Rouvière,675
1085,30225,2696.7,2748.96,2609.6,10.2764124223895,9.04549691454154,"0,730760868479101","0,660801366486148",123.316949068674,108.54596297449848,4.572883489771721,4.025140467033726,30,Sabran,1650
1086,30226,2736.399999999998,2670.35714285714,2890.5,11.6825768985552,9.04549691454154,"0,718630417041855","0,660801366486148",140.1909227826624,108.54596297449848,5.123188232080928,3.966743274904932,30,Saint-Alexandre,1283
1087,30227,1770.1801801801787,1716.97101449275,1857.59523809524,8.1089655142546,8.47892760664251,"0,724629166917793","0,636925650494929",97.3075861710552,101.74713127971012,5.497044157456937,5.747840384776748,30,Saint-Ambroix,3391
1088,30228,2758.1052631578964,2760.75,2755.16666666667,10.2421883018343,10.092822669251,"0,810211680881295","0,754557056180274",122.9062596220116,121.113872031012,4.456184514193991,4.391198321863267,30,Sainte-Anastasie,1777
1089,30229,1760.8181818181845,1859.86666666667,1548.57142857143,8.97539512085232,6.41662753384697,"0,752551975942215","0,665391626855589",107.70474145022786,76.99953040616364,6.116744054687927,4.372940443325927,30,Saint-André-de-Majencoules,609
1090,30230,2876.629629629628,2127.30769230769,3572.42857142857,9.26894539020895,9.04549691454154,"0,719380224269117","0,660801366486148",111.2273446825074,108.54596297449848,3.86658551858232,3.773372903361007,30,Saint-André-de-Roquepertuis,593
1091,30231,1491.4210526315794,1465.88888888889,1514.4,7.39943213468797,6.41662753384697,"0,813032634773633","0,665391626855589",88.79318561625564,76.99953040616364,5.95359609947721,5.162829790440444,30,Saint-André-de-Valborgne,365
1092,30232,3061.647058823532,2891.18181818182,3374.16666666667,10.2764124223895,9.04549691454154,"0,730760868479101","0,660801366486148",123.316949068674,108.54596297449848,4.027797675544606,3.545345393802783,30,Saint-André-d'Olérargues,459
1093,30233,2188.421052631581,1961.41666666667,2577.57142857143,11.3487210982071,8.96383393530954,"0,810666727312243","0,712762033265884",136.1846531784852,107.56600722371448,6.222963949954824,4.915233615321243,30,Saint-Bauzély,691
1094,30234,2263.875,2024.25,2503.5,11.0740425903727,9.62392990147602,"0,786276762409752","0,709348637648413",132.8885110844724,115.48715881771224,5.869957974025616,5.101304569276671,30,Saint-Bénézet,296
1095,30235,2706.433333333333,2886.25,2500.92857142857,11.6987745893103,10.3563299573152,"0,833944664711149","0,717316073388323",140.3852950717236,124.2759594877824,5.187095996147092,4.591872186806095,30,Saint-Bonnet-du-Gard,829
1096,30237,2150.333333333335,2322.58823529412,1857.5,8.31175826212658,8.47892760664251,"0,724629166917793","0,636925650494929",99.74109914551894,101.74713127971012,4.638401758433679,4.731691115162458,30,Saint-Brès,693
1097,30238,1388.2,1705.0,913.0,9.29614863836817,8.29590171266516,"0,807472270112584","0,697574841623361",111.55378366041803,99.55082055198191,8.035858209221871,7.171216002880126,30,Saint-Bresson,71
1098,30239,1887.5333333333333,1958.1,1746.4,7.60458747026525,7.06641953117677,"0,714923441401196","0,704560464429316",91.255049643183,84.79703437412124,4.834619237268198,4.492478775162711,30,Sainte-Cécile-d'Andorge,534
1099,30240,2312.8888888888887,2493.2,2087.5,10.1515397629874,9.14701497076435,"0,752505057308404","0,726597289549678",121.8184771558488,109.7641796491722,5.266940307468483,4.745761034024548,30,Saint-Césaire-de-Gauzignan,398
1100,30241,2479.116279069768,2421.75,2586.2,11.353016691953,9.67348515498718,"0,786276762409752","0,712762033265884",136.236200303436,116.08182185984616,5.495353382720538,4.682387140929236,30,Saint-Chaptes,2068
1101,30242,2505.5714285714284,2458.4,2623.5,9.26894539020895,9.04549691454154,"0,719380224269117","0,660801366486148",111.2273446825074,108.54596297449848,4.439200711429112,4.332183937633213,30,Saint-Christol-de-Rodières,164
1102,30243,2385.62424242424,2339.51578947368,2448.2,11.6927541511343,10.0668552526711,"0,775851853720363","0,709348637648413",140.3130498136116,120.8022630320532,5.881607309247801,5.063759031443087,30,Saint-Christol-lez-Alès,7386
1103,30244,2917.1666666666647,2518.33333333333,3316.0,10.8523221126754,8.99155735658303,"0,831619501462669","0,689687486253139",130.2278653521048,107.89868827899636,4.4641900937703785,3.698749526789571,30,Saint-Clément,353
1104,30245,2505.1,2437.5,2775.5,11.3067030923811,8.99155735658303,"0,761726632637952","0,689687486253139",135.68043710857322,107.89868827899636,5.416168500601701,4.307160922877185,30,Saint-Côme-et-Maruéjols,810
1105,30248,2717.5,2619.66666666667,2815.33333333333,10.1515397629874,8.96383393530954,"0,752505057308404","0,712762033265884",121.8184771558488,107.56600722371448,4.482740649709247,3.9582707350032926,30,Saint-Dézéry,470
1106,30249,3159.7222222222254,3183.27272727273,3122.71428571429,11.3067030923811,11.1974885565008,"0,761726632637952","0,652877688456382",135.68043710857322,134.3698626780096,4.294062185414181,4.252584664974366,30,Saint-Dionisy,1092
1107,30250,2737.5,2718.75,2775.0,10.5910940984472,8.8976429425558,"0,750806225973222","0,688432112347088",127.0931291813664,106.7717153106696,4.642671385620691,3.900336632353228,30,Saint-Étienne-de-l'Olm,397
1108,30251,2117.875,1559.8,3048.0,9.94949314085934,8.30120338240214,"0,777481901281841","0,602338437471604",119.3939176903121,99.61444058882569,5.637439305450609,4.703508969548518,30,Saint-Étienne-des-Sorts,547
1109,30252,2351.5,2444.33333333333,2258.66666666667,10.1270878596784,8.77681069560783,"0,705272651653987","0,658005069746683",121.5250543161408,105.32172834729396,5.167980196306222,4.478916791294662,30,Saint-Félix-de-Pallières,207
1110,30253,1934.1749999999984,1929.34615384615,1943.14285714286,8.31175826212658,8.47892760664251,"0,724629166917793","0,636925650494929",99.74109914551894,101.74713127971012,5.156777393230655,5.260492524187842,30,Saint-Florent-sur-Auzonnet,1212
1111,30254,2609.4565217391287,2452.09090909091,2753.70833333333,9.80645240043746,9.24541272740273,"0,72459244551219","0,633368718020594",117.67742880524952,110.94495272883276,4.5096527888045,4.251649790083151,30,Saint-Geniès-de-Comolas,2048
1112,30255,2121.9677419354857,1988.11428571429,2295.48148148148,11.1304520510627,9.27204287233508,"0,786276762409752","0,712762033265884",133.5654246127524,111.26451446802096,6.294413528215322,5.243459279288316,30,Saint-Geniès-de-Malgoirès,3212
1113,30256,2168.54545454545,2421.54545454545,1915.54545454545,11.6825768985552,9.04549691454154,"0,718630417041855","0,660801366486148",140.1909227826624,108.54596297449848,6.464744489851973,5.005473265362143,30,Saint-Gervais,809
1114,30257,2764.666666666668,2696.14814814815,2888.0,11.5635409391844,9.56884241473845,"0,858330670755206","0,708982803320056",138.7624912702128,114.8261089768614,5.019140026653463,4.153343705456765,30,Saint-Gervasy,2016
1115,30258,2287.343406593404,2279.44444444444,2297.75796178344,10.0377124287886,9.76727528006533,"0,824986885555975","0,691242986663287",120.4525491454632,117.20730336078395,5.266045701675207,5.124167321047068,30,Saint-Gilles,14559
1116,30259,2326.740384615385,2333.42857142857,2316.46341463415,10.3608598962598,10.1547499496673,"0,750806225973222","0,709348637648413",124.3303187551176,121.8569993960076,5.34354067076846,5.237240914445675,30,Saint-Hilaire-de-Brethmas,4727
1117,30260,2983.5925925925903,3019.85714285714,2944.53846153846,11.4417121954563,10.3344137528576,"0,883014927704024","0,77163810323132",137.3005463454756,124.0129650342912,4.601853037386998,4.156497952910193,30,Saint-Hilaire-d'Ozilhan,1139
1118,30261,2163.1111111111118,2071.0,2485.5,10.1515397629874,9.14701497076435,"0,752505057308404","0,726597289549678",121.8184771558488,109.7641796491722,5.63163290734867,5.074366225819547,30,Saint-Hippolyte-de-Caton,275
1119,30262,2594.538461538461,2781.5,1971.33333333333,11.0169646209971,10.3563299573152,"0,815865406912819","0,717316073388323",132.2035754519652,124.2759594877824,5.095456375450052,4.789906233037361,30,Saint-Hippolyte-de-Montaigu,261
1120,30263,2053.789473684213,2101.16666666667,1991.39024390244,8.39375846319746,8.29590171266516,"0,708603922908045","0,697574841623361",100.72510155836952,99.55082055198191,4.904353773791756,4.847177465244359,30,Saint-Hippolyte-du-Fort,3856
1121,30264,1842.25,1916.0,1768.5,10.1515397629874,9.14701497076435,"0,752505057308404","0,726597289549678",121.8184771558488,109.7641796491722,6.612483493328744,5.958158754195803,30,Saint-Jean-de-Ceyrargues,179
1122,30265,2958.25,3114.25,2802.25,11.0775073627658,8.74912805838969,"0,775851853720363","0,684761802832001",132.9300883531896,104.98953670067628,4.493538015826573,3.5490420586724007,30,Saint-Jean-de-Crieulon,256
1123,30266,2290.5277777777774,2177.0,2468.92857142857,8.52056468276854,9.12900161322766,"0,729026984682262","0,676969979416682",102.24677619322247,109.54801935873192,4.463895927619799,4.782654042511248,30,Saint-Jean-de-Maruéjols-et-Avéjan,867
1124,30267,2035.25,2765.0,1548.75,11.0775073627658,8.77681069560783,"0,775851853720363","0,658005069746683",132.9300883531896,105.32172834729396,6.531388691963621,5.174879171958922,30,Saint-Jean-de-Serres,543
1125,30268,1678.5789473684183,1684.13333333333,1657.75,8.31175826212658,8.47892760664251,"0,724629166917793","0,636925650494929",99.74109914551894,101.74713127971012,5.941996311933224,6.06150407398017,30,Saint-Jean-de-Valériscle,609
1126,30269,2578.2881355932195,2627.43333333333,2527.44827586207,8.14237581935915,6.41662753384697,"0,813032634773633","0,665391626855589",97.7085098323098,76.99953040616364,3.789666037842925,2.986459478410755,30,Saint-Jean-du-Gard,2706
1127,30270,2559.217391304348,2428.2,2804.875,10.1270878596784,9.62392990147602,"0,705272651653987","0,709348637648413",121.5250543161408,115.48715881771224,4.748524089006895,4.512596671549355,30,Saint-Jean-du-Pin,1564
1128,30271,2002.8461538461547,2170.9,1442.66666666667,11.1372162700185,9.14701497076435,"0,785547654384155","0,726597289549678",133.646595240222,109.7641796491722,6.672833806209953,5.480409937547481,30,Saint-Julien-de-Cassagnas,738
1129,30272,1689.6666666666667,1698.0,1673.0,8.97539512085232,8.29590171266516,"0,752551975942215","0,697574841623361",107.70474145022786,99.55082055198191,6.374318886381604,5.891743177272553,30,Saint-Julien-de-la-Nef,147
1130,30273,2569.6749999999984,2671.7619047619,2456.84210526316,9.26894539020895,9.12900161322766,"0,719380224269117","0,676969979416682",111.2273446825074,109.54801935873192,4.328459617753509,4.263107955625983,30,Saint-Julien-de-Peyrolas,1521
1131,30274,2421.246376811594,2457.90243902439,2367.57142857143,11.1372162700185,9.14701497076435,"0,785547654384155","0,726597289549678",133.646595240222,109.7641796491722,5.519743736951456,4.533375070806078,30,Saint-Julien-les-Rosiers,3559
1132,30275,2242.6666666666674,2432.57142857143,1578.0,11.1372162700185,9.14701497076435,"0,785547654384155","0,726597289549678",133.646595240222,109.7641796491722,5.959271488119291,4.8943599724660585,30,Saint-Just-et-Vacquières,331
1133,30276,3267.008264462811,3081.71875,3475.05263157895,12.1008842576075,10.0990438447517,"0,788528289421894","0,795251004152567",145.21061109129,121.1885261370204,4.44475799681415,3.7094649393838384,30,Saint-Laurent-d'Aigouze,3690
1134,30277,2654.125,2682.5,2569.0,9.26894539020895,9.04549691454154,"0,719380224269117","0,660801366486148",111.2273446825074,108.54596297449848,4.1907349760281605,4.089708019573248,30,Saint-Laurent-de-Carnols,544
1135,30278,2991.7187500000014,2974.95,3019.66666666667,10.370224886331,9.93043789799788,"0,72459244551219","0,633368718020594",124.442698635972,119.16525477597456,4.15957210670194,3.9831703690721096,30,Saint-Laurent-des-Arbres,3053
1136,30279,2662.25,2714.3125,2610.1875,10.2764124223895,9.25748799257274,"0,730760868479101","0,83299183905464",123.316949068674,111.08985591087288,4.632057435202329,4.172780764799431,30,Saint-Laurent-la-Vernède,724
1137,30280,1434.055555555555,1522.0,1346.11111111111,8.97539512085232,8.29590171266516,"0,752551975942215","0,697574841623361",107.70474145022786,99.55082055198191,7.510499926796971,6.941908224288827,30,Saint-Laurent-le-Minier,382
1138,30281,2523.2800000000007,2515.88888888889,2531.95652173913,11.3487210982071,9.26714044837816,"0,810666727312243","0,684761802832001",136.1846531784852,111.20568538053791,5.397128070546478,4.407187683512646,30,Saint-Mamert-du-Gard,1647
1139,30282,2174.076923076923,2074.2,2236.5,10.1757577934306,9.04549691454154,"0,768623132328148","0,660801366486148",122.1090935211672,108.54596297449848,5.616594897127602,4.992737921199025,30,Saint-Marcel-de-Careiret,897
1140,30283,3859.5,1763.0,5956.0,7.39943213468797,6.41662753384697,"0,813032634773633","0,665391626855589",88.79318561625564,76.99953040616364,2.3006396065877874,1.995064915304149,30,Saint-Martial,185
1141,30284,1994.5104166666688,1958.21666666667,2055.0,9.10157002517176,8.47892760664251,"0,82125273973313","0,636925650494929",109.21884030206112,101.74713127971012,5.475972418564423,5.101358730918804,30,Saint-Martin-de-Valgalgues,4772
1142,30285,2558.208333333333,2714.0,2374.09090909091,10.1515397629874,9.14701497076435,"0,752505057308404","0,726597289549678",121.8184771558488,109.7641796491722,4.761866950731096,4.290666175187928,30,Saint-Maurice-de-Cazevieille,782
1143,30286,3333.7142857142867,3253.38095238095,3393.96428571429,11.6987745893103,10.5822484197341,"0,833944664711149","0,770480558976852",140.3852950717236,126.9869810368092,4.211077586141862,3.809174096921769,30,Saint-Maximin,813
1144,30287,1939.105263157894,1803.42857142857,2018.25,11.6825768985552,9.04549691454154,"0,718630417041855","0,660801366486148",140.1909227826624,108.54596297449848,7.229670582934578,5.597734431277235,30,Saint-Michel-d'Euzet,726
1145,30288,1526.299999999998,1465.81818181818,1600.22222222222,8.47898743912027,8.30120338240214,"0,710697857831293","0,602338437471604",101.74784926944324,99.61444058882569,6.666307362212107,6.526530864759602,30,Saint-Nazaire,1316
1146,30290,2577.964285714284,2569.08333333333,2584.625,11.6825768985552,9.04549691454154,"0,718630417041855","0,660801366486148",140.1909227826624,108.54596297449848,5.438047515224568,4.210530129373896,30,Saint-Paulet-de-Caisson,1959
1147,30291,3463.6666666666665,3449.8,3533.0,10.1270878596784,6.41662753384697,"0,705272651653987","0,665391626855589",121.5250543161408,76.99953040616364,3.508566672586108,2.223064105653844,30,Saint-Paul-la-Coste,334
1148,30292,2595.5714285714284,3114.5,2388.0,10.1757577934306,8.76459477744319,"0,768623132328148","0,68798201799832",122.1090935211672,105.17513732931828,4.704516784898291,4.052099517338477,30,Saint-Pons-la-Calm,513
1149,30293,3132.090909090908,2898.75,3754.33333333333,8.52056468276854,9.12900161322766,"0,729026984682262","0,676969979416682",102.24677619322247,109.54801935873192,3.2644894149288826,3.497600246556328,30,Saint-Privat-de-Champclos,341
1150,30294,2343.042735042736,2237.08823529412,2490.08163265306,11.862259663279,9.12237054320583,"0,785547654384155","0,688432112347088",142.347115959348,109.46844651846996,6.075310271997736,4.672063589846275,30,Saint-Privat-des-Vieux,5701
1151,30295,3087.7227722772323,2948.88461538462,3235.0612244898,10.9290857294185,10.5381433842502,"0,785417500616563","0,717316073388323",131.14902875302198,126.4577206110024,4.247435356908613,4.095501116434049,30,Saint-Quentin-la-Poterie,3160
1152,30296,5778.833333333335,4697.0,6860.66666666667,8.97539512085232,8.29590171266516,"0,752551975942215","0,697574841623361",107.70474145022786,99.55082055198191,1.8637800268259648,1.7226802506615848,30,Saint-Roman-de-Codières,172
1153,30297,2886.1250000000005,2702.18181818182,3041.76923076923,7.39943213468797,6.41662753384697,"0,813032634773633","0,665391626855589",88.79318561625564,76.99953040616364,3.0765537049246183,2.6679208421729355,30,Saint-Sauveur-Camprieu,223
1154,30298,2147.6521739130426,1960.3125,2575.85714285714,10.1270878596784,9.62392990147602,"0,705272651653987","0,709348637648413",121.5250543161408,115.48715881771224,5.658507266319621,5.377367909967169,30,Saint-Sébastien-d'Aigrefeuille,518
1155,30299,3807.052631578946,3480.91666666667,4044.24242424242,10.2775451022036,10.5822484197341,"0,817834662367068","0,770480558976852",123.3305412264432,126.9869810368092,3.239528137946777,3.335571985096048,30,Saint-Siffret,1171
1156,30300,2194.0,2257.16666666667,2139.85714285714,11.0775073627658,8.96383393530954,"0,775851853720363","0,712762033265884",132.9300883531896,107.56600722371448,6.058800745359599,4.902735060333385,30,Saint-Théodorit,561
1157,30301,3343.4615384615363,3090.33333333333,3560.42857142857,11.0169646209971,10.3563299573152,"0,815865406912819","0,717316073388323",132.2035754519652,124.2759594877824,3.9540929043495887,3.7169848690697616,30,Saint-Victor-des-Oules,311
1158,30302,2725.3478260869574,2853.84375,2431.64285714286,10.2895184290661,9.24541272740273,"0,72459244551219","0,633368718020594",123.4742211487932,110.94495272883276,4.530585783102663,4.070854797573748,30,Saint-Victor-la-Coste,2272
1159,30303,2274.4827586206907,2135.94117647059,2470.75,8.52056468276854,8.47892760664251,"0,729026984682262","0,636925650494929",102.24677619322247,101.74713127971012,4.495385854462478,4.473418446197077,30,Saint-Victor-de-Malcap,840
1160,30304,2588.1,2313.0,2771.5,9.26894539020895,9.04549691454154,"0,719380224269117","0,660801366486148",111.2273446825074,108.54596297449848,4.297644785074279,4.1940405306788175,30,Salazac,219
1161,30305,2001.2282608695605,1888.70175438596,2184.48571428571,9.65032140730797,9.14701497076435,"0,750806225973222","0,726597289549678",115.80385688769564,109.7641796491722,5.786639093202557,5.484840574931626,30,Salindres,3703
1162,30306,2998.0,3493.4,2378.75,10.6486584546092,8.99155735658303,"0,78394356337077","0,689687486253139",127.7839014553104,107.89868827899636,4.2623049184559845,3.599022290827097,30,Salinelles,567
1163,30307,1299.57446808511,1348.39130434783,1252.79166666667,7.85026031377733,7.06641953117677,"0,82125273973313","0,704560464429316",94.20312376532796,84.79703437412124,7.248766890914213,6.524984635860652,30,Les Salles-du-Gardon,2423
1164,30308,3350.1428571428573,3122.55,3919.125,11.6987745893103,10.5822484197341,"0,833944664711149","0,770480558976852",140.3852950717236,126.9869810368092,4.190427126783784,3.7904945087956343,30,Sanilhac-Sagriès,878
1165,30309,2605.0999999999967,2551.85714285714,2729.33333333333,10.6486584546092,8.99155735658303,"0,78394356337077","0,689687486253139",127.7839014553104,107.89868827899636,4.905143812341582,4.141825199761871,30,Sardan,353
1166,30310,2577.5714285714284,2486.4,2805.5,7.39943213468797,6.41662753384697,"0,813032634773633","0,665391626855589",88.79318561625564,76.99953040616364,3.444838991929222,2.987289878862415,30,Saumane,301
1167,30311,2399.1911764705865,2457.83333333333,2333.21875,11.0775073627658,8.77681069560783,"0,775851853720363","0,658005069746683",132.9300883531896,105.32172834729396,5.5406209249544265,4.389884782013543,30,Sauve,1987
1168,30312,3009.871794871796,2777.5,3209.04761904762,11.4416795642168,11.4893142128753,"0,73885657594686","0,834211198799927",137.3001547706016,137.8717705545036,4.5616612310375775,4.580652597542819,30,Sauveterre,2057
1169,30313,2438.2857142857115,2353.61538461538,2575.875,11.0740425903727,8.96383393530954,"0,786276762409752","0,712762033265884",132.8885110844724,107.56600722371448,5.450079549984228,4.411542363288038,30,Sauzet,836
1170,30314,2780.909090909091,2996.5,2206.0,11.0740425903727,8.74912805838969,"0,786276762409752","0,684761802832001",132.8885110844724,104.98953670067628,4.778599614021564,3.775367452459755,30,Savignargues,242
1171,30315,3049.891891891892,3012.13043478261,3111.92857142857,11.4623167244378,10.5130418026061,"0,883014927704024","0,800150683881433",137.5478006932536,126.1565016312732,4.509923812674249,4.13642535876957,30,Saze,2139
1172,30316,1929.733333333334,2011.0,1604.66666666667,8.31175826212658,7.06641953117677,"0,724629166917793","0,704560464429316",99.74109914551894,84.79703437412124,5.168646746295805,4.394235872354792,30,Sénéchas,247
1173,30317,2169.5625000000005,2203.37037037037,2126.09523809524,12.6256984658991,10.3563299573152,"0,833944664711149","0,717316073388323",151.5083815907892,124.2759594877824,6.983361004386331,5.728157611858721,30,Sernhac,1831
1174,30319,3283.1428571428573,3016.8,3949.0,10.3056430827235,9.25748799257274,"0,785417500616563","0,83299183905464",123.66771699268202,111.08985591087288,3.7667479721032726,3.3836436836485517,30,Serviers-et-Labaume,622
1175,30321,2817.98550724638,2966.51428571429,2665.08823529412,12.1595942117912,10.8047601291775,"0,779488209035452","0,702786169624396",145.9151305414944,129.65712155013,5.177994356829631,4.601057074875648,30,Sommières,5087
1176,30322,1482.0,370.0,2038.0,7.17082089510038,6.41662753384697,"0,82125273973313","0,665391626855589",86.04985074120455,76.99953040616364,5.806332708583303,5.195649824977304,30,Soudorgues,275
1177,30324,2972.250000000003,2901.45454545455,3128.0,10.6486584546092,8.99155735658303,"0,78394356337077","0,689687486253139",127.7839014553104,107.89868827899636,4.299231271101363,3.63020231403806,30,Souvignargues,950
1178,30325,2236.377777777774,2381.33333333333,2018.94444444444,8.99825089912676,6.41662753384697,"0,752551975942215","0,665391626855589",107.97901078952113,76.99953040616364,4.828299219500241,3.443046661046503,30,Sumène,1273
1179,30326,2549.8913043478283,2687.14814814815,2354.84210526316,10.6650491593952,10.3073142232082,"0,72459244551219","0,77163810323132",127.9805899127424,123.6877706784984,5.019060604447032,4.850707575950315,30,Tavel,2079
1180,30327,2001.5,2545.0,1458.0,8.52056468276854,9.14701497076435,"0,729026984682262","0,726597289549678",102.24677619322247,109.7641796491722,5.108507429089308,5.484095910525715,30,Tharaux,48
1181,30328,2367.656249999998,2305.72727272727,2503.9,10.5018886164857,8.53645124369825,"0,769069003263707","0,705322207491075",126.0226633978284,102.437414924379,5.322675679707665,4.326532406229961,30,Théziers,1083
1182,30329,2298.1111111111136,2351.14285714286,2112.5,7.39943213468797,6.41662753384697,"0,813032634773633","0,665391626855589",88.79318561625564,76.99953040616364,3.863746412736547,3.350557335277629,30,Thoiras,455
1183,30330,2503.5000000000014,2359.63157894737,3050.2,11.0775073627658,8.77681069560783,"0,775851853720363","0,658005069746683",132.9300883531896,105.32172834729396,5.309769856328721,4.206979362783859,30,Tornac,964
1184,30331,2273.6764705882347,2372.90909090909,2091.75,10.1757577934306,8.76459477744319,"0,768623132328148","0,68798201799832",122.1090935211672,105.17513732931828,5.370557117546972,4.625774101541714,30,Tresques,1843
1185,30333,2662.1709401709395,2564.86567164179,2792.56,11.1783419918508,10.6565640250318,"0,826961373831791","0,723929511726301",134.1401039022096,127.8787683003816,5.038748709862951,4.803552107445454,30,Uchaud,4868
1186,30334,3763.615960099752,3699.93055555556,3837.97297297297,11.3534085317042,9.93729738124807,"0,785417500616563","0,83299183905464",136.2409023804504,119.24756857497684,3.619946982498168,3.1684308345800583,30,Uzès,8692
1187,30336,2352.249999999999,2355.05263157895,2349.11764705882,10.5018886164857,9.24903553499799,"0,769069003263707","0,723471367296358",126.0226633978284,110.98842641997588,5.357536970892909,4.718394151130871,30,Vallabrègues,1391
1188,30337,3067.9333333333343,2942.18181818182,3413.75,10.3056430827235,10.3563299573152,"0,785417500616563","0,717316073388323",123.66771699268202,124.2759594877824,4.03097797624944,4.05080378173523,30,Vallabrix,421
1189,30338,2376.1111111111118,2230.25,2492.8,10.3056430827235,9.25748799257274,"0,785417500616563","0,83299183905464",123.66771699268202,111.08985591087288,5.204626854964405,4.675280351638325,30,Vallérargues,135
1190,30339,1780.1881188118823,1639.82,1917.80392156863,7.39943213468797,6.41662753384697,"0,813032634773633","0,665391626855589",88.79318561625564,76.99953040616364,4.987854074406318,4.325359190553074,30,Val-d'Aigoual,1445
1191,30340,2349.285714285715,2439.42857142857,2259.14285714286,11.0169646209971,9.24541272740273,"0,815865406912819","0,633368718020594",132.2035754519652,110.94495272883276,5.627394516045948,4.722497227739915,30,Valliguières,662
1192,30341,2630.885304659501,2697.10778443114,2532.14285714286,11.1147197915496,9.5735541974943,"0,793212470224001","0,741816695736611",133.3766374985952,114.8826503699316,5.06964850434091,4.366691705125478,30,Vauvert,11866
1193,30342,2500.217391304348,2102.2,3246.5,9.02709660777316,9.22423354254004,"0,710697857831293","0,694567383283136",108.32515929327792,110.69080251048048,4.332629621329262,4.427247122408574,30,Vénéjan,1299
1194,30343,2582.124999999998,1735.33333333333,3090.2,10.2764124223895,9.12900161322766,"0,730760868479101","0,676969979416682",123.316949068674,109.54801935873192,4.775793157522354,4.242552911215839,30,Verfeuil,609
1195,30344,3162.511811023624,3201.2,3121.95161290323,11.9434404687989,10.7393549887113,"0,826961373831791","0,723929511726301",143.32128562558682,128.8722598645356,4.531881434434783,4.074996950693536,30,Vergèze,5852
1196,30345,1418.9999999999982,1431.8,1408.33333333333,8.31175826212658,8.47892760664251,"0,724629166917793","0,636925650494929",99.74109914551894,101.74713127971012,7.028971046195848,7.170340470733633,30,La Vernarède,360
1197,30346,3207.727272727275,3188.55555555556,3221.0,10.2775451022036,10.3563299573152,"0,817834662367068","0,717316073388323",123.3305412264432,124.2759594877824,3.8447951069601087,3.8742682566688553,30,Vers-Pont-du-Gard,1792
1198,30347,3079.249999999996,3097.11764705882,3051.63636363636,12.0833519857795,10.6214961981703,"0,788528289421894","0,723929511726301",145.00022382935398,127.4579543780436,4.708946133940218,4.139253207048593,30,Vestric-et-Candiac,1367
1199,30348,2086.3783783783783,2131.26923076923,1980.27272727273,10.3357149502396,8.8976429425558,"0,752505057308404","0,688432112347088",124.0285794028752,106.7717153106696,5.944682934227657,5.117562395065516,30,Vézénobres,1965
1200,30349,2615.0000000000014,2420.0,2792.27272727273,10.6486584546092,8.74912805838969,"0,78394356337077","0,684761802832001",127.7839014553104,104.98953670067628,4.886573669419134,4.014896240943642,30,Vic-le-Fesq,585
1201,30350,1469.5639097744347,1443.67605633803,1499.20967741935,8.66375354454056,6.41662753384697,"0,807472270112584","0,665391626855589",103.96504253448671,76.99953040616364,7.074550609401155,5.239617678007784,30,Le Vigan,3887
1202,30351,3769.245714285716,3688.19047619048,3864.39751552795,12.4944466950101,12.2435170850947,"0,798891048841329","0,834211198799927",149.9333603401212,146.9222050211364,3.977808073691318,3.8979205962691834,30,Villeneuve-lès-Avignon,13299
1203,30352,3193.8750000000023,3344.88888888889,2999.71428571429,10.6486584546092,8.99155735658303,"0,78394356337077","0,689687486253139",127.7839014553104,107.89868827899636,4.000904902518424,3.3783002866109757,30,Villevieille,1910
1204,30353,2374.333333333333,2980.0,2071.5,9.90801378135673,9.48123270649475,"0,726186274693844","0,770123569481978",118.89616537628078,113.77479247793698,5.007559962499541,4.791862662274476,30,Vissec,68
1205,30354,3005.4,2858.75,3592.0,11.3487210982071,8.96383393530954,"0,810666727312243","0,712762033265884",136.1846531784852,107.56600722371448,4.5313320416079454,3.579091209945913,30,Montagnac,236
1206,30355,2526.437499999998,2698.7,2239.33333333333,10.2895184290661,8.76459477744319,"0,72459244551219","0,68798201799832",123.4742211487932,105.17513732931828,4.887285798631205,4.162981958956766,30,Saint-Paul-les-Fonts,1064
1207,30356,2923.7826086956507,3089.37142857143,2753.32352941176,11.6350259639057,10.3141086434013,"0,8724136780069","0,787399323997189",139.6203115668684,123.7693037208156,4.775331488450005,4.233191050275493,30,Rodilhan,2976
1208,31001,1259.0,1511.0,1007.0,8.20260890532892,8.09849524980019,"0,760873619499847","0,663654452067595",98.43130686394704,97.18194299760228,7.818213412545437,7.718978792502166,31,Agassac,119
1209,31002,2217.714285714289,2170.66666666667,2500.0,9.47749661868976,9.1720294042283,"0,843695127518449","0,704516611445775",113.72995942427713,110.0643528507396,5.128251197951164,4.962963604452307,31,Aignes,245
1210,31003,3364.8965517241386,3386.90909090909,3295.71428571429,11.301737358791,11.5872319606182,"0,801477151462443","0,795050167625396",135.620848305492,139.0467835274184,4.0304611515026,4.1322751350609055,31,Aigrefeuille,1358
1211,31004,2797.901960784316,2876.77419354839,2675.65,10.7298232979184,9.51374292235219,"0,792984771715895","0,793333225056866",128.7578795750208,114.16491506822628,4.601943934408876,4.080375819752571,31,Ayguesvives,2876
1212,31005,1362.0,1381.0,1354.4,8.2410459700489,8.09849524980019,"0,772183877702808","0,663654452067595",98.8925516405868,97.18194299760228,7.260833453787576,7.135238105550828,31,Alan,295
1213,31008,2117.1666666666665,2826.5,1762.5,8.31888360827871,8.09849524980019,"0,817062040183174","0,663654452067595",99.82660329934453,97.18194299760228,4.715103674691547,4.590188601004595,31,Anan,268
1214,31009,1723.0,2296.0,1150.0,7.42378448460729,7.21898499682526,"0,796006140708261","0,618753574850219",89.08541381528748,86.62781996190313,5.170366443139146,5.0277318608185215,31,Antichan-de-Frontignes,173
1215,31010,1660.3333333333333,1458.0,1761.5,8.47225639656891,7.14798534732727,"0,373536370401462","0,529945744326809",101.66707675882694,85.77582416792724,6.1232931193832725,5.166180937638662,31,Antignac,87
1216,31011,1311.6153846153843,1305.4,1315.5,8.64648467864198,7.24510605850142,"0,653507028132275","0,690209572235891",103.75781614370376,86.94127270201705,7.91068916701747,6.628564571733164,31,Arbas,294
1217,31012,1160.4999999999975,1272.33333333333,825.0,7.42378448460729,7.21898499682526,"0,796006140708261","0,618753574850219",89.08541381528748,86.62781996190313,7.676468230528882,7.46469797172799,31,Arbon,96
1218,31013,1626.571428571429,1223.5,2164.0,7.42378448460729,7.21898499682526,"0,796006140708261","0,618753574850219",89.08541381528748,86.62781996190313,5.476882985306625,5.325792549915,31,Ardiège,385
1219,31014,1297.75,988.5,1607.0,7.42378448460729,7.21898499682526,"0,796006140708261","0,618753574850219",89.08541381528748,86.62781996190313,6.86460518707667,6.675231744319255,31,Arguenos,92
1220,31015,1258.0000000000025,536.0,1498.66666666667,8.64648467864198,7.14798534732727,"0,653507028132275","0,529945744326809",103.75781614370376,85.77582416792724,8.247839121121109,6.818427994270833,31,Argut-Dessous,22
1221,31017,1398.0000000000025,1030.66666666667,2500.0,8.64648467864198,7.14798534732727,"0,653507028132275","0,529945744326809",103.75781614370376,85.77582416792724,7.421875260636878,6.13560974019507,31,Arlos,107
1222,31018,1418.0,878.0,1688.0,8.74863669305712,7.55051761622284,"0,75818479978817","0,629963003331385",104.98364031668544,90.60621139467408,7.403641771275418,6.389718716126522,31,Arnaud-Guilhem,236
1223,31020,1265.3157894736858,1226.0,1332.71428571429,8.64648467864198,7.24510605850142,"0,653507028132275","0,690209572235891",103.75781614370376,86.94127270201705,8.200151851962767,6.871112604876345,31,Aspet,967
1224,31021,2027.0,1976.5,2128.0,7.42378448460729,7.55051761622284,"0,796006140708261","0,629963003331385",89.08541381528748,90.60621139467408,4.39493901407437,4.469966028350966,31,Aspret-Sarrat,129
1225,31022,2831.067647058823,2845.71573604061,2810.88811188811,11.8268088929496,10.5494629145575,"0,862290143268832","0,772894223517191",141.9217067153952,126.59355497469,5.01301008694853,4.471583542209145,31,Aucamville,9675
1226,31023,1165.91666666667,1185.66666666667,1146.16666666667,8.74863669305712,6.84304690365783,"0,75818479978817","0,612625720550421",104.98364031668544,82.11656284389396,9.004386275464382,7.043090230338966,31,Aulon,319
1227,31024,2588.0000000000027,2914.66666666667,1608.0,9.47749661868976,9.1720294042283,"0,843695127518449","0,704516611445775",113.72995942427713,110.0643528507396,4.39451156971704,4.252872984959023,31,Auragne,478
1228,31025,3515.8,3794.0,3098.5,11.8065643704278,10.378697167841,"0,951669386351897","0,801890880417435",141.6787724451336,124.544366014092,4.029773378608954,3.5424189662122987,31,Aureville,1054
1229,31026,2182.3793103448265,2131.09090909091,2213.72222222222,8.80807628086374,7.61490041024441,"0,811269070596714","0,751377182874596",105.69691537036488,91.37880492293291,4.843196362307167,4.187118366169565,31,Auriac-sur-Vendinelle,1102
1230,31027,926.0,1028.0,824.0,9.1770671608287,7.96191040048937,"0,848752257323837","0,769454316846372",110.12480592994442,95.54292480587245,11.89252763822294,10.317810454197888,31,Auribail,200
1231,31028,1456.3061224489777,1293.83333333333,1612.28,8.12235866904763,6.84304690365783,"0,75818479978817","0,612625720550421",97.46830402857157,82.11656284389396,6.692844486890249,5.638688293488991,31,Aurignac,1285
1232,31029,2759.9999999999973,2705.0,2778.33333333333,10.9710317693057,10.9352063373368,"0,894617707643524","0,753747223455227",131.6523812316684,131.2224760480416,4.770013812741613,4.754437537972526,31,Aurin,346
1233,31030,1413.0,1008.0,1818.0,8.2410459700489,7.03911349526334,"0,772183877702808","0,684063495015358",98.8925516405868,84.46936194316008,6.998765155030912,5.978015707230012,31,Ausseing,88
1234,31031,1756.2727272727273,2497.0,1682.2,8.90285703343936,7.21898499682526,"0,802812402032766","0,618753574850219",106.83428440127231,86.62781996190313,6.083012207743649,4.932481078632096,31,Ausson,610
1235,31032,2885.0357142857138,2962.13445378151,2765.88311688312,11.6454255356545,10.4771514579103,"0,885604284960491","0,835720970955564",139.745106427854,125.7258174949236,4.843791213255485,4.357860004032955,31,Aussonne,7832
1236,31033,2107.1294117647053,2050.20202020202,2186.50704225352,10.9193626730002,9.60847324444918,"0,782462981723862","0,769454316846372",131.03235207600238,115.30167893339016,6.218524184818044,5.4719790008923015,31,Auterive,10427
1237,31034,1356.0,1275.0,1410.0,8.90285703343936,6.84304690365783,"0,802812402032766","0,612625720550421",106.83428440127231,82.11656284389396,7.878634542866691,6.055793720051176,31,Auzas,231
1238,31035,3383.224719101124,3258.69387755102,3535.775,12.5230305804519,11.5872319606182,"0,951669386351897","0,795050167625396",150.2763669654228,139.0467835274184,4.4418086128594245,4.109889087248133,31,Auzeville-Tolosane,4721
1239,31036,3457.5128205128203,3760.04347826087,3022.625,12.2265872197259,10.9352063373368,"0,926425848347149","0,753747223455227",146.7190466367108,131.2224760480416,4.243485252354013,3.79528530652212,31,Auzielle,1650
1240,31037,2091.19607843137,2098.56,2084.11538461538,9.33413678949576,7.17977431670024,"0,76554972409204","0,677482011810453",112.00964147394912,86.15729180040289,5.356247681851471,4.120000639300665,31,Avignonet-Lauragais,1635
1241,31038,2737.176470588235,3053.0,2516.1,10.9582976680697,9.27208164033685,"0,863360449983346","0,773394489944632",131.4995720168364,111.2649796840422,4.804205115374836,4.064954557355621,31,Azas,681
1242,31041,1242.2,1319.0,1223.0,8.64648467864198,7.21898499682526,"0,653507028132275","0,618753574850219",103.75781614370376,86.62781996190313,8.352746429214598,6.97374174544382,31,Bagiry,110
1243,31042,2257.978723404255,2151.9197080292,2406.24489795918,9.6372605800397,7.14798534732727,"0,653507028132275","0,529945744326809",115.64712696047638,85.77582416792724,5.121710216388589,3.798787972572514,31,Bagnères-de-Luchon,2256
1244,31043,1533.5,1699.66666666667,1367.33333333333,7.99205479115859,7.21898499682526,"0,663017401767114","0,618753574850219",95.90465749390307,86.62781996190313,6.253971796146272,5.649026407688499,31,Balesta,159
1245,31044,3866.875000000001,3925.94306049822,3783.46733668342,12.8092566957842,12.8942088417467,"0,917307552280581","0,789997207296694",153.7110803494104,154.73050610096038,3.975072386601852,4.001435425271319,31,Balma,17698
1246,31045,1678.5833333333314,1574.85714285714,1823.8,8.90285703343936,7.21898499682526,"0,802812402032766","0,618753574850219",106.83428440127231,86.62781996190313,6.364550527802559,5.16076969439924,31,Barbazan,514
1247,31046,2750.0,2769.5,2711.0,7.42378448460729,8.42353719137337,"0,796006140708261","0,690279473538824",89.08541381528748,101.08244629648044,3.2394695932831814,3.675725319872016,31,Baren,12
1248,31047,1665.2499999999975,1794.0,1622.33333333333,9.40122754722737,7.96191040048937,"0,782462981723862","0,769454316846372",112.81473056672844,95.54292480587245,6.774642279941666,5.737452322826758,31,Bax,100
1249,31048,2750.329545454546,2765.02040816327,2731.87179487179,11.4552343216174,10.3576195624091,"0,792984771715895","0,704516611445775",137.46281185940882,124.2914347489092,4.998048764250554,4.519146985652136,31,Baziège,3640
1250,31049,2542.1818181818194,2821.88888888889,1283.5,10.8139897977882,10.6941527942228,"0,887884326809889","0,801837366917627",129.7678775734584,128.3298335306736,5.10458680198842,5.048019485185986,31,Bazus,614
1251,31050,1724.7777777777778,1779.0,1535.0,8.90285703343936,7.55051761622284,"0,802812402032766","0,629963003331385",106.83428440127231,90.60621139467408,6.194089799725896,5.2532107360179525,31,Beauchalot,666
1252,31051,2167.2,2462.0,1725.0,9.58369783167895,9.34920304333732,"0,803274121161673","0,806901202758066",115.0043739801474,112.19043652004784,5.306587946666086,5.176745871172383,31,Beaufort,490
1253,31052,2414.121212121212,2345.0,2507.92857142857,9.47749661868976,8.81922596379034,"0,843695127518449","0,771648105683127",113.72995942427713,105.83071156548408,4.711029373887412,4.383819297643883,31,Beaumont-sur-Lèze,1668
1254,31053,3428.0666666666657,3507.75,3109.33333333333,12.2285123735497,10.6941527942228,"0,895736778856105","0,801837366917627",146.7421484825964,128.3298335306736,4.280609531590103,3.743504605044835,31,Beaupuy,1254
1255,31054,1856.6666666666667,2305.5,959.0,9.33413678949576,7.17977431670024,"0,76554972409204","0,677482011810453",112.00964147394912,86.15729180040289,6.032835267896721,4.640428642750605,31,Beauteville,200
1256,31055,2944.0,2760.0,3036.0,9.33413678949576,8.64195449118576,"0,76554972409204","0,777279135927241",112.00964147394912,103.70345389422911,3.804675321805337,3.522535798037674,31,Beauville,175
1257,31056,3092.230769230767,3036.90322580645,3173.90476190476,12.1376542192182,11.0021218246434,"0,921333765749644","0,856549139793422",145.6518506306184,132.0254618957208,4.710251643568349,4.269586319670569,31,Beauzelle,8273
1258,31057,2856.424242424243,2683.63157894737,3090.92857142857,11.1132578025017,10.3692376169334,"0,860258612107714","0,804510910161083",133.3590936300204,124.4308514032008,4.668742536537176,4.35617544323866,31,Belberaud,1583
1259,31059,1771.571428571429,2563.0,1455.0,8.2410459700489,7.03911349526334,"0,772183877702808","0,684063495015358",98.8925516405868,84.46936194316008,5.582193867301891,4.768047202662047,31,Belbèze-en-Comminges,112
1260,31061,2743.0,2698.5,2921.0,9.69322247316819,9.78621258095348,"0,899438474101252","0,873373354302414",116.31866967801828,117.43455097144177,4.240563969304348,4.281245022655551,31,Bellegarde-Sainte-Marie,213
1261,31063,1592.2,1143.0,2266.0,8.74863669305712,8.09849524980019,"0,75818479978817","0,663654452067595",104.98364031668544,97.18194299760228,6.59362142423599,6.103626617108546,31,Benque,177
1262,31065,2260.000000000002,2286.68085106383,2205.47826086957,9.77370370678226,8.90016588301577,"0,865222275360019","0,726173944282024",117.28444448138713,106.80199059618924,5.189577189441904,4.725751796291556,31,Bérat,3147
1263,31066,2375.0619469026574,2408.73529411765,2324.17777777778,10.2715107735239,9.57654396090744,"0,887884326809889","0,78330107598716",123.2581292822868,114.91852753088928,5.18968060782705,4.838548639994662,31,Bessières,4305
1264,31067,2162.75,2408.0,1917.5,7.42378448460729,7.14798534732727,"0,796006140708261","0,529945744326809",89.08541381528748,85.77582416792724,4.119080513942318,3.9660535969449655,31,Bezins-Garraux,44
1265,31068,2404.5,2923.0,1886.0,8.47225639656891,7.14798534732727,"0,373536370401462","0,529945744326809",101.66707675882694,85.77582416792724,4.228200322679432,3.5673039787035656,31,Billière,34
1266,31069,3336.7288343558307,3363.19733924612,3303.93406593407,12.5418037780021,11.9218992375076,"0,901098568908083","0,835720970955564",150.5016453360252,143.06279085009118,4.510454783931526,4.287516245763795,31,Blagnac,27798
1267,31070,1482.7272727272746,1572.8,1407.66666666667,8.90285703343936,6.84304690365783,"0,802812402032766","0,612625720550421",106.83428440127231,82.11656284389396,7.205255232458578,5.538210860103202,31,Blajan,440
1268,31071,2657.4,2336.0,3139.5,9.29749788520635,8.90016588301577,"0,809939020406708","0,726173944282024",111.5699746224762,106.80199059618924,4.198463709734184,4.019040814186394,31,Bois-de-la-Pierre,468
1269,31072,2119.9999999999977,1587.0,2475.33333333333,8.20260890532892,8.09849524980019,"0,760873619499847","0,663654452067595",98.43130686394704,97.18194299760228,4.642986172827696,4.5840539149812445,31,Boissède,70
1270,31073,2497.454545454544,2200.0,2745.33333333333,9.68017446391704,9.27416412915625,"0,859111460463297","0,789493057443504",116.16209356700448,111.289969549875,4.651219529837836,4.456135938587019,31,Bondigoux,771
1271,31075,2985.1111111111118,2898.90909090909,3044.375,9.69322247316819,9.33336049282423,"0,899438474101252","0,840099402394738",116.31866967801828,112.00032591389076,3.896627808762616,3.7519650607645976,31,Bonrepos-sur-Aussonnelle,1281
1272,31076,1899.6666666666667,2125.8,769.0,7.42378448460729,7.21898499682526,"0,796006140708261","0,618753574850219",89.08541381528748,86.62781996190313,4.689528714614186,4.560158973253367,31,Bordes-de-Rivière,474
1273,31077,2157.8888888888914,1901.5,2231.14285714286,8.16907383173017,8.46017012183271,"0,831816477648791","0,670373165864902",98.02888598076204,101.52204146199252,4.542814344404806,4.704692720034662,31,Le Born,673
1274,31079,2817.818181818183,2839.49019607843,2794.79166666667,10.3123808332047,10.188762566304,"0,795187582798101","0,789493057443504",123.7485699984564,122.265150795648,4.391644954132855,4.339000705743088,31,Bouloc,4734
1275,31080,1222.27272727273,1133.95454545455,1310.59090909091,7.99205479115859,6.84304690365783,"0,663017401767114","0,612625720550421",95.90465749390307,82.11656284389396,7.846420471795697,6.718350251266876,31,Boulogne-sur-Gesse,1692
1276,31081,2014.0,1625.0,2403.0,8.47225639656891,8.42353719137337,"0,373536370401462","0,690279473538824",101.66707675882694,101.08244629648044,5.04801771394374,5.01898938910032,31,Bourg-d'Oueil,13
1277,31082,2600.5357142857147,2707.38461538462,2507.93333333333,11.301737358791,10.1658043677298,"0,801477151462443","0,798020873792706",135.620848305492,121.9896524127576,5.215111930994678,4.690943167695135,31,Bourg-Saint-Bernard,1125
1278,31083,1730.333333333337,1566.16666666667,2058.66666666667,8.74863669305712,8.09849524980019,"0,75818479978817","0,663654452067595",104.98364031668544,97.18194299760228,6.067249488538927,5.616371200015532,31,Boussan,233
1279,31084,1770.3809523809534,1685.18181818182,1864.1,8.74863669305712,7.24510605850142,"0,75818479978817","0,690209572235891",104.98364031668544,86.94127270201705,5.930002815241252,4.910879355377796,31,Boussens,1128
1280,31085,1786.5454545454536,1961.88888888889,1576.13333333333,8.64648467864198,6.80815090208763,"0,653507028132275","0,641464989872241",103.75781614370376,81.69781082505156,5.807734467640657,4.572948906348299,31,Boutx,255
1281,31086,1477.0,909.0,2045.0,8.74863669305712,6.84304690365783,"0,75818479978817","0,612625720550421",104.98364031668544,82.11656284389396,7.107897110134424,5.55968604224062,31,Bouzin,85
1282,31088,2989.437500000001,3140.55882352941,2818.16666666667,10.6824817478164,10.4677652796287,"0,864906784861558","0,850367398235687",128.1897809737968,125.6131833555444,4.288090350569188,4.201900302499864,31,Brax,3039
1283,31089,2978.2,2947.77777777778,3023.83333333333,10.8089925149592,8.95388696646285,"0,848157900672728","0,816708895631294",129.7079101795104,107.4466435975542,4.35524512052617,3.607771257724605,31,Bretx,684
1284,31090,1315.666666666665,1253.33333333333,1378.0,8.60501586515746,6.57681252264759,"0,780622205762717","0,535370145582048",103.26019038188952,78.92175027177109,7.848506996343272,5.998612891191122,31,Brignemont,372
1285,31091,2832.0382165605124,2823.67346938776,2845.93220338983,11.1912515223273,10.2018779189797,"0,880439977261066","0,789493057443504",134.29501826792762,122.4225350277564,4.741991738763605,4.32277129284073,31,Bruguières,6011
1286,31092,1376.5000000000025,1653.66666666667,545.0,7.42378448460729,7.14798534732727,"0,796006140708261","0,529945744326809",89.08541381528748,85.77582416792724,6.4718789549791005,6.231443818955836,31,Burgalays,123
1287,31093,2206.0869565217413,2102.26666666667,2400.75,8.99000641817867,8.38446608510491,"0,791909908297138","0,745487060148646",107.88007701814404,100.61359302125892,4.890109916076686,4.560726526387373,31,Le Burgaud,948
1288,31094,2604.25301204819,2564.82352941176,2667.09375,9.98033778420166,9.94926951982863,"0,863360449983346","0,670373165864902",119.76405341041992,119.39123423794356,4.598787170691531,4.58447138913146,31,Buzet-sur-Tarn,2899
1289,31097,2183.499999999997,1710.2,2446.44444444444,8.92872686854594,7.61490041024441,"0,768824514372287","0,751377182874596",107.14472242255128,91.37880492293291,4.907017285209592,4.184969311789927,31,Le Cabanial,474
1290,31098,1926.4411764705844,2003.10526315789,1829.33333333333,8.60501586515746,8.38446608510491,"0,780622205762717","0,745487060148646",103.26019038188952,100.61359302125892,5.360152785514665,5.222770061715155,31,Cadours,1152
1291,31099,2474.6666666666665,2211.0,2550.0,9.33413678949576,7.17977431670024,"0,76554972409204","0,677482011810453",112.00964147394912,86.15729180040289,4.526251675940832,3.4815715975378327,31,Caignac,421
1292,31100,2007.303797468353,1935.78260869565,2107.0,9.47749661868976,7.96191040048937,"0,843695127518449","0,769454316846372",113.72995942427713,95.54292480587245,5.665807017737691,4.759764063933565,31,Calmont,2484
1293,31101,3101.333333333329,2997.54545454545,4243.0,9.77370370678226,9.66166182927329,"0,865222275360019","0,817939039606139",117.28444448138713,115.93994195127948,3.7817426208529863,3.738390217689584,31,Cambernard,500
1294,31102,2208.625,2524.0,2019.4,8.80807628086374,8.64195449118576,"0,811269070596714","0,777279135927241",105.69691537036488,103.70345389422911,4.785643346895235,4.695385314131151,31,Cambiac,231
1295,31104,2414.1666666666665,2493.0,2256.5,9.29749788520635,8.81922596379034,"0,809939020406708","0,771648105683127",111.5699746224762,105.83071156548408,4.6214694355185175,4.383736757976559,31,Capens,661
1296,31105,2684.8571428571445,2226.75,3295.66666666667,10.9710317693057,8.64195449118576,"0,894617707643524","0,777279135927241",131.6523812316684,103.70345389422911,4.903515316705748,3.8625315380419463,31,Caragoudes,244
1297,31106,2284.208333333332,2294.47619047619,2276.22222222222,10.2529167401574,8.91244059201643,"0,811269070596714","0,777279135927241",123.0350008818888,106.94928710419715,5.386330094608513,4.682116142537958,31,Caraman,2548
1298,31107,2268.2733333333326,2285.20731707317,2247.85294117647,10.3105897683078,9.12975427812435,"0,817062040183174","0,66930516490068",123.7270772196936,109.5570513374922,5.454681118076318,4.829975723273749,31,Carbonne,5769
1299,31108,2491.333333333333,2383.0,2708.0,7.99205479115859,7.55051761622284,"0,663017401767114","0,629963003331385",95.90465749390307,90.60621139467408,3.849531341740824,3.636856224030268,31,Cardeilhac,265
1300,31109,1240.8125,993.375,1488.25,7.99205479115859,8.09849524980019,"0,663017401767114","0,663654452067595",95.90465749390307,97.18194299760228,7.7291820878580015,7.832121533076292,31,Cassagnabère-Tournas,470
1301,31110,1629.9375,1740.875,1519.0,7.99999498549017,7.24510605850142,"0,701637250926066","0,690209572235891",95.99993982588204,86.94127270201705,5.889792696093074,5.334024936662728,31,Cassagne,658
1302,31111,2724.6666666666665,2661.5,2756.25,9.40122754722737,7.96191040048937,"0,782462981723862","0,769454316846372",112.81473056672844,95.54292480587245,4.140496595304445,3.5065913190312865,31,Castagnac,330
1303,31113,3301.1712158808955,3383.48034934498,3192.84482758621,12.2664340817419,11.5879192743897,"0,91988679282336","0,804510910161083",147.1972089809028,139.0550312926764,4.458938944844284,4.212293825407371,31,Castanet-Tolosan,15500
1304,31116,2867.499999999998,2874.23115577889,2857.72262773723,11.4202951892154,10.2710701035632,"0,854555684781699","0,772894223517191",137.0435422705848,123.2528412427584,4.7791993817117655,4.298268221194715,31,Castelginest,11155
1305,31117,3387.90909090909,3263.56451612903,3684.42307692308,11.7400325547203,10.8773344372297,"0,863360449983346","0,798020873792706",140.88039065664358,130.52801324675642,4.158328540593769,3.852760205313873,31,Castelmaurou,4597
1306,31118,2678.0329218106986,2660.13492063492,2697.30769230769,10.4191164001463,9.85175221766554,"0,795187582798101","0,785140499344576",125.0293968017556,118.22102661198647,4.668702755051251,4.414472490205747,31,Castelnau-d'Estrétefonds,7025
1307,31119,1696.0,1658.0,1772.0,8.2410459700489,8.09849524980019,"0,772183877702808","0,663654452067595",98.8925516405868,97.18194299760228,5.830928752393089,5.730067393726549,31,Castelnau-Picampeau,234
1308,31120,2896.333333333336,2472.66666666667,3178.77777777778,10.8089925149592,9.57155028115632,"0,848157900672728","0,850367398235687",129.7079101795104,114.85860337387584,4.478348838054216,3.965655542889022,31,Le Castéra,815
1309,31124,1961.6666666666667,1939.6,2072.0,8.90285703343936,7.55051761622284,"0,802812402032766","0,629963003331385",106.83428440127231,90.60621139467408,5.446097760472676,4.618838303891627,31,Castillon-de-Saint-Martory,408
1310,31126,1922.8333333333296,2090.33333333333,1755.33333333333,9.82641149566352,8.38446608510491,"0,865357582799903","0,745487060148646",117.91693794796224,100.61359302125892,6.13245755125054,5.232569629258513,31,Caubiac,451
1311,31128,2080.238095238096,2268.0,1829.88888888889,9.1770671608287,7.96191040048937,"0,848752257323837","0,769454316846372",110.12480592994442,95.54292480587245,5.293855841888136,4.592884104208128,31,Caujac,888
1312,31132,3209.25,2718.0,4683.0,8.64648467864198,8.42353719137337,"0,653507028132275","0,690279473538824",103.75781614370376,101.08244629648044,3.2330861149397445,3.1497217822382315,31,Cazaux-Layrisse,62
1313,31133,1566.5,625.0,2508.0,8.1141438397925,7.14798534732727,"0,643116604949092","0,529945744326809",97.36972607751,85.77582416792724,6.215750148580275,5.475635120837998,31,Cazeaux-de-Larboust,96
1314,31134,685.0,915.0,455.0,8.74863669305712,6.84304690365783,"0,75818479978817","0,612625720550421",104.98364031668544,82.11656284389396,15.326078878348238,11.98781939326919,31,Cazeneuve-Montaut,90
1315,31135,1749.1648351648355,1706.78703703704,1811.01351351351,8.5066435221425,8.07916191569728,"0,772183877702808","0,684063495015358",102.07972226571,96.94994298836735,5.835912100078913,5.542641896252798,31,Cazères,4891
1316,31136,2937.26,2678.84,3195.68,10.6788672053653,9.90925216684117,"0,859111460463297","0,789493057443504",128.1464064643836,118.91102600209403,4.362787307367532,4.0483656878211,31,Cépet,2354
1317,31139,1261.857142857143,1417.8,872.0,8.64648467864198,7.14798534732727,"0,653507028132275","0,529945744326809",103.75781614370376,85.77582416792724,8.222627793568734,6.797585975042349,31,Chaum,202
1318,31140,1743.3333333333333,1702.0,1795.0,8.64648467864198,7.24510605850142,"0,653507028132275","0,690209572235891",103.75781614370376,86.94127270201705,5.951691174591038,4.987071091893903,31,Chein-Dessus,211
1319,31141,2397.3333333333358,1834.66666666667,2960.0,7.99205479115859,6.84304690365783,"0,663017401767114","0,612625720550421",95.90465749390307,82.11656284389396,4.000472364873596,3.4253293733548618,31,Ciadoux,228
1320,31142,2139.999999999998,2091.33333333333,2176.5,8.1141438397925,7.14798534732727,"0,643116604949092","0,529945744326809",97.36972607751,85.77582416792724,4.549987199883648,4.0082160826134245,31,Cier-de-Luchon,234
1321,31143,1318.6,1313.75,1338.0,8.90285703343936,7.21898499682526,"0,802812402032766","0,618753574850219",106.83428440127231,86.62781996190313,8.10209952990083,6.569681477468765,31,Cier-de-Rivière,272
1322,31144,1766.0645161290313,1647.64705882353,1909.85714285714,8.64648467864198,7.14798534732727,"0,653507028132275","0,529945744326809",103.75781614370376,85.77582416792724,5.875086396680825,4.8568907525494005,31,Cierp-Gaud,708
1323,31145,2077.128205128204,2089.16279069767,2062.34285714286,9.40122754722737,8.62477472844427,"0,782462981723862","0,769454316846372",112.81473056672844,103.49729674133124,5.43128393751532,4.982711056823919,31,Cintegabelle,3059
1324,31147,1859.9285714285716,1995.0,1758.625,7.42378448460729,7.21898499682526,"0,796006140708261","0,618753574850219",89.08541381528748,86.62781996190313,4.7897223142748375,4.657588538218226,31,Clarac,688
1325,31148,2887.2222222222235,2966.5,2728.66666666667,11.8065643704278,10.378697167841,"0,951669386351897","0,801890880417435",141.6787724451336,124.544366014092,4.907096217072164,4.313639769585636,31,Clermont-le-Fort,541
1326,31149,2757.195340501792,2760.06763285024,2753.59191919192,11.9923803619345,11.1529690891004,"0,846762646259748","0,778490882787206",143.908564343214,133.8356290692048,5.219382255195005,4.854049588116872,31,Colomiers,41391
1327,31150,2935.877118644068,2859.90756302521,3013.1452991453,11.7150420255437,10.5690840336572,"0,885604284960491","0,882344115273409",140.5805043065244,126.8290084038864,4.78836472459213,4.319969919669603,31,Cornebarrieu,8665
1328,31151,3065.846153846154,2943.0,3142.625,11.1132578025017,10.378697167841,"0,860258612107714","0,801890880417435",133.3590936300204,124.544366014092,4.349829930726278,4.062316233900031,31,Corronsac,924
1329,31152,1354.6666666666667,2500.0,782.0,8.20260890532892,8.09849524980019,"0,760873619499847","0,663654452067595",98.43130686394704,97.18194299760228,7.266090565744122,7.173863902382057,31,Coueilles,90
1330,31153,2198.1500000000024,2029.15384615385,2512.0,9.1770671608287,7.59169898926269,"0,848752257323837","0,66930516490068",110.12480592994442,91.10038787115228,5.0098858553758525,4.144411794970869,31,Couladère,427
1331,31155,1490.3636363636365,1330.0,1771.0,7.99999498549017,7.24510605850142,"0,701637250926066","0,690209572235891",95.99993982588204,86.94127270201705,6.441376955500199,5.833561057229399,31,Couret,232
1332,31156,1860.75,1341.0,2172.6,8.99000641817867,8.38446608510491,"0,791909908297138","0,745487060148646",107.88007701814404,100.61359302125892,5.79766637206202,5.407152654642425,31,Cox,377
1333,31157,2891.9344262295094,2924.85018726592,2852.16742081448,11.6937775760937,10.7487071770873,"0,880253065157662","0,820176619739351",140.3253309131244,128.98448612504762,4.852299887590463,4.460145602029331,31,Cugnaux,20513
1334,31158,1635.0,1252.5,2400.0,9.12969107794915,8.72662497511508,"0,697626544767089","0,625342412278307",109.5562929353898,104.71949970138095,6.70069069941222,6.404862367056939,31,Cuguron,171
1335,31159,1405.0,1552.25,1110.5,8.90285703343936,7.21898499682526,"0,802812402032766","0,618753574850219",106.83428440127231,86.62781996190313,7.603863658453546,6.165681136078515,31,Le Cuing,483
1336,31160,2874.879518072287,3078.20408163265,2581.85294117647,10.3650577569057,9.82902605433175,"0,848157900672728","0,829967940074496",124.3806930828684,117.948312651981,4.326466284968709,4.102721937059461,31,Daux,2621
1337,31161,4212.850000000003,4670.27272727273,3653.77777777778,10.7298232979184,10.3692376169334,"0,792984771715895","0,804510910161083",128.7578795750208,124.4308514032008,3.0563129372045226,2.953602701335218,31,Deyme,1429
1338,31162,3211.266666666664,3205.44444444444,3220.0,10.7298232979184,9.51374292235219,"0,792984771715895","0,793333225056866",128.7578795750208,114.16491506822628,4.009566720557442,3.5551365526031176,31,Donneville,1225
1339,31163,3322.761904761906,3315.29166666667,3332.72222222222,11.301737358791,10.9352063373368,"0,801477151462443","0,753747223455227",135.620848305492,131.2224760480416,4.081569856423702,3.9491988836149967,31,Drémil-Lafage,2686
1340,31164,1805.6666666666667,1481.0,1968.0,8.99000641817867,8.95388696646285,"0,791909908297138","0,816708895631294",107.88007701814404,107.4466435975542,5.974528909995055,5.950524843874147,31,Drudas,205
1341,31165,2788.2857142857165,2782.8347826087,2795.40909090909,10.1479659773824,10.1805458614929,"0,843695127518449","0,771648105683127",121.7755917285888,122.1665503379148,4.367400051747725,4.38142152047035,31,Eaunes,6628
1342,31166,2146.600000000002,2040.0,2217.66666666667,8.76733303939837,9.33336049282423,"0,839793990632433","0,840099402394738",105.20799647278044,112.00032591389076,4.901145834006351,5.217568522961457,31,Empeaux,309
1343,31167,1737.1176470588211,1752.58333333333,1700.0,7.99999498549017,7.24510605850142,"0,701637250926066","0,690209572235891",95.99993982588204,86.94127270201705,5.526392526633019,5.004915634195563,31,Encausse-les-Thermes,688
1344,31168,1781.5,2636.0,927.0,8.31888360827871,8.09849524980019,"0,817062040183174","0,663654452067595",99.82660329934453,97.18194299760228,5.603514077987344,5.455062755969816,31,Eoux,131
1345,31169,3358.903614457829,3341.54901960784,3386.5625,12.1093449198338,10.9861506913208,"0,894617707643524","0,753747223455227",145.3121390380056,131.8338082958496,4.326177697166844,3.9249059642078863,31,Escalquens,7121
1346,31170,2130.25,1957.0,2650.0,7.99205479115859,6.84304690365783,"0,663017401767114","0,612625720550421",95.90465749390307,82.11656284389396,4.502037671348577,3.854785252617954,31,Escanecrabe,213
1347,31171,2636.999999999998,3390.33333333333,2072.0,11.1132578025017,10.3692376169334,"0,860258612107714","0,804510910161083",133.3590936300204,124.4308514032008,5.057227668942756,4.718651930345122,31,Espanès,287
1348,31173,2203.1666666666665,1967.25,2675.0,9.40122754722737,7.96191040048937,"0,782462981723862","0,769454316846372",112.81473056672844,95.54292480587245,5.120571778503447,4.336618116614227,31,Esperce,289
1349,31174,1503.499999999998,1420.08333333333,1628.625,7.99999498549017,7.24510605850142,"0,701637250926066","0,690209572235891",95.99993982588204,86.94127270201705,6.385097427727448,5.782592131826882,31,Estadens,533
1350,31175,1799.599999999998,1840.33333333333,1738.5,7.99999498549017,7.55051761622284,"0,701637250926066","0,629963003331385",95.99993982588204,90.60621139467408,5.334515438201943,5.034797254649599,31,Estancarbon,625
1351,31176,1216.0,1255.8,1116.5,8.64648467864198,7.14798534732727,"0,653507028132275","0,529945744326809",103.75781614370376,85.77582416792724,8.53271514339669,7.053932908546648,31,Esténos,195
1352,31177,1404.25,1190.5,1618.0,7.42378448460729,7.14798534732727,"0,796006140708261","0,529945744326809",89.08541381528748,85.77582416792724,6.343985317093643,6.108301525221808,31,Eup,139
1353,31178,1595.25,1169.5,2021.0,8.31888360827871,8.09849524980019,"0,817062040183174","0,663654452067595",99.82660329934453,97.18194299760228,6.257740372941202,6.0919569344994375,31,Fabas,203
1354,31179,2102.7000000000007,1984.0,2153.57142857143,8.80807628086374,7.61490041024441,"0,811269070596714","0,751377182874596",105.69691537036488,91.37880492293291,5.026723515973028,4.345784226134631,31,Le Faget,320
1355,31181,2427.999999999999,2302.16129032258,2578.03846153846,9.1770671608287,9.86735725416779,"0,848752257323837","0,806901202758066",110.12480592994442,118.40828705001348,4.535618036653396,4.8767828274305405,31,Le Fauga,2542
1356,31182,2751.4482758620697,2794.23595505618,2706.64705882353,11.1141966882385,10.0460785167113,"0,858130455061855","0,772894223517191",133.370360258862,120.5529422005356,4.847278483440692,4.3814358880784186,31,Fenouillet,5781
1357,31183,1690.0,1726.0,1672.0,8.74863669305712,7.55051761622284,"0,75818479978817","0,629963003331385",104.98364031668544,90.60621139467408,6.212049722880795,5.361314283708525,31,Figarol,320
1358,31184,4003.6170212765983,4170.08,3814.45454545455,11.8502469475775,10.9352063373368,"0,916095724922122","0,753747223455227",142.20296337092998,131.2224760480416,3.5518622939011024,3.277598115670909,31,Flourens,2110
1359,31186,2876.273684210525,2893.51724137931,2849.24324324324,11.3214638482315,10.2180320058671,"0,876273001252476","0,772894223517191",135.857566178778,122.6163840704052,4.723388004576066,4.263029097109746,31,Fonbeauzard,3109
1360,31187,2838.443333333329,2830.30952380952,2848.79545454545,10.7507241436811,10.0776417862526,"0,879747643449416","0,817939039606139",129.00868972417322,120.9317014350312,4.545050739930457,4.260493771880762,31,Fonsorbes,13380
1361,31188,2845.6,2885.22727272727,2803.07317073171,8.76733303939837,10.2530992935079,"0,839793990632433","0,840099402394738",105.20799647278044,123.0371915220948,3.697216631739543,4.323769732994616,31,Fontenilles,6031
1362,31189,1453.3333333333333,1578.0,1391.0,8.20260890532892,8.48694786648515,"0,760873619499847","0,70326007253796",98.43130686394704,101.8433743978218,6.772796343849568,7.007571632877647,31,Forgues,225
1363,31190,1329.7222222222215,1069.6,1429.76923076923,7.7487671340012,7.14798534732727,"0,67184343158923","0,529945744326809",92.9852056080144,85.77582416792724,6.992829333378984,6.450657342898228,31,Fos,243
1364,31191,1521.0000000000025,1714.16666666667,941.5,7.99999498549017,7.24510605850142,"0,701637250926066","0,690209572235891",95.99993982588204,86.94127270201705,6.311633124647067,5.716060006707226,31,Fougaron,110
1365,31192,2776.777777777774,2161.33333333333,3392.22222222222,10.7298232979184,9.51374292235219,"0,792984771715895","0,793333225056866",128.7578795750208,114.16491506822628,4.636952967769152,4.111417052595085,31,Fourquevaux,826
1366,31193,1697.5306122448944,1756.80769230769,1630.52173913043,8.2410459700489,8.09849524980019,"0,772183877702808","0,663654452067595",98.8925516405868,97.18194299760228,5.825671179490932,5.724900764474833,31,Le Fousseret,1914
1367,31194,1757.7500000000025,1720.66666666667,1869.0,10.1983687062758,8.64195449118576,"0,774544966050345","0,777279135927241",122.3804244753096,103.70345389422911,6.962333919801418,5.899784036081865,31,Francarville,187
1368,31197,1483.399999999999,1316.42857142857,1873.0,9.12969107794915,7.21898499682526,"0,697626544767089","0,618753574850219",109.5562929353898,86.62781996190313,7.38548556932654,5.839815286632277,31,Franquevielle,337
1369,31199,1797.416666666665,1550.4,1973.85714285714,7.42378448460729,7.14798534732727,"0,796006140708261","0,529945744326809",89.08541381528748,85.77582416792724,4.956302868855538,4.772172516181223,31,Fronsac,196
1370,31202,2569.570512820515,2547.15053763441,2602.66666666667,9.83442555097355,10.2664239594625,"0,800061748552622","0,720803653594823",118.01310661168262,123.19708751355,4.592717188451246,4.794462222339307,31,Fronton,6794
1371,31203,2865.265700483093,2989.61016949153,2700.40449438202,11.4498064224329,10.5905115669656,"0,905430898775902","0,802916011670978",137.3976770691948,127.0861388035872,4.795285723276173,4.435405023072033,31,Frouzins,9978
1372,31205,2735.8072289156667,2750.97826086957,2716.94594594595,11.2388532828801,10.0590001254853,"0,860039732308328","0,829967940074496",134.8662393945612,120.7080015058236,4.929668946302742,4.412153028547484,31,Gagnac-sur-Garonne,3253
1373,31206,1584.400000000001,1489.66666666667,1661.90909090909,9.40122754722737,6.6279770632297,"0,782462981723862","0,621388463484879",112.81473056672844,79.5357247587564,7.120344014562507,5.019927086515802,31,Gaillac-Toulza,1345
1374,31207,1107.3749999999975,1164.83333333333,935.0,7.42378448460729,7.21898499682526,"0,796006140708261","0,618753574850219",89.08541381528748,86.62781996190313,8.044737673804057,7.8228079884324035,31,Galié,91
1375,31208,1736.3,2072.8,1399.8,7.99999498549017,7.24510605850142,"0,701637250926066","0,690209572235891",95.99993982588204,86.94127270201705,5.528994979317057,5.007272516386399,31,Ganties,311
1376,31210,2324.9736842105226,2249.83333333333,2453.78571428571,9.33413678949576,9.1720294042283,"0,76554972409204","0,704516611445775",112.00964147394912,110.0643528507396,4.817673517538482,4.734004242637847,31,Gardouch,1393
1377,31211,2876.285714285714,2952.8,2685.0,11.0136749799893,10.1840080774877,"0,854555684781699","0,819978725808907",132.1640997598716,122.2080969298524,4.594957277834018,4.248816323179531,31,Gargas,767
1378,31212,3420.1199999999967,3542.73684210526,3031.83333333333,10.8139897977882,10.6858717513956,"0,887884326809889","0,78330107598716",129.7678775734584,128.2304610167472,3.794249253636087,3.749297130414936,31,Garidech,1925
1379,31213,2102.4000000000024,2064.5,2127.66666666667,8.1141438397925,7.14798534732727,"0,643116604949092","0,529945744326809",97.36972607751,85.77582416792724,4.631360639150965,4.0799003124014055,31,Garin,151
1380,31215,3135.333333333333,3249.5,2222.0,9.80227322754742,10.1658043677298,"0,904098969110873","0,798020873792706",117.62727873056905,121.9896524127576,3.751667405822954,3.8908032876703462,31,Gauré,481
1381,31216,2580.5,2559.0,2623.5,10.9582976680697,9.79706750543053,"0,863360449983346","0,78330107598716",131.4995720168364,117.56481006516636,5.095895059749521,4.555892658987264,31,Gémil,424
1382,31218,1173.0,611.0,1454.0,8.90285703343936,7.21898499682526,"0,802812402032766","0,618753574850219",106.83428440127231,86.62781996190313,9.107782131395766,7.385150891892851,31,Gensac-de-Boulogne,98
1383,31219,2426.0,2319.42857142857,2674.66666666667,9.1770671608287,8.90016588301577,"0,848752257323837","0,726173944282024",110.12480592994442,106.80199059618924,4.539357210632499,4.402390379067982,31,Gensac-sur-Garonne,455
1384,31220,2016.5833333333333,2033.9,1930.0,7.59877952139355,7.96191040048937,"0,799711397082249","0,769454316846372",91.1853542567226,95.54292480587245,4.52177466457569,4.737861472252859,31,Gibel,393
1385,31221,1725.7666666666669,1657.2,1862.9,8.1141438397925,7.14798534732727,"0,643116604949092","0,529945744326809",97.36972607751,85.77582416792724,5.642114195285767,4.970302522623409,31,Gouaux-de-Larboust,43
1386,31224,1248.7142857142858,1248.29411764706,1249.11111111111,8.77705585215651,7.21898499682526,"0,802812402032766","0,618753574850219",105.32467022587812,86.62781996190313,8.434649257306337,6.9373611684397885,31,Gourdan-Polignan,1326
1387,31226,1570.3333333333333,1211.0,2289.0,8.09239651320027,7.59169898926269,"0,818083974152368","0,66930516490068",97.10875815840323,91.10038787115228,6.183958277970914,5.801340768699996,31,Gouzens,86
1388,31227,3793.1111111111113,3849.25,3748.2,11.7045174388313,10.378697167841,"0,908051862773299","0,801890880417435",140.45420926597558,124.544366014092,3.702876218272249,3.2834357435316304,31,Goyrans,885
1389,31228,2894.0000000000023,2837.2962962963,2970.55,10.9582976680697,11.6139981865841,"0,863360449983346","0,798020873792706",131.4995720168364,139.3679782390092,4.543869109082111,4.81575598614406,31,Gragnague,2466
1390,31229,2215.4545454545446,2295.70588235294,1942.6,8.31888360827871,8.09849524980019,"0,817062040183174","0,663654452067595",99.82660329934453,97.18194299760228,4.505919722169841,4.386546462755952,31,Gratens,778
1391,31230,2955.4678899082583,3010.0,2893.45098039216,10.8452904329495,10.4985231701224,"0,859111460463297","0,819978725808907",130.14348519539402,125.9822780414688,4.403481615881601,4.262684716408117,31,Gratentour,5018
1392,31231,2604.625,2598.0,2611.25,9.1770671608287,8.81922596379034,"0,848752257323837","0,771648105683127",110.12480592994442,105.83071156548408,4.228048411189496,4.063184203694739,31,Grazac,802
1393,31232,2463.7368421052643,2266.92857142857,2516.21904761905,9.9443288960823,9.89198940558042,"0,780622205762717","0,745487060148646",119.3319467529876,118.70387286696504,4.843534614314506,4.818041880054549,31,Grenade,9218
1394,31233,2667.187500000001,2562.77777777778,2801.42857142857,9.47749661868976,8.81922596379034,"0,843695127518449","0,771648105683127",113.72995942427713,105.83071156548408,4.264040657969381,3.9678767077861625,31,Grépiac,1041
1395,31234,2005.200000000002,1791.5,2147.66666666667,9.82641149566352,9.57155028115632,"0,865357582799903","0,850367398235687",117.91693794796224,114.85860337387584,5.880557448033219,5.728037271787139,31,Le Grès,475
1396,31236,1201.3750000000025,957.5,1282.66666666667,7.99999498549017,7.24510605850142,"0,701637250926066","0,690209572235891",95.99993982588204,86.94127270201705,7.990838816013472,7.23681387593523,31,Herran,73
1397,31237,991.7272727272727,1056.375,819.333333333333,7.99999498549017,7.24510605850142,"0,701637250926066","0,690209572235891",95.99993982588204,86.94127270201705,9.680074599731435,8.766651386214937,31,His,266
1398,31238,1341.1176470588234,1269.0,1514.2,8.90285703343936,7.21898499682526,"0,802812402032766","0,618753574850219",106.83428440127231,86.62781996190313,7.966063576567524,6.459375145192128,31,Huos,504
1399,31239,1367.1333333333314,1292.1,1452.88571428571,8.22493410965048,8.09849524980019,"0,663017401767114","0,663654452067595",98.69920931580576,97.18194299760228,7.219428193968345,7.108446603423397,31,L'Isle-en-Dodon,1647
1400,31240,2729.5714285714284,2866.8,2386.5,10.7298232979184,9.51374292235219,"0,792984771715895","0,793333225056866",128.7578795750208,114.16491506822628,4.717146370571758,4.182521617614403,31,Issus,665
1401,31241,1132.0000000000014,1109.66666666667,1148.75,8.64648467864198,7.21898499682526,"0,653507028132275","0,618753574850219",103.75781614370376,86.62781996190313,9.165884818348376,7.652634272252918,31,Izaut-de-l'Hôtel,297
1402,31242,2790.0,3030.0,2550.0,8.47225639656891,8.42353719137337,"0,373536370401462","0,690279473538824",101.66707675882694,101.08244629648044,3.6439812458360903,3.623026748977794,31,Jurvielle,22
1403,31243,2083.0,2354.0,1947.5,8.92872686854594,7.61490041024441,"0,768824514372287","0,751377182874596",107.14472242255128,91.37880492293291,5.143769679431171,4.386884537826832,31,Juzes,71
1404,31244,1919.1666666666667,1920.2,1914.0,8.64648467864198,7.14798534732727,"0,653507028132275","0,529945744326809",103.75781614370376,85.77582416792724,5.406399451691033,4.469430699153829,31,Juzet-de-Luchon,390
1405,31245,1410.5,1683.2,1137.8,8.64648467864198,7.24510605850142,"0,653507028132275","0,690209572235891",103.75781614370376,86.94127270201705,7.3561018180576925,6.163861942716558,31,Juzet-d'Izaut,186
1406,31246,1450.8235294117646,1356.9,1585.0,8.74863669305712,7.55051761622284,"0,75818479978817","0,629963003331385",104.98364031668544,90.60621139467408,7.236141280342411,6.245157288799301,31,Labarthe-Inard,888
1407,31247,1385.066666666668,1404.41666666667,1362.95238095238,7.42378448460729,7.21898499682526,"0,796006140708261","0,618753574850219",89.08541381528748,86.62781996190313,6.431850246579279,6.2544151878539935,31,Labarthe-Rivière,1317
1408,31248,2897.718181818185,2950.88235294118,2811.64285714286,11.1992515340468,10.202699171617,"0,816673849304748","0,801890880417435",134.3910184085616,122.432390059404,4.6378222441299455,4.225131029912071,31,Labarthe-sur-Lèze,6583
1409,31249,2597.772727272726,2662.61111111111,2306.0,10.7298232979184,9.51374292235219,"0,792984771715895","0,793333225056866",128.7578795750208,114.16491506822628,4.956472066368846,4.394722982101764,31,Labastide-Beauvoir,1255
1410,31250,2202.3888888888887,2171.2,2241.375,9.29749788520635,8.09849524980019,"0,809939020406708","0,663654452067595",111.5699746224762,97.18194299760228,5.065861673446944,4.412569618739352,31,Labastide-Clermont,699
1411,31251,1133.4999999999975,1084.33333333333,1281.0,8.20260890532892,8.09849524980019,"0,760873619499847","0,663654452067595",98.43130686394704,97.18194299760228,8.6838382764841,8.573616497362371,31,Labastide-Paumès,152
1412,31252,2851.2380952380977,2823.15384615385,2896.875,11.0136749799893,10.1840080774877,"0,854555684781699","0,819978725808907",132.1640997598716,122.2080969298524,4.635323159458382,4.286141418142324,31,Labastide-Saint-Sernin,1994
1413,31253,2576.27868852459,2591.0,2551.95652173913,10.9108318987938,9.66166182927329,"0,809939020406708","0,817939039606139",130.9299827855256,115.93994195127948,5.082135848451548,4.500287273566554,31,Labastidette,2988
1414,31254,3322.8571428571418,3423.06896551724,3177.55,12.6177914846744,11.5872319606182,"0,91988679282336","0,795050167625396",151.4134978160928,139.0467835274184,4.556726073571153,4.184554964281724,31,Labège,4447
1415,31255,1564.0,1635.2,1208.0,7.42378448460729,7.21898499682526,"0,796006140708261","0,618753574850219",89.08541381528748,86.62781996190313,5.695998325785645,5.5388631689196375,31,Labroquère,331
1416,31258,2105.833333333333,1994.4,2663.0,9.1770671608287,7.96191040048937,"0,848752257323837","0,769454316846372",110.12480592994442,95.54292480587245,5.22951195551774,4.537060141157378,31,Lacaugne,250
1417,31259,3473.469387755102,3640.84,3299.125,11.8941475749566,9.81139177817547,"0,908051862773299","0,781087956023107",142.7297708994792,117.73670133810565,4.109141465378661,3.3895995097339457,31,Lacroix-Falgarde,2083
1418,31260,1323.0,1277.0,1369.0,8.74863669305712,7.55051761622284,"0,75818479978817","0,629963003331385",104.98364031668544,90.60621139467408,7.935271376922557,6.84854205553092,31,Laffite-Toupière,96
1419,31261,2408.5599999999995,2499.53846153846,2310.0,9.29749788520635,8.90016588301577,"0,809939020406708","0,726173944282024",111.5699746224762,106.80199059618924,4.632227331786471,4.434267387824645,31,Lafitte-Vigordane,1200
1420,31262,2279.866666666664,2647.22222222222,1728.83333333333,9.33413678949576,7.17977431670024,"0,76554972409204","0,677482011810453",112.00964147394912,86.15729180040289,4.91299088282718,3.779049584788716,31,Lagarde,449
1421,31263,2691.72727272727,2667.30303030303,2710.04545454545,9.47749661868976,8.81922596379034,"0,843695127518449","0,771648105683127",113.72995942427713,105.83071156548408,4.225166515812927,3.931702614814165,31,Lagardelle-sur-Lèze,3364
1422,31264,2457.555555555557,2475.5,2421.66666666667,9.1770671608287,8.81922596379034,"0,848752257323837","0,771648105683127",110.12480592994442,105.83071156548408,4.481070862507909,4.306340555607905,31,Lagrâce-Dieu,562
1423,31265,1864.857142857143,2148.0,1157.0,7.02379043712465,8.38446608510491,"0,82466807949796","0,745487060148646",84.2854852454958,100.61359302125892,4.51967517020431,5.395243995318005,31,Lagraulet-Saint-Nicolas,290
1424,31266,1953.5,2306.0,1836.0,9.58369783167895,8.48694786648515,"0,803274121161673","0,70326007253796",115.0043739801474,101.8433743978218,5.887093625807393,5.213379800246829,31,Lahage,207
1425,31268,1361.0,1372.5,1338.0,8.74863669305712,7.55051761622284,"0,75818479978817","0,629963003331385",104.98364031668544,90.60621139467408,7.713713469264176,6.657326333186927,31,Lalouret-Laffiteau,139
1426,31269,2442.26829268293,2226.92592592593,2857.57142857143,9.77370370678226,9.66166182927329,"0,865222275360019","0,817939039606139",117.28444448138713,115.93994195127948,4.802275197723893,4.7472238123320505,31,Lamasquère,1681
1427,31270,1810.125,1945.75,1674.5,8.74863669305712,7.55051761622284,"0,75818479978817","0,629963003331385",104.98364031668544,90.60621139467408,5.799800583754461,5.005522347609921,31,Landorthe,1056
1428,31271,2924.90476190476,2956.47619047619,2893.33333333333,11.485281638504,10.1901611258702,"0,801477151462443","0,777279135927241",137.823379662048,122.2819335104424,4.712063840748597,4.180715047652007,31,Lanta,2312
1429,31273,3377.2826086956497,3543.69565217391,3210.86956521739,10.8139897977882,10.3515925335859,"0,887884326809889","0,801837366917627",129.7678775734584,124.21911040303078,3.8423754422960905,3.678078644742313,31,Lapeyrouse-Fossat,3055
1430,31275,1834.3333333333333,2400.0,1551.5,8.60501586515746,8.38446608510491,"0,780622205762717","0,745487060148646",103.26019038188952,100.61359302125892,5.629303491653072,5.485022334431705,31,Laréole,164
1431,31276,1422.81818181818,1376.83333333333,1478.0,8.90285703343936,7.21898499682526,"0,802812402032766","0,618753574850219",106.83428440127231,86.62781996190313,7.508639246143998,6.088467315704656,31,Larroque,295
1432,31277,2766.7567567567576,2704.6875,2814.04761904762,10.5959777781176,9.57155028115632,"0,864906784861558","0,850367398235687",127.1517333374112,114.85860337387584,4.595696135082752,4.151380604506598,31,Lasserre-Pradère,1625
1433,31278,2282.8571428571413,1908.25,2782.33333333333,8.90285703343936,7.55051761622284,"0,802812402032766","0,629963003331385",106.83428440127231,90.60621139467408,4.679849754749104,3.968982977238542,31,Latoue,310
1434,31279,2822.6666666666665,3917.5,633.0,9.40122754722737,7.59169898926269,"0,782462981723862","0,66930516490068",112.81473056672844,91.10038787115228,3.99674293457942,3.2274582382316583,31,Latour,81
1435,31280,1721.9230769230785,1741.18181818182,1616.0,9.1770671608287,7.96191040048937,"0,848752257323837","0,769454316846372",110.12480592994442,95.54292480587245,6.395454443105991,5.548617478116331,31,Latrape,449
1436,31281,2035.7142857142896,1986.17647058824,2112.27272727273,8.60501586515746,8.95388696646285,"0,780622205762717","0,816708895631294",103.26019038188952,107.4466435975542,5.072430404724387,5.278080738125459,31,Launac,1339
1437,31282,2829.8070175438606,2701.51612903226,2982.76923076923,11.6379375828967,10.6610165262288,"0,876273001252476","0,798127827673001",139.65525099476042,127.9321983147456,4.935151059027856,4.520880665063327,31,Launaguet,9295
1438,31283,2193.0000000000027,2083.0,2229.66666666667,9.29749788520635,8.48694786648515,"0,809939020406708","0,70326007253796",111.5699746224762,101.8433743978218,5.087550142383769,4.644020720374905,31,Lautignac,250
1439,31284,3446.0967741935465,3569.0,3357.33333333333,11.8502469475775,11.5872319606182,"0,916095724922122","0,795050167625396",142.20296337092998,139.0467835274184,4.126493615496571,4.034906522901059,31,Lauzerville,1652
1440,31285,3220.882352941179,3150.6,3250.16666666667,9.80227322754742,10.1658043677298,"0,904098969110873","0,798020873792706",117.62727873056905,121.9896524127576,3.652020342287777,3.787460672115565,31,Lavalette,812
1441,31286,1999.8666666666663,1974.9,2049.8,9.1770671608287,8.90016588301577,"0,848752257323837","0,726173944282024",110.12480592994442,106.80199059618924,5.506607403657465,5.340455560180141,31,Lavelanet-de-Comminges,664
1442,31287,2492.4725274725283,2507.39130434783,2477.22222222222,10.5354727297668,9.887138477038,"0,809939020406708","0,726173944282024",126.4256727572016,118.645661724456,5.072299548489007,4.760159256189182,31,Lavernose-Lacasse,3764
1443,31288,2449.25,2869.5,2029.0,9.68017446391704,8.46017012183271,"0,859111460463297","0,670373165864902",116.16209356700448,101.52204146199252,4.742761807369786,4.145025679779219,31,Layrac-sur-Tarn,322
1444,31291,2764.8812499999963,2782.35638297872,2739.99242424242,10.8641048539563,10.601159529122,"0,899438474101252","0,873373354302414",130.3692582474756,127.213914349464,4.71518472077149,4.601062499500266,31,Léguevin,9928
1445,31293,3034.4743589743625,2854.37209302326,3255.74285714286,11.3234568109605,9.75617071243831,"0,860039732308328","0,790588783460596",135.881481731526,117.07404854925971,4.477924861340838,3.858132734027457,31,Lespinasse,3054
1446,31294,1337.6666666666667,1203.0,1607.0,8.74863669305712,7.24510605850142,"0,75818479978817","0,690209572235891",104.98364031668544,86.94127270201705,7.848266158735517,6.499472168104937,31,Lespiteau,80
1447,31296,1440.0,2354.0,526.0,8.74863669305712,7.55051761622284,"0,75818479978817","0,629963003331385",104.98364031668544,90.60621139467408,7.290530577547599,6.292098013519033,31,Lestelle-de-Saint-Martory,444
1448,31297,2668.1818181818207,2762.75555555556,2535.1875,9.90525297059374,9.16173797080231,"0,848157900672728","0,816708895631294",118.86303564712487,109.94085564962772,4.454832681834318,4.120440927243283,31,Lévignac,2266
1449,31299,2580.025,2582.74,2575.5,10.7080382537433,9.59085327874399,"0,809939020406708","0,806901202758066",128.49645904491962,115.09023934492788,4.980434648692149,4.46081876512545,31,Lherm,3920
1450,31300,1282.1666666666667,989.0,1428.75,7.42378448460729,7.55051761622284,"0,796006140708261","0,629963003331385",89.08541381528748,90.60621139467408,6.94803695426654,7.06664849042044,31,Lieoux,129
1451,31301,1781.5,1656.0,1907.0,7.99205479115859,8.09849524980019,"0,663017401767114","0,663654452067595",95.90465749390307,97.18194299760228,5.383365562385802,5.455062755969816,31,Lilhac,137
1452,31302,1706.3333333333333,1625.5,1868.0,8.74863669305712,7.21898499682526,"0,75818479978817","0,618753574850219",104.98364031668544,86.62781996190313,6.152586851925304,5.076840396282661,31,Lodes,309
1453,31303,2282.043010752689,2251.56363636364,2326.15789473684,9.29749788520635,9.84427694478972,"0,809939020406708","0,726173944282024",111.5699746224762,118.13132333747664,4.889039080191434,5.176559897462809,31,Longages,3397
1454,31304,2640.1111111111118,3004.2,2185.0,10.1983687062758,8.64195449118576,"0,774544966050345","0,777279135927241",122.3804244753096,103.70345389422911,4.635427045485402,3.9279958126680783,31,Loubens-Lauragais,466
1455,31305,1077.9999999999984,958.666666666667,1197.33333333333,9.12969107794915,7.21898499682526,"0,697626544767089","0,618753574850219",109.5562929353898,86.62781996190313,10.16292142257792,8.035975877727575,31,Loudet,199
1456,31306,2615.875,962.0,3608.2,7.42378448460729,7.21898499682526,"0,796006140708261","0,618753574850219",89.08541381528748,86.62781996190313,3.405568454734553,3.3116192464052423,31,Lourde,114
1457,31308,749.0,741.0,765.0,7.42378448460729,7.21898499682526,"0,796006140708261","0,618753574850219",89.08541381528748,86.62781996190313,11.893913727007677,11.56579705766397,31,Luscan,45
1458,31309,1687.1111111111134,1843.66666666667,1374.0,8.31888360827871,8.09849524980019,"0,817062040183174","0,663654452067595",99.82660329934453,97.18194299760228,5.917014157627105,5.760257422144489,31,Lussan-Adeilhac,240
1459,31310,2115.833333333333,2034.5,2278.5,9.33413678949576,7.61490041024441,"0,76554972409204","0,751377182874596",112.00964147394912,91.37880492293291,5.293878289434381,4.318809212584462,31,Lux,350
1460,31311,2933.736842105264,2782.09090909091,3142.25,9.68017446391704,8.46017012183271,"0,859111460463297","0,670373165864902",116.16209356700448,101.52204146199252,3.959526699867396,3.460502660120661,31,La Magdelaine-sur-Tarn,1249
1461,31313,1775.7142857142858,1930.75,1569.0,7.42378448460729,7.24510605850142,"0,796006140708261","0,690209572235891",89.08541381528748,86.94127270201705,5.016877688712891,4.896129597056471,31,Malvezie,114
1462,31314,1444.900000000001,1467.57142857143,1392.0,8.74863669305712,6.84304690365783,"0,75818479978817","0,612625720550421",104.98364031668544,82.11656284389396,7.265806652134082,5.683200418291501,31,Mancioux,387
1463,31315,1310.6250000000034,1316.45454545455,1305.69230769231,7.99999498549017,7.24510605850142,"0,701637250926066","0,690209572235891",95.99993982588204,86.94127270201705,7.324745051092555,6.633573501346062,31,Mane,1007
1464,31316,1447.444444444445,1361.0,1533.88888888889,8.64648467864198,7.14798534732727,"0,653507028132275","0,529945744326809",103.75781614370376,85.77582416792724,7.168345323507587,5.926018404170913,31,Marignac,494
1465,31317,2196.6363636363644,1999.375,2722.66666666667,8.31888360827871,8.90016588301577,"0,817062040183174","0,726173944282024",99.82660329934453,106.80199059618924,4.544521112000949,4.862069679088198,31,Marignac-Lasclares,486
1466,31318,1566.5000000000014,1953.66666666667,1334.2,8.2410459700489,7.03911349526334,"0,772183877702808","0,684063495015358",98.8925516405868,84.46936194316008,6.312962121965318,5.3922350426530485,31,Marignac-Laspeyres,204
1467,31319,2271.2499999999973,2368.33333333333,1980.0,9.40122754722737,7.59169898926269,"0,782462981723862","0,66930516490068",112.81473056672844,91.10038787115228,4.96707674482019,4.0110242320815575,31,Marliac,133
1468,31320,2681.315789473683,2645.75,2742.28571428571,9.29749788520635,8.81922596379034,"0,809939020406708","0,771648105683127",111.5699746224762,105.83071156548408,4.161015836347137,3.946969319352633,31,Marquefave,999
1469,31323,1416.7142857142858,1649.4,835.0,8.90285703343936,7.21898499682526,"0,802812402032766","0,618753574850219",106.83428440127231,86.62781996190313,7.540990126135991,6.114699402372914,31,Martres-de-Rivière,431
1470,31324,1725.0508474576266,1886.15625,1534.11111111111,9.01507103362944,7.03911349526334,"0,75818479978817","0,684063495015358",108.18085240355327,84.46936194316008,6.27116890861448,4.896630268472996,31,Martres-Tolosane,2432
1471,31327,1941.57142857143,1934.0,1951.66666666667,8.2410459700489,7.24510605850142,"0,772183877702808","0,690209572235891",98.8925516405868,86.94127270201705,5.0934284562144585,4.47788175199852,31,Mauran,204
1472,31328,2670.9999999999977,2834.22222222222,1202.0,10.7298232979184,9.51374292235219,"0,792984771715895","0,793333225056866",128.7578795750208,114.16491506822628,4.820587030139309,4.274238677208026,31,Mauremont,346
1473,31330,2117.1666666666665,1447.0,2251.2,9.1770671608287,8.81922596379034,"0,848752257323837","0,771648105683127",110.12480592994442,105.83071156548408,5.201518031800886,4.9986953427765455,31,Mauressac,510
1474,31331,2989.714285714284,3825.33333333333,2363.0,10.9710317693057,9.51374292235219,"0,894617707643524","0,793333225056866",131.6523812316684,114.16491506822628,4.403510457863529,3.818589475714757,31,Maureville,307
1475,31332,2337.75,2456.5,2219.0,9.47749661868976,9.1720294042283,"0,843695127518449","0,704516611445775",113.72995942427713,110.0643528507396,4.864932495958811,4.70813187255864,31,Mauvaisin,225
1476,31334,2602.5000000000023,2585.27272727273,2629.57142857143,9.47749661868976,9.34920304333732,"0,843695127518449","0,806901202758066",113.72995942427713,112.19043652004784,4.3700272593382135,4.310871720270807,31,Mauzac,1371
1477,31335,2207.0,2250.0,2185.5,8.47225639656891,8.42353719137337,"0,373536370401462","0,690279473538824",101.66707675882694,101.08244629648044,4.606573482502353,4.5800836563878775,31,Mayrègne,30
1478,31336,1647.782608695649,1469.35714285714,1925.33333333333,7.99999498549017,7.24510605850142,"0,701637250926066","0,690209572235891",95.99993982588204,86.94127270201705,5.826007588578303,5.2762586668418585,31,Mazères-sur-Salat,645
1479,31337,1537.2727272727282,1666.125,1193.66666666667,7.7487671340012,6.80815090208763,"0,67184343158923","0,641464989872241",92.9852056080144,81.69781082505156,6.048712369533754,5.314464335160063,31,Melles,85
1480,31338,2651.75,2782.0,2261.0,10.8089925149592,9.57155028115632,"0,848157900672728","0,850367398235687",129.7079101795104,114.85860337387584,4.891407944923556,4.331426543749442,31,Menville,822
1481,31339,2532.8,2171.75,3977.0,9.69322247316819,9.78621258095348,"0,899438474101252","0,873373354302414",116.31866967801828,117.43455097144177,4.592493275348162,4.636550496345615,31,Mérenvielle,493
1482,31340,6855.999999999997,3890.33333333333,11304.5,11.8065643704278,11.4341279332702,"0,951669386351897","0,859639931687419",141.6787724451336,137.2095351992424,2.066493180354925,2.001305939312171,31,Mervilla,306
1483,31341,2657.7741935483914,2713.76744186047,1969.85714285714,10.47773103895,9.9382919811736,"0,860039732308328","0,829967940074496",125.7327724674,119.2595037740832,4.730754507761034,4.487194738498832,31,Merville,6733
1484,31342,1821.6,1658.5,2474.0,8.64648467864198,7.24510605850142,"0,653507028132275","0,690209572235891",103.75781614370376,86.94127270201705,5.695971461555981,4.772797139987761,31,Milhas,194
1485,31344,1066.5,1064.44444444444,1067.92307692308,7.99999498549017,7.55051761622284,"0,701637250926066","0,629963003331385",95.99993982588204,90.60621139467408,9.001400827555747,8.495659765088991,31,Miramont-de-Comminges,756
1486,31345,2429.456521739126,2395.07407407407,2478.31578947368,9.47749661868976,8.81922596379034,"0,843695127518449","0,771648105683127",113.72995942427713,105.83071156548408,4.681292231682481,4.356147583564295,31,Miremont,2830
1487,31346,2653.849999999998,2557.42857142857,2878.83333333333,8.16907383173017,8.46017012183271,"0,831816477648791","0,670373165864902",98.02888598076204,101.52204146199252,3.6938367270479535,3.8254626848538007,31,Mirepoix-sur-Tarn,1154
1488,31348,1007.6666666666666,1289.0,445.0,7.42378448460729,7.21898499682526,"0,796006140708261","0,618753574850219",89.08541381528748,86.62781996190313,8.84076220462661,8.596872639289098,31,Moncaup,36
1489,31349,1971.7142857142856,1782.8,2444.0,8.74863669305712,7.03911349526334,"0,75818479978817","0,684063495015358",104.98364031668544,84.46936194316008,5.3244854529546295,4.284056901913639,31,Mondavezan,916
1490,31350,1846.5,2169.0,1201.5,8.31888360827871,8.09849524980019,"0,817062040183174","0,663654452067595",99.82660329934453,97.18194299760228,5.406260671505255,5.263035093290132,31,Mondilhan,81
1491,31351,2725.155080213904,2738.07476635514,2707.875,11.2400925557109,10.2023119195637,"0,865357582799903","0,882344115273409",134.8811106685308,122.4277430347644,4.9494838531517145,4.492505543029675,31,Mondonville,6113
1492,31352,8735.666666666666,10900.0,4407.0,9.80227322754742,10.6941527942228,"0,904098969110873","0,801837366917627",117.62727873056905,128.3298335306736,1.34651748079409,1.469033085023165,31,Mondouzil,224
1493,31355,4098.136363636362,4078.53333333333,4140.14285714286,11.301737358791,12.0552814434834,"0,801477151462443","0,789997207296694",135.620848305492,144.6633773218008,3.3093298092490206,3.529979592807838,31,Mons,1895
1494,31356,2954.2799999999984,2922.5,2988.70833333333,9.82641149566352,8.95388696646285,"0,865357582799903","0,816708895631294",117.91693794796224,107.4466435975542,3.991393434202658,3.636982398335779,31,Montaigut-sur-Save,1995
1495,31357,1525.636363636361,1711.33333333333,690.0,7.99999498549017,7.24510605850142,"0,701637250926066","0,690209572235891",95.99993982588204,86.94127270201705,6.292452258876798,5.69868906996895,31,Montastruc-de-Salies,314
1496,31358,3039.6075949367105,3003.25,3085.31428571429,11.0988213070849,10.9170592167448,"0,863360449983346","0,773394489944632",133.1858556850188,131.0047106009376,4.381679263694298,4.309921807642585,31,Montastruc-la-Conseillère,3827
1497,31360,2558.961538461538,2433.27272727273,2651.13333333333,8.64648467864198,7.14798534732727,"0,653507028132275","0,529945744326809",103.75781614370376,85.77582416792724,4.054684471970748,3.351977858154763,31,Montauban-de-Luchon,519
1498,31361,2329.0,2077.0,2581.0,9.1770671608287,8.81922596379034,"0,848752257323837","0,771648105683127",110.12480592994442,105.83071156548408,4.728415883638661,4.54404085725565,31,Montaut,572
1499,31362,2310.2,2696.0,2053.0,8.09239651320027,7.03911349526334,"0,818083974152368","0,684063495015358",97.10875815840323,84.46936194316008,4.203478406995207,3.6563657667370815,31,Montberaud,201
1500,31363,1819.6666666666667,1609.0,1861.8,7.99205479115859,8.09849524980019,"0,663017401767114","0,663654452067595",95.90465749390307,97.18194299760228,5.270451959730888,5.34064533784222,31,Montbernard,216
1501,31364,2958.2380952380945,3102.5,2789.10344827586,10.8139897977882,10.1564280909848,"0,887884326809889","0,798127827673001",129.7678775734584,121.8771370918176,4.386661025775682,4.119923182924473,31,Montberon,3173
1502,31365,1494.4615384615386,1815.75,980.4,8.2410459700489,7.03911349526334,"0,772183877702808","0,684063495015358",98.8925516405868,84.46936194316008,6.617269772120796,5.652160311205893,31,Montbrun-Bocage,593
1503,31366,3039.235294117647,3114.2,3008.0,11.1132578025017,10.3692376169334,"0,860258612107714","0,804510910161083",133.3590936300204,124.4308514032008,4.387916061916401,4.0941499871376585,31,Montbrun-Lauragais,735
1504,31368,2746.333333333333,3053.0,2593.0,9.33413678949576,9.1720294042283,"0,76554972409204","0,704516611445775",112.00964147394912,110.0643528507396,4.078515892970596,4.0076836819058,31,Montclar-Lauragais,258
1505,31369,1752.0,1460.0,2044.0,7.42378448460729,7.21898499682526,"0,796006140708261","0,618753574850219",89.08541381528748,86.62781996190313,5.084783893566637,4.944510271798124,31,Mont-de-Galié,29
1506,31371,1603.4,1562.75,1766.0,8.80807628086374,7.61490041024441,"0,811269070596714","0,751377182874596",105.69691537036488,91.37880492293291,6.592049106296924,5.699064794993945,31,Montégut-Lauragais,416
1507,31372,1221.2142857142858,1185.0,1269.5,8.74863669305712,7.55051761622284,"0,75818479978817","0,629963003331385",104.98364031668544,90.60621139467408,8.596660024762215,7.419354035944535,31,Montespan,476
1508,31373,2172.5,2481.0,1864.0,8.31888360827871,8.09849524980019,"0,817062040183174","0,663654452067595",99.82660329934453,97.18194299760228,4.595010508600439,4.473277007944869,31,Montesquieu-Guittaut,174
1509,31374,2324.05263157895,1720.36363636364,3154.125,10.7298232979184,9.51374292235219,"0,792984771715895","0,793333225056866",128.7578795750208,114.16491506822628,5.540230794495534,4.91232055233892,31,Montesquieu-Lauragais,1055
1510,31375,1677.9404761904782,1727.60465116279,1625.85365853659,9.02725857513388,7.51973492700866,"0,818083974152368","0,66930516490068",108.32710290160657,90.23681912410392,6.45595624151982,5.377831955575301,31,Montesquieu-Volvestre,3130
1511,31376,1475.200000000002,1546.16666666667,1368.75,8.74863669305712,7.24510605850142,"0,75818479978817","0,690209572235891",104.98364031668544,86.94127270201705,7.11656997808333,5.893524451058632,31,Montgaillard-de-Salies,109
1512,31377,2567.2727272727275,2800.0,2288.0,9.33413678949576,9.1720294042283,"0,76554972409204","0,704516611445775",112.00964147394912,110.0643528507396,4.3629817854583575,4.287209211608129,31,Montgaillard-Lauragais,698
1513,31378,1216.0,1603.0,1022.5,8.74863669305712,8.09849524980019,"0,75818479978817","0,663654452067595",104.98364031668544,97.18194299760228,8.633523052359,7.991936101776503,31,Montgaillard-sur-Save,70
1514,31379,1614.0,1771.5,1456.5,9.1770671608287,8.81922596379034,"0,848752257323837","0,771648105683127",110.12480592994442,105.83071156548408,6.823098260839183,6.557045326238171,31,Montgazin,168
1515,31380,2548.333333333333,2695.0,1375.0,7.59877952139355,9.1720294042283,"0,799711397082249","0,704516611445775",91.1853542567226,110.0643528507396,3.5782349610224693,4.319072054312869,31,Montgeard,574
1516,31381,2790.421874999999,2965.29411764706,2592.23333333333,10.7298232979184,9.51374292235219,"0,792984771715895","0,793333225056866",128.7578795750208,114.16491506822628,4.614280038749369,4.091313793482439,31,Montgiscard,2637
1517,31383,2975.249999999996,3108.61538461538,2817.63636363636,10.8139897977882,9.79706750543053,"0,887884326809889","0,78330107598716",129.7678775734584,117.56481006516636,4.361578945414959,3.951426268890564,31,Montjoire,1287
1518,31384,3290.270270270268,3314.75,3261.47058823529,10.7298232979184,9.51374292235219,"0,792984771715895","0,793333225056866",128.7578795750208,114.16491506822628,3.913291887855901,3.4697731703009485,31,Montlaur,1828
1519,31385,1375.2857142857142,1507.0,1046.0,7.99205479115859,6.84304690365783,"0,663017401767114","0,612625720550421",95.90465749390307,82.11656284389396,6.973435155887831,5.9708729604991975,31,Montmaurin,194
1520,31386,1788.5555555555557,1635.4,1980.0,8.74863669305712,8.09849524980019,"0,75818479978817","0,663654452067595",104.98364031668544,97.18194299760228,5.869744442133123,5.433543436531157,31,Montoulieu-Saint-Bernard,229
1521,31387,2249.75,3014.0,1995.0,8.2410459700489,8.09849524980019,"0,772183877702808","0,663654452067595",98.8925516405868,97.18194299760228,4.39571292990718,4.31967743071907,31,Montoussin,130
1522,31388,3613.25,3548.0,3635.0,9.80227322754742,10.1658043677298,"0,904098969110873","0,798020873792706",117.62727873056905,121.9896524127576,3.2554425719385334,3.376175255317446,31,Montpitol,353
1523,31389,3267.16129032258,3246.11940298507,3291.89473684211,11.7881707260516,11.2006532012826,"0,904098969110873","0,789997207296694",141.4580487126192,134.4078384153912,4.329692847782622,4.11390275752565,31,Montrabé,4378
1524,31390,1213.5818181818213,1238.77419354839,1181.04166666667,8.73808641642063,7.21898499682526,"0,802812402032766","0,618753574850219",104.85703699704756,86.62781996190313,8.640293997988827,7.138193623540624,31,Montréjeau,2699
1525,31391,1724.6153846153854,1789.88888888889,1577.75,8.74863669305712,7.55051761622284,"0,75818479978817","0,629963003331385",104.98364031668544,90.60621139467408,6.087365406409054,5.253705388629627,31,Montsaunès,478
1526,31394,1891.25,1195.0,2587.5,8.1141438397925,7.14798534732727,"0,643116604949092","0,529945744326809",97.36972607751,85.77582416792724,5.148432310773827,4.535403789447574,31,Moustajon,131
1527,31395,2443.5074424898507,2531.31540342298,2334.67878787879,11.500532143856,10.2333774110121,"0,848752257323837","0,806901202758066",138.006385726272,122.8005289321452,5.647880719595772,5.025584403664253,31,Muret,26223
1528,31396,1959.0143540669883,2010.19130434783,1896.40425531915,8.77235535314495,9.6081892288858,"0,799711397082249","0,704516611445775",105.2682642377394,115.2982707466296,5.37353205295298,5.885524549999646,31,Nailloux,4213
1529,31398,1381.625,1567.0,825.5,7.99205479115859,7.21898499682526,"0,663017401767114","0,618753574850219",95.90465749390307,86.62781996190313,6.94143906587555,6.269995111691171,31,Nizan-Gesse,100
1530,31399,2399.2666666666664,2376.24390243902,2427.02941176471,9.1770671608287,10.3319077781213,"0,848752257323837","0,726173944282024",110.12480592994442,123.9828933374556,4.589936060877397,5.167532857433756,31,Noé,3042
1531,31401,2586.6666666666647,2735.0,2438.33333333333,10.7298232979184,9.51374292235219,"0,792984771715895","0,793333225056866",128.7578795750208,114.16491506822628,4.977753076353902,4.413592077379885,31,Noueilles,394
1532,31402,3018.533333333334,2785.16666666667,3174.11111111111,10.9710317693057,10.9352063373368,"0,894617707643524","0,753747223455227",131.6523812316684,131.2224760480416,4.361468524393802,4.347226336677025,31,Odars,951
1533,31403,2686.863636363634,2514.1,2830.83333333333,9.73850195087924,9.43243530388364,"0,795187582798101","0,785140499344576",116.86202341055088,113.18922364660368,4.349384234799143,4.212689550549446,31,Ondes,931
1534,31405,1063.25,878.5,1617.5,8.64648467864198,7.14798534732727,"0,653507028132275","0,529945744326809",103.75781614370376,85.77582416792724,9.758553128963438,8.067324163454243,31,Ore,124
1535,31406,1658.3333333333326,1529.11111111111,1755.25,8.74863669305712,7.03911349526334,"0,75818479978817","0,684063495015358",104.98364031668544,84.46936194316008,6.330671777890582,5.093629865919203,31,Palaminy,786
1536,31407,2593.82142857143,2527.88235294118,2695.72727272727,10.8139897977882,9.79706750543053,"0,887884326809889","0,78330107598716",129.7678775734584,117.56481006516636,5.002961119221273,4.532494364113424,31,Paulhac,1280
1537,31408,917.5,590.0,1245.0,7.42378448460729,7.21898499682526,"0,796006140708261","0,618753574850219",89.08541381528748,86.62781996190313,9.709581887224791,9.441724246528953,31,Payssous,82
1538,31409,3338.2291666666647,3278.73333333333,3437.38888888889,11.5315199614106,11.5529512049341,"0,860258612107714","0,804510910161083",138.3782395369272,138.6354144592092,4.145258837190695,4.152962769708269,31,Péchabou,2524
1539,31410,2940.1171875000027,2860.79452054795,3045.4,11.2925835547481,10.6790325729582,"0,854555684781699","0,819978725808907",135.5110026569772,128.1483908754984,4.609034062761388,4.358615072226548,31,Pechbonnieu,4884
1540,31411,3361.818181818181,3574.42857142857,2989.75,12.2523349966505,11.4540852045884,"0,861402203905443","0,78429885764567",147.028019959806,137.4490224550608,4.373467332498287,4.088532306667575,31,Pechbusque,1004
1541,31412,1787.7142857142874,1788.5,1786.66666666667,8.31888360827871,6.84304690365783,"0,817062040183174","0,612625720550421",99.82660329934453,82.11656284389396,5.584035664818692,4.593382930376036,31,Péguilhan,263
1542,31413,2366.117647058825,2329.69230769231,2484.5,8.60501586515746,8.38446608510491,"0,780622205762717","0,745487060148646",103.26019038188952,100.61359302125892,4.364119024692026,4.252265019295447,31,Pelleport,560
1543,31415,2160.75,1635.5,2686.0,8.74863669305712,8.09849524980019,"0,75818479978817","0,663654452067595",104.98364031668544,97.18194299760228,4.858666681322941,4.497602360180598,31,Peyrouzet,82
1544,31416,2191.714285714286,2261.6,2017.0,9.29749788520635,8.90016588301577,"0,809939020406708","0,726173944282024",111.5699746224762,106.80199059618924,5.0905346262373445,4.872988750966789,31,Peyssies,696
1545,31417,3143.9728260869533,3128.91262135922,3163.12345679012,11.4139817206023,10.8087483961139,"0,864906784861558","0,850367398235687",136.96778064722758,129.7049807533668,4.356519226589507,4.125512144289111,31,Pibrac,9037
1546,31418,4158.391304347825,4456.27272727273,3885.33333333333,12.821700898669,12.0552814434834,"0,917307552280581","0,789997207296694",153.860410784028,144.6633773218008,3.699998377333046,3.478830315236263,31,Pin-Balma,1065
1547,31419,2128.5999999999976,1858.33333333333,2534.0,8.20260890532892,8.09849524980019,"0,760873619499847","0,663654452067595",98.43130686394704,97.18194299760228,4.624227514044309,4.565533355144338,31,Le Pin-Murelet,172
1548,31420,2907.705882352941,3127.3,2594.0,11.519712655102,9.81139177817547,"0,905430898775902","0,781087956023107",138.236551861224,117.73670133810565,4.754144932614772,4.0491269097283,31,Pinsaguel,2819
1549,31421,2721.9902912621383,2799.27868852459,2609.7380952381,11.5179106037286,10.3724005774801,"0,908051862773299","0,801890880417435",138.2149272447432,124.4688069297612,5.077715658590957,4.572713111039321,31,Pins-Justaret,4453
1550,31423,2000.6666666666667,2249.0,1504.0,9.29749788520635,8.48694786648515,"0,809939020406708","0,70326007253796",111.5699746224762,101.8433743978218,5.576639851173419,5.090471895925781,31,Plagnole,338
1551,31424,3117.342494714591,3131.15648854962,3100.18957345972,11.5104743571872,10.6981643522924,"0,879747643449416","0,841829432726548",138.1256922862464,128.3779722275088,4.430879587996395,4.118186322008948,31,Plaisance-du-Touch,20826
1552,31425,1746.6875000000025,1571.25,1805.16666666667,8.2410459700489,7.59169898926269,"0,772183877702808","0,66930516490068",98.8925516405868,91.10038787115228,5.661719777612575,5.215608852250454,31,Le Plan,443
1553,31426,1327.5625,1526.2,996.5,8.90285703343936,7.21898499682526,"0,802812402032766","0,618753574850219",106.83428440127231,86.62781996190313,8.047401489667893,6.525328936445789,31,Pointis-de-Rivière,845
1554,31427,1276.608695652175,1308.0,1227.77777777778,8.74863669305712,7.55051761622284,"0,75818479978817","0,629963003331385",104.98364031668544,90.60621139467408,8.223635063291884,7.097414556493094,31,Pointis-Inard,939
1555,31428,2629.75,2813.5,2446.0,8.20260890532892,8.09849524980019,"0,760873619499847","0,663654452067595",98.43130686394704,97.18194299760228,3.742991039602512,3.69548219403374,31,Polastron,69
1556,31429,3272.899999999998,3358.58333333333,3144.375,11.809302128488,10.3692376169334,"0,860258612107714","0,804510910161083",141.711625541856,124.4308514032008,4.329848927307773,3.801853139515442,31,Pompertuzat,2249
1557,31430,1484.0,1417.5,1583.75,8.90285703343936,7.21898499682526,"0,802812402032766","0,618753574850219",106.83428440127231,86.62781996190313,7.199075768279807,5.8374541753304,31,Ponlat-Taillebourg,638
1558,31431,1508.8181818181818,1490.6,1524.0,8.64648467864198,7.24510605850142,"0,653507028132275","0,690209572235891",103.75781614370376,86.94127270201705,6.87676072531627,5.762210036284796,31,Portet-d'Aspet,62
1559,31432,2140.5,1567.0,2714.0,8.47225639656891,8.42353719137337,"0,373536370401462","0,690279473538824",101.66707675882694,101.08244629648044,4.749688239141646,4.7223754401532565,31,Portet-de-Luchon,38
1560,31433,2968.30810810811,3038.0495049505,2884.45238095238,12.2212061139839,10.8962978353403,"0,861402203905443","0,859639931687419",146.65447336780682,130.7555740240836,4.940675564211525,4.405053965486838,31,Portet-sur-Garonne,9927
1561,31435,2577.33333333333,2430.33333333333,2724.33333333333,9.77370370678226,9.34920304333732,"0,865222275360019","0,806901202758066",117.28444448138713,112.19043652004784,4.550612175946221,4.352965721160683,31,Poucharramet,982
1562,31436,1855.2500000000025,2601.0,1606.66666666667,8.31888360827871,8.09849524980019,"0,817062040183174","0,663654452067595",99.82660329934453,97.18194299760228,5.380762878282948,5.238212801379984,31,Pouy-de-Touges,436
1563,31439,3859.6666666666665,3685.5,4208.0,10.9710317693057,10.9352063373368,"0,894617707643524","0,753747223455227",131.6523812316684,131.2224760480416,3.410978009284094,3.3998396074283166,31,Préserville,783
1564,31441,2719.25,3147.0,2291.5,10.1983687062758,8.64195449118576,"0,774544966050345","0,777279135927241",122.3804244753096,103.70345389422911,4.500521264146717,3.81367854718136,31,Prunet,153
1565,31442,2177.733333333332,1913.33333333333,2354.0,9.1770671608287,8.81922596379034,"0,848752257323837","0,771648105683127",110.12480592994442,105.83071156548408,5.056854493813652,4.859672667245033,31,Puydaniel,583
1566,31443,1283.4166666666667,1758.5,1188.4,7.99205479115859,6.84304690365783,"0,663017401767114","0,612625720550421",95.90465749390307,82.11656284389396,7.472604960241782,6.398277736034851,31,Puymaurin,317
1567,31444,2537.714285714284,3076.5,1819.33333333333,8.99000641817867,8.38446608510491,"0,791909908297138","0,745487060148646",107.88007701814404,100.61359302125892,4.25107261386517,3.9647328932043058,31,Puysségur,142
1568,31445,3442.005813953492,3337.11504424779,3642.89830508475,12.5728550992122,11.8890320807708,"0,916095724922122","0,753747223455227",150.8742611905464,142.6683849692496,4.3833238334147975,4.144919929852777,31,Quint-Fonsegrives,6149
1569,31446,3135.8656716417863,3093.11538461538,3195.41071428571,12.6445548104561,11.1819543577491,"0,91988679282336","0,78429885764567",151.7346577254732,134.18345229298922,4.838684867710941,4.278992353098381,31,Ramonville-Saint-Agne,15436
1570,31447,897.0,996.5,698.0,8.64648467864198,7.24510605850142,"0,653507028132275","0,690209572235891",103.75781614370376,86.94127270201705,11.567203583467531,9.69244957659053,31,Razecueillé,32
1571,31448,3440.363636363634,3870.6,3081.83333333333,11.8065643704278,10.378697167841,"0,951669386351897","0,801890880417435",141.6787724451336,124.544366014092,4.118133645746936,3.6200930825362354,31,Rebigue,500
1572,31449,1662.6666666666667,1940.0,1524.0,7.42378448460729,7.55051761622284,"0,796006140708261","0,629963003331385",89.08541381528748,90.60621139467408,5.357983990494436,5.449451366961151,31,Régades,135
1573,31450,2409.818181818183,2440.25,2328.66666666667,9.33413678949576,9.1720294042283,"0,76554972409204","0,704516611445775",112.00964147394912,110.0643528507396,4.648053629898294,4.56733016960214,31,Renneville,552
1574,31451,1958.220338983051,1993.10743801653,1921.51304347826,8.53088722787134,8.13555317830736,"0,783109517181521","0,639806173222701",102.37064673445607,97.62663813968832,5.22773891663384,4.985477690952187,31,Revel,9981
1575,31454,2085.9625,2064.86666666667,2113.08571428571,9.22633296383722,9.89670883699103,"0,760873619499847","0,663654452067595",110.71599556604664,118.76050604389236,5.307669508250825,5.693319321123575,31,Rieumes,3640
1576,31455,1885.2676056338,1972.34042553191,1714.75,9.1770671608287,7.59169898926269,"0,848752257323837","0,66930516490068",110.12480592994442,91.10038787115228,5.841335500639553,4.832225812341672,31,Rieux-Volvestre,2677
1577,31456,1056.3333333333333,1138.0,1015.5,9.29749788520635,8.09849524980019,"0,809939020406708","0,663654452067595",111.5699746224762,97.18194299760228,10.562004539836812,9.199931492357427,31,Riolas,56
1578,31457,1422.041666666665,1385.8,1482.44444444444,8.74863669305712,7.24510605850142,"0,75818479978817","0,690209572235891",104.98364031668544,86.94127270201705,7.382599453838242,6.113834407244314,31,Roquefort-sur-Garonne,811
1579,31458,2931.0472440944927,2847.75384615385,3018.37096774194,11.5573011693589,9.87247027430156,"0,905430898775902","0,781087956023107",138.68761403230678,118.46964329161872,4.731674465900751,4.04188787916376,31,Roques,5352
1580,31459,3063.249999999998,2939.72727272727,3335.0,10.9582976680697,9.27208164033685,"0,863360449983346","0,773394489944632",131.4995720168364,111.2649796840422,4.292812275094637,3.63225266250036,31,Roquesérière,896
1581,31460,2816.264367816091,2839.13725490196,2783.86111111111,11.0192337220557,9.73361290707063,"0,816673849304748","0,781087956023107",132.2308046646684,116.80335488484756,4.695255394904865,4.147457043438867,31,Roquettes,4362
1582,31461,1417.0,1175.5,1900.0,7.99999498549017,7.55051761622284,"0,701637250926066","0,629963003331385",95.99993982588204,90.60621139467408,6.774872253061542,6.394228044789985,31,Rouède,292
1583,31462,3072.8245614035104,3073.51428571429,3071.72727272727,12.1446822490559,10.6941527942228,"0,895736778856105","0,801837366917627",145.7361869886708,128.3298335306736,4.7427434946727285,4.176282471266731,31,Rouffiac-Tolosan,2225
1584,31463,1694.2857142857142,1706.2,1664.5,8.80807628086374,7.61490041024441,"0,811269070596714","0,751377182874596",105.69691537036488,91.37880492293291,6.238435139903492,5.393352735754895,31,Roumens,248
1585,31464,2603.0,2040.2,4010.0,9.58369783167895,9.34920304333732,"0,803274121161673","0,806901202758066",115.0043739801474,112.19043652004784,4.41814729082395,4.310043661930383,31,Sabonnères,341
1586,31465,1616.0,1524.0,1708.0,8.1141438397925,8.42353719137337,"0,643116604949092","0,690279473538824",97.36972607751,101.08244629648044,6.025354336479579,6.255101874782206,31,Saccourvielle,22
1587,31466,2733.599999999998,2649.0,2830.28571428571,8.76733303939837,9.33336049282423,"0,839793990632433","0,840099402394738",105.20799647278044,112.00032591389076,3.848697558998409,4.097173175076486,31,Saiguède,815
1588,31467,3017.080000000004,3032.86885245902,2992.38461538462,11.068593338735,10.3251046429312,"0,858130455061855","0,772894223517191",132.82312006482002,123.9012557151744,4.402373157649775,4.106661265699757,31,Saint-Alban,6499
1589,31470,1719.9999999999966,1657.28571428571,1845.42857142857,8.1141438397925,7.14798534732727,"0,643116604949092","0,529945744326809",97.36972607751,85.77582416792724,5.661030585901756,4.986966521391128,31,Saint-Aventin,64
1590,31471,1181.259259259259,1101.78947368421,1370.0,8.64648467864198,7.14798534732727,"0,653507028132275","0,529945744326809",103.75781614370376,85.77582416792724,8.783661616228764,7.26138851362023,31,Saint-Béat-Lez,389
1591,31472,1895.666666666665,1965.0,1826.33333333333,9.12969107794915,7.14798534732727,"0,697626544767089","0,529945744326809",109.5562929353898,85.77582416792724,5.779301543980477,4.524836864845823,31,Saint-Bertrand-de-Comminges,239
1592,31473,1717.0857142857126,1666.4375,1759.73684210526,8.99000641817867,8.38446608510491,"0,791909908297138","0,745487060148646",107.88007701814404,100.61359302125892,6.282742679681595,5.859555652008496,31,Saint-Cézert,452
1593,31474,1431.6,1463.5,1304.0,9.1770671608287,7.59169898926269,"0,848752257323837","0,66930516490068",110.12480592994442,91.10038787115228,7.692428466746606,6.363536453698818,31,Saint-Christaud,240
1594,31475,2440.675675675673,2419.5,2453.5652173913,9.77370370678226,9.66166182927329,"0,865222275360019","0,817939039606139",117.28444448138713,115.93994195127948,4.805408832081644,4.750321523943685,31,Saint-Clar-de-Rivière,1697
1595,31476,2051.2105263157887,2211.5,1776.42857142857,8.31888360827871,8.90016588301577,"0,817062040183174","0,726173944282024",99.82660329934453,106.80199059618924,4.866716605566794,5.206778593712561,31,Saint-Élix-le-Château,948
1596,31478,1715.0606060606076,1757.25,1650.15384615385,8.92872686854594,7.3596847822591,"0,768824514372287","0,639806173222701",107.14472242255128,88.31621738710919,6.247284908995511,5.14945169138753,31,Saint-Félix-Lauragais,1281
1597,31480,3542.4444444444484,3658.03703703704,3369.05555555556,12.2265872197259,10.9352063373368,"0,926425848347149","0,753747223455227",146.7190466367108,131.2224760480416,4.141745874569963,3.704291714548563,31,Sainte-Foy-d'Aigrefeuille,2553
1598,31481,2332.0270270270275,2544.0,2131.21052631579,9.58369783167895,9.34920304333732,"0,803274121161673","0,806901202758066",115.0043739801474,112.19043652004784,4.931519774312399,4.810854900900238,31,Sainte-Foy-de-Peyrolières,2139
1599,31482,1562.799999999998,1969.33333333333,953.0,8.31888360827871,8.09849524980019,"0,817062040183174","0,663654452067595",99.82660329934453,97.18194299760228,6.387676177332011,6.218450409367955,31,Saint-Frajou,208
1600,31483,1356.414868105514,1314.54464285714,1405.0103626943,8.63650148356169,7.93422245440839,"0,796006140708261","0,629963003331385",103.63801780274028,95.21066945290067,7.64058403071695,7.019288249610542,31,Saint-Gaudens,12383
1601,31484,3020.519999999996,3074.58333333333,2970.61538461538,11.484127277422,10.6941527942228,"0,90338518538259","0,801837366917627",137.809527329064,128.3298335306736,4.562443795408214,4.248600688976526,31,Saint-Geniès-Bellevue,2552
1602,31486,2612.9814814814827,2662.81081081081,2504.52941176471,9.29749788520635,9.34920304333732,"0,809939020406708","0,806901202758066",111.5699746224762,112.19043652004784,4.269834111461798,4.293579472918393,31,Saint-Hilaire,1751
1603,31487,963.0,1034.0,892.0,8.74863669305712,7.55051761622284,"0,75818479978817","0,629963003331385",104.98364031668544,90.60621139467408,10.901727966426318,9.408744693112574,31,Saint-Ignan,226
1604,31488,3311.109324758843,3273.84971098266,3357.81884057971,12.5344837416503,11.2372589467938,"0,895736778856105","0,801837366917627",150.4138048998036,134.8471073615256,4.542701256496829,4.072565842305641,31,Saint-Jean,11406
1605,31490,2762.415094339622,2769.56989247312,2752.33333333333,11.0535046992978,9.46648561893121,"0,907092369927074","0,790588783460596",132.6420563915736,113.59782742717454,4.801669983029207,4.112264940194697,31,Saint-Jory,8084
1606,31491,1783.0,1515.0,2158.2,8.92872686854594,7.61490041024441,"0,768824514372287","0,751377182874596",107.14472242255128,91.37880492293291,6.009238498180105,5.1250030803664,31,Saint-Julia,428
1607,31492,2019.57142857143,1867.625,2222.16666666667,9.1770671608287,8.90016588301577,"0,848752257323837","0,726173944282024",110.12480592994442,106.80199059618924,5.452879971066071,5.288349254957375,31,Saint-Julien-sur-Garonne,558
1608,31493,2062.0,1495.0,2345.5,8.74863669305712,6.84304690365783,"0,75818479978817","0,612625720550421",104.98364031668544,82.11656284389396,5.091350160847984,3.982374531711637,31,Saint-Lary-Boujean,133
1609,31495,2349.66666666667,2107.16666666667,2592.16666666667,10.7298232979184,9.51374292235219,"0,792984771715895","0,793333225056866",128.7578795750208,114.16491506822628,5.479835987020313,4.85877067959538,31,Saint-Léon,1313
1610,31496,2355.0,1460.0,3250.0,9.69322247316819,9.78621258095348,"0,899438474101252","0,873373354302414",116.31866967801828,117.43455097144177,4.939221642378695,4.986605136791582,31,Sainte-Livrade,262
1611,31497,3352.54054054054,3365.05882352941,3341.9,11.6484940112402,10.4825662133092,"0,90338518538259","0,798127827673001",139.78192813488238,125.7907945597104,4.169432895577899,3.7521036073564913,31,Saint-Loup-Cammas,2394
1612,31498,1968.0,3213.0,723.0,8.90285703343936,6.84304690365783,"0,802812402032766","0,612625720550421",106.83428440127231,82.11656284389396,5.428571361853269,4.172589575401116,31,Saint-Loup-en-Comminges,38
1613,31499,2520.8379310344826,2542.93063583815,2488.17094017094,10.1884756108121,9.65636489366051,"0,803274121161673","0,840099402394738",122.2617073297452,115.87637872392614,4.850042353955391,4.596740524146813,31,Saint-Lys,9964
1614,31500,2569.178571428575,2281.65384615385,2818.36666666667,8.64648467864198,7.14798534732727,"0,653507028132275","0,529945744326809",103.75781614370376,85.77582416792724,4.038559923299138,3.338647812255111,31,Saint-Mamet,569
1615,31501,3403.6666666666647,3916.33333333333,2891.0,9.80227322754742,10.1658043677298,"0,904098969110873","0,798020873792706",117.62727873056905,121.9896524127576,3.455898895227768,3.5840657843332977,31,Saint-Marcel-Paulel,491
1616,31502,1510.7777777777778,1512.25,1509.6,8.74863669305712,6.84304690365783,"0,75818479978817","0,612625720550421",104.98364031668544,82.11656284389396,6.948979648820835,5.435383287453449,31,Saint-Marcet,378
1617,31503,1373.083333333331,1426.28571428571,1298.6,8.74863669305712,7.55051761622284,"0,75818479978817","0,629963003331385",104.98364031668544,90.60621139467408,7.645831667173802,6.5987408917648285,31,Saint-Martory,1055
1618,31504,1721.0,1331.5,2500.0,8.74863669305712,7.55051761622284,"0,75818479978817","0,629963003331385",104.98364031668544,90.60621139467408,6.100153417587765,5.264742091497623,31,Saint-Médard,237
1619,31505,1605.071428571429,1137.25,1792.2,8.2410459700489,7.59169898926269,"0,772183877702808","0,66930516490068",98.8925516405868,91.10038787115228,6.161255498056228,5.675784033626148,31,Saint-Michel,315
1620,31506,3319.7506702412843,3334.82775119617,3300.53658536585,12.4073773628429,11.3471188926992,"0,926425848347149","0,795050167625396",148.88852835411478,136.1654267123904,4.484931042827181,4.101676307591307,31,Saint-Orens-de-Gameville,14467
1621,31507,2300.999999999998,2341.13333333333,2236.5,10.0372708618649,9.72136571350945,"0,848157900672728","0,816708895631294",120.4472503423788,116.6563885621134,5.234561075288088,5.0698126276450886,31,Saint-Paul-sur-Save,1768
1622,31509,1400.4,1375.5,1500.0,7.42378448460729,7.21898499682526,"0,796006140708261","0,618753574850219",89.08541381528748,86.62781996190313,6.361426293579512,6.185934016131329,31,Saint-Pé-d'Ardet,169
1623,31512,3528.999999999998,3646.7,3360.85714285714,11.301737358791,10.9352063373368,"0,801477151462443","0,753747223455227",135.620848305492,131.2224760480416,3.843039056545538,3.718403968490837,31,Saint-Pierre-de-Lages,915
1624,31513,1696.5,930.0,2846.25,8.90285703343936,7.21898499682526,"0,802812402032766","0,618753574850219",106.83428440127231,86.62781996190313,6.297334771663562,5.10626701809037,31,Saint-Plancard,403
1625,31515,2910.9090909090937,3149.66666666667,1836.5,9.73850195087924,9.43243530388364,"0,795187582798101","0,785140499344576",116.86202341055088,113.18922364660368,4.014622915415548,3.888449282050716,31,Saint-Rustice,438
1626,31516,2742.466666666667,2800.26315789474,2642.63636363636,10.6429284648285,9.48253326960289,"0,880439977261066","0,785140499344576",127.715141577942,113.79039923523467,4.65694417110905,4.1491989900297055,31,Saint-Sauveur,2273
1627,31517,2084.2790697674427,1899.96,2340.27777777778,10.1520070129317,7.96191040048937,"0,782462981723862","0,769454316846372",121.8240841551804,95.54292480587245,5.844902725467236,4.583979477207571,31,Saint-Sulpice-sur-Lèze,2351
1628,31519,2402.25,2311.5,2493.0,10.9710317693057,8.64195449118576,"0,894617707643524","0,777279135927241",131.6523812316684,103.70345389422911,5.480378030249491,4.316930123602004,31,Saint-Vincent,219
1629,31520,1978.5,2618.0,1339.0,8.20260890532892,8.09849524980019,"0,760873619499847","0,663654452067595",98.43130686394704,97.18194299760228,4.975047099517162,4.911900075693822,31,Sajas,108
1630,31521,1042.5,995.0,1090.0,7.99999498549017,7.24510605850142,"0,701637250926066","0,690209572235891",95.99993982588204,86.94127270201705,9.208627321427535,8.339690427051995,31,Saleich,351
1631,31523,1703.3999999999994,1707.28571428571,1698.45454545455,8.63267613479145,7.24510605850142,"0,701637250926066","0,690209572235891",103.5921136174974,86.94127270201705,6.081490760684363,5.103984542797762,31,Salies-du-Salat,1837
1632,31525,2938.1666666666647,2886.33333333333,2990.0,8.31888360827871,8.90016588301577,"0,817062040183174","0,726173944282024",99.82660329934453,106.80199059618924,3.397581370446807,3.634987484129196,31,Salles-sur-Garonne,604
1633,31526,2924.7815533980583,2948.16535433071,2887.18987341772,11.0723986963494,10.5513049393196,"0,839793990632433","0,841829432726548",132.8687843561928,126.6156592718352,4.542861814819084,4.329063793661139,31,La Salvetat-Saint-Gilles,8676
1634,31527,2795.999999999998,2288.2,3642.33333333333,10.1983687062758,8.64195449118576,"0,774544966050345","0,777279135927241",122.3804244753096,103.70345389422911,4.376982277371591,3.708993343856552,31,La Salvetat-Lauragais,152
1635,31528,1459.6666666666667,1376.0,1501.5,8.74863669305712,6.84304690365783,"0,75818479978817","0,612625720550421",104.98364031668544,82.11656284389396,7.192302373830927,5.625706520476864,31,Saman,146
1636,31529,2032.0,673.0,2711.5,8.31888360827871,7.03911349526334,"0,817062040183174","0,684063495015358",99.82660329934453,84.46936194316008,4.9127265403220735,4.156956788541343,31,Samouillan,112
1637,31531,1577.6666666666667,1276.0,1728.5,8.90285703343936,7.21898499682526,"0,802812402032766","0,618753574850219",106.83428440127231,86.62781996190313,6.771663917257912,5.490882313241272,31,Sarrecave,73
1638,31533,2856.774193548388,2871.70588235294,2838.64285714286,11.0355324782108,9.81139177817547,"0,816673849304748","0,781087956023107",132.42638973852962,117.73670133810565,4.635521772690172,4.1213163295859,31,Saubens,2409
1639,31534,2489.6666666666665,2540.2,2237.0,10.1983687062758,8.64195449118576,"0,774544966050345","0,777279135927241",122.3804244753096,103.70345389422911,4.915534521702087,4.16535495625502,31,Saussens,217
1640,31535,1301.8846153846123,1244.73333333333,1379.81818181818,8.90285703343936,7.21898499682526,"0,802812402032766","0,618753574850219",106.83428440127231,86.62781996190313,8.206125423005366,6.65403208073942,31,Sauveterre-de-Comminges,720
1641,31536,1893.8,1946.25,1684.0,8.90285703343936,7.55051761622284,"0,802812402032766","0,629963003331385",106.83428440127231,90.60621139467408,5.641265413521614,4.784360090541456,31,Saux-et-Pomarède,249
1642,31537,1992.0,2614.0,1370.0,8.74863669305712,7.55051761622284,"0,75818479978817","0,629963003331385",104.98364031668544,90.60621139467408,5.270263068106698,4.548504588086049,31,Savarthès,199
1643,31538,2042.0,1232.0,2447.0,9.77370370678226,8.09849524980019,"0,865222275360019","0,663654452067595",117.28444448138713,97.18194299760228,5.743606487825031,4.759154897042227,31,Savères,214
1644,31540,3514.75,3196.5,3833.0,10.9710317693057,8.64195449118576,"0,894617707643524","0,777279135927241",131.6523812316684,103.70345389422911,3.745711109799229,2.9505214850054524,31,Ségreville,346
1645,31541,3214.1625000000013,3168.48863636364,3269.98611111111,12.1529768747507,11.2857369721595,"0,887940967792274","0,856549139793422",145.8357224970084,135.428843665914,4.537285295843267,4.213503320566834,31,Seilh,3389
1646,31542,1168.5,1368.0,969.0,8.90285703343936,7.21898499682526,"0,802812402032766","0,618753574850219",106.83428440127231,86.62781996190313,9.142857030489717,7.413591781078574,31,Seilhan,217
1647,31544,1170.0,1104.0,1209.6,8.64648467864198,7.24510605850142,"0,653507028132275","0,690209572235891",103.75781614370376,86.94127270201705,8.868189413991773,7.430878008719405,31,Sengouagnet,227
1648,31546,2443.3333333333358,2326.0,2560.66666666667,10.7298232979184,9.1720294042283,"0,792984771715895","0,704516611445775",128.7578795750208,110.0643528507396,5.269763147681612,4.504680198529585,31,Seyre,129
1649,31547,2610.075812274369,2669.70700636943,2532.05833333333,10.8611449774976,9.81893741235295,"0,865222275360019","0,817939039606139",130.3337397299712,117.8272489482354,4.9934848297146175,4.514322855839311,31,Seysses,10275
1650,31548,2242.6666666666665,4037.0,1345.5,7.42378448460729,8.42353719137337,"0,796006140708261","0,690279473538824",89.08541381528748,101.08244629648044,3.972298475711392,4.507243443659949,31,Signac,41
1651,31550,1500.076923076923,1488.85714285714,1513.16666666667,7.99999498549017,7.24510605850142,"0,701637250926066","0,690209572235891",95.99993982588204,86.94127270201705,6.399667800299813,5.795787626922833,31,Soueich,532
1652,31551,2738.8333333333358,2842.14285714286,2594.2,10.7298232979184,9.51374292235219,"0,792984771715895","0,793333225056866",128.7578795750208,114.16491506822628,4.701194410333623,4.168377596357069,31,Tarabel,614
1653,31552,1539.7500000000025,1495.66666666667,1672.0,8.2410459700489,7.03911349526334,"0,772183877702808","0,684063495015358",98.8925516405868,84.46936194316008,6.422636898235858,5.485914073269033,31,Terrebasse,142
1654,31553,2337.2500000000023,2253.16666666667,2463.375,9.82641149566352,9.57155028115632,"0,865357582799903","0,850367398235687",117.91693794796224,114.85860337387584,5.0451144699096,4.914262632318995,31,Thil,1144
1655,31554,2009.5,994.0,3025.0,8.2410459700489,7.24510605850142,"0,772183877702808","0,690209572235891",98.8925516405868,86.94127270201705,4.9212516367547545,4.326512699776912,31,Touille,254
1656,31555,3643.33317627658,3667.18622896666,3611.64577619309,13.476838300453,11.9501560724402,"0,82680899248966","0,78429885764567",161.72205960543602,143.4018728692824,4.438849036878724,3.9360076592236473,31,Toulouse,516735
1657,31556,1759.3333333333333,1832.8,1392.0,8.90285703343936,7.21898499682526,"0,802812402032766","0,618753574850219",106.83428440127231,86.62781996190313,6.072429958389863,4.9239003388728575,31,Les Tourreilles,389
1658,31557,3494.2033383915023,3471.22281167109,3524.92553191489,12.2726425258128,11.394872682763,"0,892320893295604","0,850997507436508",147.27171030975362,136.738472193156,4.214743563766031,3.913294646902296,31,Tournefeuille,30353
1659,31558,2556.666666666663,2651.33333333333,2367.33333333333,9.33413678949576,8.64195449118576,"0,76554972409204","0,777279135927241",112.00964147394912,103.70345389422911,4.381081152827221,4.056197675132827,31,Toutens,438
1660,31560,2718.733333333335,2628.25,2822.14285714286,10.9710317693057,7.61490041024441,"0,894617707643524","0,751377182874596",131.6523812316684,91.37880492293291,4.842416121416897,3.3610800957406464,31,Trébons-sur-la-Grasse,506
1661,31561,3482.644688644687,3506.52903225806,3451.27118644068,12.1805312493902,10.8177178448245,"0,90338518538259","0,798127827673001",146.1663749926824,129.812614137894,4.196993608600502,3.727414816709658,31,L'Union,12588
1662,31563,3281.22222222222,3286.44444444444,3276.0,10.8139897977882,10.1840080774877,"0,887884326809889","0,819978725808907",129.7678775734584,122.2080969298524,3.954864034950142,3.724468769661279,31,Vacquiers,1472
1663,31564,1236.0,1006.0,1696.0,7.42378448460729,7.14798534732727,"0,796006140708261","0,529945744326809",89.08541381528748,85.77582416792724,7.207557752045913,6.939791599346864,31,Valcabrère,154
1664,31565,1027.047619047623,1051.55555555556,1008.66666666667,8.90285703343936,7.21898499682526,"0,802812402032766","0,618753574850219",106.83428440127231,86.62781996190313,10.402077023491795,8.434644933234232,31,Valentine,889
1665,31566,2755.4444444444443,2868.75,2664.8,9.33413678949576,7.61490041024441,"0,76554972409204","0,751377182874596",112.00964147394912,91.37880492293291,4.0650299337293525,3.316300029462464,31,Vallègue,509
1666,31567,3879.714285714286,3759.0,3970.25,9.80227322754742,10.9352063373368,"0,904098969110873","0,753747223455227",117.62727873056905,131.2224760480416,3.031854153891978,3.3822716412706795,31,Vallesvilles,445
1667,31568,2590.3333333333358,2680.0,2500.66666666667,10.7298232979184,7.61490041024441,"0,792984771715895","0,751377182874596",128.7578795750208,91.37880492293291,4.970706971111339,3.5276851726778866,31,Varennes,263
1668,31569,2247.8571428571413,1731.33333333333,2635.25,8.79015177096465,7.3596847822591,"0,685253939522606","0,639806173222701",105.4818212515758,88.31621738710919,4.692550039790475,3.928907033427168,31,Vaudreuille,395
1669,31570,1225.16666666667,1131.66666666667,1318.66666666667,9.33413678949576,7.61490041024441,"0,76554972409204","0,751377182874596",112.00964147394912,91.37880492293291,9.142400337963446,7.458479520304667,31,Vaux,313
1670,31572,2723.90909090909,2590.77777777778,2816.07692307692,10.7298232979184,10.1625888394215,"0,792984771715895","0,793333225056866",128.7578795750208,121.951066073058,4.726952158746552,4.4770607976625785,31,Venerque,2978
1671,31573,2730.3404255319174,2695.17391304348,2764.04166666667,10.785595930923,9.6460923837,"0,801477151462443","0,773394489944632",129.427151171076,115.75310860439998,4.74033017863922,4.239511949571244,31,Verfeil,3932
1672,31574,2677.1176470588225,2727.57894736842,2613.2,11.0355324782108,10.3518417634936,"0,816673849304748","0,771648105683127",132.42638973852962,124.2221011619232,4.946603294928708,4.640143525197633,31,Vernet,3346
1673,31575,4237.090909090911,4778.38461538462,3455.22222222222,12.8074260036087,11.4341279332702,"0,82680899248966","0,859639931687419",153.68911204330442,137.2095351992424,3.627231875378364,3.238295758650158,31,Vieille-Toulouse,1252
1674,31576,2199.3333333333358,2049.66666666667,2349.0,10.7298232979184,9.51374292235219,"0,792984771715895","0,793333225056866",128.7578795750208,114.16491506822628,5.854404951880299,5.190887317439808,31,Vieillevigne,363
1675,31578,3731.428571428569,3063.54545454545,4466.1,12.2523349966505,11.4341279332702,"0,861402203905443","0,859639931687419",147.028019959806,137.2095351992424,3.940260871817162,3.6771314946198217,31,Vigoulet-Auzil,1055
1676,31579,2950.235294117644,2946.35714285714,2968.33333333333,11.0136749799893,10.1840080774877,"0,854555684781699","0,819978725808907",132.1640997598716,122.2080969298524,4.479781664309566,4.142316959380096,31,Villariès,893
1677,31580,3061.8333333333358,2989.14285714286,3163.6,11.0355324782108,9.81139177817547,"0,816673849304748","0,781087956023107",132.42638973852962,117.73670133810565,4.325068523385647,3.845300789443325,31,Villate,1205
1678,31581,2515.9523809523826,2532.69230769231,2488.75,8.98617021426515,9.27791543530874,"0,800061748552622","0,720803653594823",107.83404257118178,111.33498522370488,4.286012858890539,4.425162656757454,31,Villaudric,1682
1679,31582,2823.0782608695663,2837.48529411765,2802.23404255319,9.79810837108763,8.64140212124082,"0,76554972409204","0,751377182874596",117.57730045305158,103.69682545488983,4.164861530152385,3.6731828122593058,31,Villefranche-de-Lauragais,5127
1680,31583,2512.7037037037016,2667.5,2287.54545454545,9.68017446391704,9.27416412915625,"0,859111460463297","0,789493057443504",116.16209356700448,111.289969549875,4.622992093965661,4.429092430827982,31,Villematier,1141
1681,31584,2141.64824120603,2092.28947368421,2207.84705882353,9.6935148107328,8.65663478040834,"0,831816477648791","0,670373165864902",116.3221777287936,103.87961736490008,5.431432458921868,4.850451879361953,31,Villemur-sur-Tarn,6314
1682,31585,1664.5111111111144,1634.14285714286,1714.52941176471,8.90285703343936,7.55051761622284,"0,802812402032766","0,629963003331385",106.83428440127231,90.60621139467408,6.418358140604843,5.443412830941786,31,Villeneuve-de-Rivière,1764
1683,31586,1315.6250000000014,1326.57142857143,1239.0,9.12969107794915,6.84304690365783,"0,697626544767089","0,612625720550421",109.5562929353898,82.11656284389396,8.327319177986865,6.24163898100856,31,Villeneuve-Lécussan,574
1684,31587,2672.25,2945.4,2217.0,9.68017446391704,9.27416412915625,"0,859111460463297","0,789493057443504",116.16209356700448,111.289969549875,4.346977025615286,4.164654113570025,31,Villeneuve-lès-Bouloc,1700
1685,31588,2878.3401639344283,2812.67741935484,2946.19166666667,11.413698300772,10.3696329391443,"0,857414671153564","0,859639931687419",136.964379609264,124.4355952697316,4.758450072212667,4.323171973518219,31,Villeneuve-Tolosane,10825
1686,31589,2335.5789473684194,2283.76923076923,2447.83333333333,9.33413678949576,9.1720294042283,"0,76554972409204","0,704516611445775",112.00964147394912,110.0643528507396,4.795797701471595,4.712508347223847,31,Villenouvelle,1500
1687,31591,1340.0000000000016,1081.66666666667,1533.75,8.2410459700489,7.03911349526334,"0,772183877702808","0,684063495015358",98.8925516405868,84.46936194316008,7.380041167207961,6.3036837271014905,31,Escoulis,78
1688,31592,2553.8837209302324,2669.85,2453.04347826087,9.82641149566352,8.95388696646285,"0,865357582799903","0,816708895631294",117.91693794796224,107.4466435975542,4.617161579502605,4.207186204954452,31,Larra,2289
1689,31593,1527.0,2174.0,1203.5,9.29749788520635,8.09849524980019,"0,809939020406708","0,663654452067595",111.5699746224762,97.18194299760228,7.306481638669037,6.364239881964785,31,Cazac,79
1690,32001,1350.4230769230735,1191.13333333333,1567.63636363636,8.05764382431615,7.29656464222771,"0,718751940205777","0,747373874604005",96.6917258917938,87.55877570673252,7.160106158146008,6.483803276395008,32,Aignan,770
1691,32004,1379.6666666666667,1481.0,1329.0,7.6620141961829,7.29656464222771,"0,760846051009587","0,747373874604005",91.9441703541948,87.55877570673252,6.664230757733375,6.346371759366938,32,Arblade-le-Bas,134
1692,32005,1837.0,1600.5,2546.5,7.64006526838396,7.29656464222771,"0,450489586702417","0,747373874604005",91.68078322060752,87.55877570673252,4.990788417017285,4.766400419528172,32,Arblade-le-Haut,330
1693,32007,1377.4,1202.0,1640.5,9.82641149566352,7.44798654670161,"0,865357582799903","0,786216392024038",117.91693794796224,89.37583856041933,8.560834757366214,6.488735193873916,32,Ardizas,224
1694,32009,1663.0,1831.0,1495.0,8.05764382431615,7.37018941855296,"0,718751940205777","0,564296619350868",96.6917258917938,88.44227302263552,5.814295002513156,5.318236501661787,32,Armous-et-Cau,96
1695,32012,1950.5,2256.7,1567.75,8.37760643290256,7.44798654670161,"0,761591948521624","0,786216392024038",100.53127719483072,89.37583856041933,5.154128541134618,4.582201412992531,32,Aubiet,1155
1696,32013,1791.4825806451586,1802.09601873536,1778.45977011494,9.29054592296495,9.84049024128775,"0,824667992720388","0,681496935303933",111.4865510755794,118.085882895453,6.223144577572741,6.5915172255220735,32,Auch,23843
1697,32016,2019.142857142857,1946.0,2074.0,8.95038117233724,9.33336049282423,"0,803886527936202","0,840099402394738",107.40457406804688,112.00032591389076,5.31931525736754,5.546924305909405,32,Auradé,692
1698,32017,1584.2500000000025,1475.66666666667,1910.0,8.85303397476041,7.16667975697859,"0,802953661299902","0,694650404738854",106.23640769712492,86.00015708374309,6.705785557653448,5.42844608387205,32,Aurensan,136
1699,32018,1846.3333333333333,1828.0,1855.5,8.20260890532892,8.48694786648515,"0,760873619499847","0,70326007253796",98.43130686394704,101.8433743978218,5.331177479542177,5.515979837397823,32,Aurimont,218
1700,32019,1850.9090909090928,1786.77777777778,2139.5,8.95038117233724,8.21468387011842,"0,803886527936202","0,700243311874819",107.40457406804688,98.57620644142104,5.802801152988774,5.325826477679914,32,Auterive,546
1701,32020,1904.3333333333333,2256.0,1728.5,8.90137180144808,7.37018941855296,"0,798510385718213","0,564296619350868",106.81646161737696,88.44227302263552,5.609126288327165,4.644264293154325,32,Aux-Aussat,277
1702,32022,1364.3333333333333,1401.2,1180.0,7.6620141961829,7.29656464222771,"0,760846051009587","0,747373874604005",91.9441703541948,87.55877570673252,6.739128049415695,6.417696729054424,32,Avéron-Bergelle,189
1703,32024,1277.3333333333333,1205.0,1313.5,8.35474477668948,7.97191863744363,"0,716215916813105","0,681496935303933",100.25693732027376,95.66302364932356,7.848925155553791,7.4892763817320125,32,Ayguetinte,159
1704,32025,1487.0,1757.2,1149.25,7.64006526838396,6.21842669798831,"0,450489586702417","0,498146512765504",91.68078322060752,74.62112037585972,6.165486430437627,5.018232708531252,32,Ayzieu,161
1705,32027,1378.02380952381,1456.6,1306.59090909091,8.05764382431615,7.16667975697859,"0,718751940205777","0,694650404738854",96.6917258917938,86.00015708374309,7.016694865759003,6.24083245074418,32,Barcelonne-du-Gers,1399
1706,32028,1220.2500000000025,1293.66666666667,1000.0,7.40932593773868,6.78941090807091,"0,774317336276807","0,636537908478611",88.91191125286417,81.47293089685093,7.286368469810612,6.676740905294059,32,Barcugnan,107
1707,32029,1309.923076923077,1546.375,931.6,7.79011086400309,7.97191863744363,"0,824667992720388","0,681496935303933",93.48133036803708,95.66302364932356,7.1363984660548585,7.302949717782644,32,Barran,687
1708,32030,1229.9999999999975,1076.0,1281.33333333333,7.88472297309753,6.78941090807091,"0,752805500851526","0,636537908478611",94.61667567717036,81.47293089685093,7.692412656680532,6.623815520069194,32,Bars,127
1709,32031,1705.0,1617.0,1969.0,7.64006526838396,6.21842669798831,"0,450489586702417","0,498146512765504",91.68078322060752,74.62112037585972,5.377172036399268,4.376605300636934,32,Bascous,173
1710,32032,1393.53333333333,1420.58333333333,1285.33333333333,7.40932593773868,7.29656464222771,"0,774317336276807","0,747373874604005",88.91191125286417,87.55877570673252,6.38032181406002,6.283220760661107,32,Bassoues,341
1711,32033,1119.4,1175.0,1105.5,8.12226365274393,7.97191863744363,"0,752945523344386","0,681496935303933",97.46716383292716,95.66302364932356,8.707089854647771,8.545919568458421,32,Bazian,104
1712,32034,1894.3333333333333,2210.0,1263.0,7.88472297309753,6.67978639563648,"0,752805500851526","0,468627955694727",94.61667567717036,80.15743674763776,4.994721573667272,4.231432522310633,32,Bazugues,62
1713,32035,1205.875,1379.0,917.333333333333,8.29566211512933,6.94028680707526,"0,767560477571166","0,637616693690573",99.54794538155195,83.28344168490312,8.255245807529965,6.906473862125272,32,Beaucaire,247
1714,32036,1676.875,1517.25,1836.5,7.40932593773868,7.29656464222771,"0,774317336276807","0,747373874604005",88.91191125286417,87.55877570673252,5.3022384645763205,5.22154458184018,32,Beaumarchés,709
1715,32037,1536.5555555555557,1532.0,1540.2,8.35474477668948,6.85199272434688,"0,716215916813105","0,598525823987967",100.25693732027376,82.22391269216257,6.524784408724157,5.351183847201266,32,Beaumont,132
1716,32041,1882.3333333333333,1993.0,1827.0,7.99205479115859,6.78941090807091,"0,663017401767114","0,636537908478611",95.90465749390307,81.47293089685093,5.09498800215529,4.328294540296667,32,Bellegarde,163
1717,32043,1217.800000000002,1141.5,1268.66666666667,8.12226365274393,7.29656464222771,"0,752945523344386","0,747373874604005",97.46716383292716,87.55877570673252,8.003544410652571,7.189914247555623,32,Belmont,151
1718,32044,2164.4,3093.0,1932.25,8.35474477668948,7.01247276173073,"0,716215916813105","0,748315999969659",100.25693732027376,84.14967314076875,4.632089138803999,3.8878984079083696,32,Béraut,305
1719,32045,2445.428571428572,2343.5,3057.0,7.79011086400309,6.78941090807091,"0,824667992720388","0,636537908478611",93.48133036803708,81.47293089685093,3.822697234351323,3.3316422261827108,32,Berdoues,433
1720,32046,2173.6666666666665,2078.0,2365.0,8.85303397476041,7.16667975697859,"0,802953661299902","0,694650404738854",106.23640769712492,86.00015708374309,4.887428662649514,3.956455624156253,32,Bernède,192
1721,32049,1222.5,1109.0,1336.0,7.6620141961829,7.29656464222771,"0,760846051009587","0,747373874604005",91.9441703541948,87.55877570673252,7.520995529995484,7.162272041450513,32,Bétous,75
1722,32053,2157.5,2222.0,2093.0,7.99205479115859,6.78941090807091,"0,663017401767114","0,636537908478611",95.90465749390307,81.47293089685093,4.445175318373259,3.776265626737007,32,Bézues-Bajon,185
1723,32054,1515.799999999998,1424.85714285714,1728.0,8.29566211512933,8.21468387011842,"0,767560477571166","0,700243311874819",99.54794538155195,98.57620644142104,6.567353567855396,6.5032462357449,32,Biran,389
1724,32058,1877.5,1296.0,2459.0,8.90137180144808,7.37018941855296,"0,798510385718213","0,564296619350868",106.81646161737696,88.44227302263552,5.689292229953501,4.710640374041839,32,Blousson-Sérian,36
1725,32060,1920.3333333333333,1903.0,1955.0,8.95038117233724,8.21468387011842,"0,803886527936202","0,700243311874819",107.40457406804688,98.57620644142104,5.593017222776266,5.133286223299135,32,Boucagnères,208
1726,32062,1119.600000000002,933.5,1243.66666666667,7.6620141961829,7.12710396432993,"0,760846051009587","0,784695696067628",91.9441703541948,85.52524757195916,8.212233865147788,7.63891100142542,32,Bourrouillan,171
1727,32063,1231.5555555555534,980.0,1357.33333333333,7.6620141961829,7.12710396432993,"0,760846051009587","0,784695696067628",91.9441703541948,85.52524757195916,7.465694092274942,6.944489607972156,32,Bouzon-Gellenave,171
1728,32064,1557.9999999999986,1090.33333333333,1838.6,8.12226365274393,6.94028680707526,"0,752945523344386","0,637616693690573",97.46716383292716,83.28344168490312,6.255915522010735,5.345535409814069,32,Bretagne-d'Armagnac,411
1729,32065,1492.571428571429,1552.0,1448.0,8.29566211512933,7.97191863744363,"0,767560477571166","0,681496935303933",99.54794538155195,95.66302364932356,6.669559893480701,6.409276086765552,32,Le Brouilh-Monbert,241
1730,32066,1677.75,1489.8,1991.0,7.02379043712465,7.97191863744363,"0,82466807949796","0,681496935303933",84.2854852454958,95.66302364932356,5.023721367634976,5.7018640232051006,32,Brugnens,257
1731,32068,1664.4999999999975,1407.0,1750.33333333333,7.02379043712465,6.57681252264759,"0,82466807949796","0,535370145582048",84.2854852454958,78.92175027177109,5.063711940252084,4.741468925909955,32,Cadeilhan,149
1732,32073,1107.2857142857142,1379.75,744.0,7.6620141961829,6.94028680707526,"0,760846051009587","0,637616693690573",91.9441703541948,83.28344168490312,8.303563314144801,7.521404874136523,32,Campagne-d'Armagnac,216
1733,32076,1696.6842105263124,1667.78571428571,1777.6,8.20260890532892,8.48694786648515,"0,760873619499847","0,70326007253796",98.43130686394704,101.8433743978218,5.801392283447584,6.0024943808624185,32,Castelnau-Barbarens,592
1734,32077,1938.0000000000025,1824.66666666667,2278.0,7.79011086400309,7.97191863744363,"0,824667992720388","0,681496935303933",93.48133036803708,95.66302364932356,4.823598058206241,4.936172530924843,32,Castelnau-d'Anglès,92
1735,32079,1236.6400000000008,1168.25,1323.68181818182,8.12226365274393,6.21842669798831,"0,752945523344386","0,498146512765504",97.46716383292716,74.62112037585972,7.881611773266844,6.034182977734804,32,Castelnau d'Auzan Labarrère,1207
1736,32080,1904.7500000000011,2048.8,1664.66666666667,8.13020877833928,6.85199272434688,"0,726259278266766","0,598525823987967",97.56250534007135,82.22391269216257,5.1220635432508885,4.316782396228509,32,Castelnau-sur-l'Auvignon,149
1737,32081,1346.399999999998,1734.33333333333,764.5,8.05764382431615,7.29656464222771,"0,718751940205777","0,747373874604005",96.6917258917938,87.55877570673252,7.181500734684636,6.503177042983708,32,Castelnavet,120
1738,32082,1896.3333333333333,2218.0,1253.0,8.13020877833928,7.01247276173073,"0,726259278266766","0,748315999969659",97.56250534007135,84.14967314076875,5.144797258221376,4.437493749732928,32,Castéra-Lectourois,348
1739,32083,1392.0,1382.54545454545,1401.45454545455,8.29566211512933,7.97191863744363,"0,767560477571166","0,681496935303933",99.54794538155195,95.66302364932356,7.1514328578701125,6.872343652968647,32,Castéra-Verduzan,1065
1740,32084,2994.5,4293.0,1696.0,8.73653523600129,6.77011154769586,"0,763475635827309","0,594360792223279",104.83842283201548,81.24133857235032,3.5010326542666714,2.713018486303233,32,Castéron,54
1741,32085,1866.571428571429,1849.0,1879.75,7.60999786642195,6.57681252264759,"0,755567788759787","0,535370145582048",91.3199743970634,78.92175027177109,4.892391097347648,4.228166630203563,32,Castet-Arrouy,180
1742,32086,1650.3333333333333,1242.0,1854.5,7.16501462110856,6.67978639563648,"0,707328839413505","0,468627955694727",85.98017545330272,80.15743674763776,5.209867226013092,4.857045248291523,32,Castex,76
1743,32087,885.7499999999998,764.333333333333,1250.0,7.64006526838396,7.12710396432993,"0,450489586702417","0,784695696067628",91.68078322060752,85.52524757195916,10.350638805600626,9.655686996551982,32,Castex-d'Armagnac,144
1744,32090,2796.5000000000027,2855.66666666667,2619.0,8.76733303939837,8.48694786648515,"0,839793990632433","0,70326007253796",105.20799647278044,101.8433743978218,3.762131109343119,3.641815640901902,32,Castillon-Savès,343
1745,32091,2160.0,2322.0,1836.0,8.29566211512933,8.21468387011842,"0,767560477571166","0,700243311874819",99.54794538155195,98.57620644142104,4.60870117507185,4.5637132611769005,32,Castin,357
1746,32092,2015.0,1258.0,2772.0,9.82641149566352,7.44798654670161,"0,865357582799903","0,786216392024038",117.91693794796224,89.37583856041933,5.851957218261153,4.435525486869445,32,Catonvielle,106
1747,32093,2000.0,2677.0,1661.5,8.85303397476041,7.16667975697859,"0,802953661299902","0,694650404738854",106.23640769712492,86.00015708374309,5.311820384856246,4.300007854187155,32,Caumont,106
1748,32094,1545.8333333333342,1238.57142857143,1976.0,7.64006526838396,6.21842669798831,"0,450489586702417","0,498146512765504",91.68078322060752,74.62112037585972,5.930832337721238,4.8272422884653166,32,Caupenne-d'Armagnac,457
1749,32095,1648.9375,1426.75,1871.125,8.35474477668948,7.01247276173073,"0,716215916813105","0,748315999969659",100.25693732027376,84.14967314076875,6.08009323096077,5.10326638461244,32,Caussens,602
1750,32096,1424.5,1442.25263157895,1405.55056179775,8.77082370800004,6.21842669798831,"0,450489586702417","0,498146512765504",105.24988449600048,74.62112037585972,7.388549280168514,5.238407888793241,32,Cazaubon,1700
1751,32098,2595.4444444444443,2634.25,2564.4,8.76733303939837,8.48694786648515,"0,839793990632433","0,70326007253796",105.20799647278044,101.8433743978218,4.053563800911957,3.923928120126701,32,Cazaux-Savès,343
1752,32099,1822.0,2033.0,1400.0,8.90137180144808,6.67978639563648,"0,798510385718213","0,468627955694727",106.81646161737696,80.15743674763776,5.86259394167821,4.399420238618977,32,Cazaux-Villecomtal,73
1753,32102,1707.2857142857142,1574.0,1760.6,8.29566211512933,6.94028680707526,"0,767560477571166","0,637616693690573",99.54794538155195,83.28344168490312,5.830772468168887,4.87811975394797,32,Cézan,207
1754,32104,1627.0,1459.75,2296.0,7.79011086400309,6.78941090807091,"0,824667992720388","0,636537908478611",93.48133036803708,81.47293089685093,5.745625714077263,5.007555678970554,32,Clermont-Pouyguillès,162
1755,32106,1919.09677419355,2039.55555555556,1752.30769230769,8.60501586515746,8.38446608510491,"0,780622205762717","0,745487060148646",103.26019038188952,100.61359302125892,5.38066614307566,5.242757654237584,32,Cologne,987
1756,32107,1439.829959514171,1445.76086956522,1432.32110091743,8.81464723334986,6.92795495192037,"0,716215916813105","0,637616693690573",105.77576680019833,83.13545942304444,7.346406851812508,5.773977605737284,32,Condom,6638
1757,32108,1444.0,2053.0,835.0,8.05764382431615,7.16667975697859,"0,718751940205777","0,694650404738854",96.6917258917938,86.00015708374309,6.696102901093753,5.955689548735671,32,Corneillan,160
1758,32109,1383.3333333333333,1377.0,1396.0,8.05764382431615,7.29656464222771,"0,718751940205777","0,747373874604005",96.6917258917938,87.55877570673252,6.98976331747907,6.3295500510890985,32,Couloumé-Mondebat,210
1759,32110,1507.384615384616,1677.66666666667,1361.42857142857,8.12226365274393,6.85199272434688,"0,752945523344386","0,598525823987967",97.46716383292716,82.22391269216257,6.465978413084572,5.454740074495372,32,Courrensan,400
1760,32113,1828.3333333333333,2130.0,1677.5,7.6620141961829,7.29656464222771,"0,760846051009587","0,747373874604005",91.9441703541948,87.55877570673252,5.02885161463235,4.788994113403785,32,Cravencères,95
1761,32115,1386.4,2001.0,976.666666666667,8.12226365274393,6.94028680707526,"0,752945523344386","0,637616693690573",97.46716383292716,83.28344168490312,7.030233975254411,6.007172654710265,32,Dému,322
1762,32116,1155.8333333333333,1124.8,1311.0,7.40932593773868,6.67978639563648,"0,774317336276807","0,468627955694727",88.91191125286417,80.15743674763776,7.692450865424442,6.935034181482719,32,Duffort,136
1763,32117,2202.1428571428555,2218.5,2180.33333333333,8.29566211512933,8.21468387011842,"0,767560477571166","0,700243311874819",99.54794538155195,98.57620644142104,4.520503520407813,4.476376549399597,32,Duran,885
1764,32119,1491.075862068965,1493.32098765432,1488.234375,8.53677997291252,7.30531661789808,"0,450489586702417","0,637616693690573",102.44135967495023,87.66379941477696,6.870298304796254,5.879231341934388,32,Eauze,4129
1765,32120,2128.3571428571427,2142.7,2092.5,9.82641149566352,7.44798654670161,"0,865357582799903","0,786216392024038",117.91693794796224,89.37583856041933,5.540279663293188,4.199287645890092,32,Encausse,451
1766,32121,2041.6428571428548,2147.33333333333,1851.4,8.76733303939837,8.48694786648515,"0,839793990632433","0,70326007253796",105.20799647278044,101.8433743978218,5.153104819714263,4.988305081935089,32,Endoufielle,532
1767,32122,1634.5,1311.0,2281.5,7.88472297309753,6.78941090807091,"0,752805500851526","0,636537908478611",94.61667567717036,81.47293089685093,5.788722892454595,4.984578213328291,32,Esclassan-Labastide,358
1768,32123,2887.5,2807.0,2968.0,8.76733303939837,8.21468387011842,"0,839793990632433","0,700243311874819",105.20799647278044,98.57620644142104,3.643566977412309,3.4138945953738893,32,Escornebœuf,582
1769,32124,1754.25,1403.25,2105.25,8.20260890532892,8.48694786648515,"0,760873619499847","0,70326007253796",98.43130686394704,101.8433743978218,5.611019345244238,5.805522268651663,32,Espaon,192
1770,32126,1233.857142857143,1549.5,1107.6,7.40932593773868,6.67978639563648,"0,774317336276807","0,468627955694727",88.91191125286417,80.15743674763776,7.2060134163488385,6.496492500098,32,Estampes,163
1771,32127,1357.4838709677445,1457.19047619048,1148.1,7.6620141961829,7.12710396432993,"0,760846051009587","0,784695696067628",91.9441703541948,85.52524757195916,6.773131697590498,6.300277255669238,32,Estang,678
1772,32128,1549.0,2167.0,1394.5,7.79011086400309,7.97191863744363,"0,824667992720388","0,681496935303933",93.48133036803708,95.66302364932356,6.0349470863807015,6.175792359543161,32,Estipouy,211
1773,32129,1663.66666666667,1791.66666666667,1535.66666666667,7.02379043712465,6.57681252264759,"0,82466807949796","0,535370145582048",84.2854852454958,78.92175027177109,5.066248361780944,4.7438439353899575,32,Estramiac,122
1774,32130,1450.6,1563.75,998.0,8.31888360827871,6.78941090807091,"0,817062040183174","0,636537908478611",99.82660329934453,81.47293089685093,6.881745712073938,5.6164987520233645,32,Faget-Abbatial,217
1775,32131,1034.9999999999984,612.666666666667,1457.33333333333,7.60999786642195,7.17627706765672,"0,755567788759787","0,673571709204739",91.3199743970634,86.11532481188064,8.823185932083433,8.320321237862876,32,Flamarens,139
1776,32132,1603.6681614349798,1600.06504065041,1608.1,7.9882551457509,8.61256855742764,"0,761591948521624","0,681496935303933",95.8590617490108,103.35082268913168,5.9774873664159465,6.444651404480852,32,Fleurance,6219
1777,32133,1573.0624999999986,1557.81818181818,1606.6,8.29566211512933,6.85199272434688,"0,767560477571166","0,598525823987967",99.54794538155195,82.22391269216257,6.328289268961154,5.226995919880021,32,Fourcès,265
1778,32134,2479.1666666666665,2685.5,2066.5,8.76733303939837,8.48694786648515,"0,839793990632433","0,70326007253796",105.20799647278044,101.8433743978218,4.243683891339043,4.10796804293735,32,Frégouville,363
1779,32138,1524.3333333333333,1561.5,1450.0,9.29749788520635,8.48694786648515,"0,809939020406708","0,70326007253796",111.5699746224762,101.8433743978218,7.319263587741715,6.681174791022642,32,Garravet,152
1780,32139,1232.0,1706.0,1074.0,8.73653523600129,6.77011154769586,"0,763475635827309","0,594360792223279",104.83842283201548,81.24133857235032,8.509612242858399,6.594264494508954,32,Gaudonville,107
1781,32141,1891.5,1333.0,2450.0,8.31888360827871,6.78941090807091,"0,817062040183174","0,636537908478611",99.82660329934453,81.47293089685093,5.277642257432965,4.307318577681783,32,Gaujan,119
1782,32142,1209.25,925.0,1493.5,7.02379043712465,7.97191863744363,"0,82466807949796","0,681496935303933",84.2854852454958,95.66302364932356,6.970062869174761,7.91093848660935,32,Gavarret-sur-Aulouste,141
1783,32143,1951.0,1639.33333333333,2262.66666666667,8.13020877833928,6.85199272434688,"0,726259278266766","0,598525823987967",97.56250534007135,82.22391269216257,5.000640970787871,4.214449651059076,32,Gazaupouy,255
1784,32146,1277.399999999998,1561.33333333333,851.5,7.60999786642195,6.57681252264759,"0,755567788759787","0,535370145582048",91.3199743970634,78.92175027177109,7.148894191096253,6.178311435084641,32,Gimbrède,289
1785,32147,1777.480392156864,1902.37878787879,1548.5,9.03858541530025,8.29372662872952,"0,803886527936202","0,700243311874819",108.463024983603,99.52471954475423,6.102065905322856,5.599202105627001,32,Gimont,3182
1786,32149,1799.8947368421052,1476.5,2090.95,8.12226365274393,6.85199272434688,"0,752945523344386","0,598525823987967",97.46716383292716,82.22391269216257,5.415159111134032,4.568262299406658,32,Gondrin,1201
1787,32150,1727.3333333333333,1822.0,1680.0,7.02379043712465,6.57681252264759,"0,82466807949796","0,535370145582048",84.2854852454958,78.92175027177109,4.879514776852324,4.568993647535956,32,Goutz,220
1788,32151,2032.5999999999976,2742.33333333333,968.0,6.93944669947492,7.16667975697859,"0,823403010791707","0,694650404738854",83.27336039369904,86.00015708374309,4.09688873333165,4.231041871678794,32,Goux,65
1789,32152,1485.22222222222,1316.33333333333,1823.0,8.90137180144808,6.67978639563648,"0,798510385718213","0,468627955694727",106.81646161737696,80.15743674763776,7.191951481681711,5.39699955658518,32,Haget,367
1790,32155,1400.8055555555577,1284.29411764706,1505.05263157895,7.6620141961829,7.16667975697859,"0,760846051009587","0,694650404738854",91.9441703541948,86.00015708374309,6.56366402814057,6.139335808790075,32,Le Houga,1225
1791,32157,3033.6666666666665,2693.5,3714.0,8.37760643290256,7.44798654670161,"0,761591948521624","0,786216392024038",100.53127719483072,89.37583856041933,3.313853769744997,2.9461324654571803,32,L'Isle-Arné,190
1792,32158,1434.6250000000025,1426.66666666667,1458.5,8.13020877833928,6.77011154769586,"0,726259278266766","0,594360792223279",97.56250534007135,81.24133857235032,6.8005580092408255,5.662897173292684,32,L'Isle-Bouzon,252
1793,32159,1371.076923076923,1587.25,1275.0,7.79011086400309,7.97191863744363,"0,824667992720388","0,681496935303933",93.48133036803708,95.66302364932356,6.81809523555028,6.977217837978043,32,L'Isle-de-Noé,558
1794,32160,2607.0399999999986,2605.41401273885,2609.20338983051,10.657417449548,8.98015007475793,"0,803886527936202","0,786216392024038",127.889009394576,107.76180089709516,4.905525400246105,4.133492424247239,32,L'Isle-Jourdain,9733
1795,32161,1531.6666666666667,1273.0,1661.0,8.05764382431615,7.16667975697859,"0,718751940205777","0,694650404738854",96.6917258917938,86.00015708374309,6.312843910236809,5.614808949972345,32,Izotges,89
1796,32162,1390.2142857142862,1400.41176470588,1374.45454545455,8.29566211512933,7.97191863744363,"0,767560477571166","0,681496935303933",99.54794538155195,95.66302364932356,7.1606187912538,6.881171099473511,32,Jegun,1219
1797,32163,1165.2,1253.0,814.0,8.05764382431615,7.29656464222771,"0,718751940205777","0,747373874604005",96.6917258917938,87.55877570673252,8.298294360778732,7.514484698483738,32,Jû-Belloc,291
1798,32165,2086.0,2717.0,1455.0,8.95038117233724,8.21468387011842,"0,803886527936202","0,700243311874819",107.40457406804688,98.57620644142104,5.148829054077032,4.725609129502447,32,Juilles,233
1799,32166,1243.3333333333333,1365.0,1000.0,7.64006526838396,6.94028680707526,"0,450489586702417","0,637616693690573",91.68078322060752,83.28344168490312,7.3737895351695055,6.698400135514997,32,Justian,112
1800,32167,1542.0000000000016,1327.75,1827.66666666667,7.40932593773868,6.67978639563648,"0,774317336276807","0,468627955694727",88.91191125286417,80.15743674763776,5.766012402909474,5.198277350689862,32,Laas,323
1801,32169,1856.6666666666667,3267.0,1151.5,7.88472297309753,6.78941090807091,"0,752805500851526","0,636537908478611",94.61667567717036,81.47293089685093,5.096050754605225,4.388129132684969,32,Labarthe,151
1802,32171,1359.6,1491.25,833.0,8.95038117233724,8.48694786648515,"0,803886527936202","0,70326007253796",107.40457406804688,101.8433743978218,7.89971859870895,7.49068655470887,32,Labastide-Savès,189
1803,32174,2279.0,2489.0,2121.5,7.40932593773868,7.29656464222771,"0,774317336276807","0,747373874604005",88.91191125286417,87.55877570673252,3.90135635159562,3.8419822600584697,32,Ladevèze-Rivière,224
1804,32175,1382.7500000000025,1454.66666666667,1167.0,7.40932593773868,7.37018941855296,"0,774317336276807","0,564296619350868",88.91191125286417,88.44227302263552,6.43007855743005,6.396114483647469,32,Ladevèze-Ville,220
1805,32176,1903.0,2059.0,1825.0,8.35474477668948,7.01247276173073,"0,716215916813105","0,748315999969659",100.25693732027376,84.14967314076875,5.2683624445756045,4.4219481419216375,32,Lagarde,130
1806,32177,1645.8571428571445,1442.75,1916.66666666667,7.88472297309753,6.78941090807091,"0,752805500851526","0,636537908478611",94.61667567717036,81.47293089685093,5.748778142003228,4.950182417133546,32,Lagarde-Hachan,172
1807,32180,1542.5,1420.3,1695.25,8.12226365274393,6.21842669798831,"0,752945523344386","0,498146512765504",97.46716383292716,74.62112037585972,6.318778854646817,4.837673930363677,32,Lagraulet-du-Gers,569
1808,32181,1459.888888888889,1553.25,1385.2,8.90137180144808,6.67978639563648,"0,798510385718213","0,468627955694727",106.81646161737696,80.15743674763776,7.316752831694899,5.490653251607731,32,Laguian-Mazous,250
1809,32182,1805.0,1562.0,1926.5,8.95038117233724,8.48694786648515,"0,803886527936202","0,70326007253796",107.40457406804688,101.8433743978218,5.950391915127251,5.642292210405639,32,Lahas,187
1810,32183,2295.5,2500.0,2091.0,8.95038117233724,7.44798654670161,"0,803886527936202","0,786216392024038",107.40457406804688,89.37583856041933,4.6789184956674745,3.893523788299688,32,Lahitte,246
1811,32185,2057.0,2188.0,1926.0,7.99205479115859,6.78941090807091,"0,663017401767114","0,636537908478611",95.90465749390307,81.47293089685093,4.6623557362130805,3.960764749482301,32,Lalanne-Arqué,151
1812,32189,1314.0,1298.5,1345.0,8.42556638879953,7.12710396432993,"0,871301864471824","0,784695696067628",101.10679666559436,85.52524757195916,7.694581176985871,6.508770743680301,32,Lannemaignan,108
1813,32190,1062.0454545454525,998.076923076923,1154.44444444444,7.64006526838396,6.94028680707526,"0,450489586702417","0,637616693690573",91.68078322060752,83.28344168490312,8.63247263365448,7.841796349530803,32,Lannepax,539
1814,32191,1140.25,1328.0,577.0,7.64006526838396,7.29656464222771,"0,450489586702417","0,747373874604005",91.68078322060752,87.55877570673252,8.040410718755318,7.678910388663233,32,Lanne-Soubiran,145
1815,32192,1706.7499999999986,1915.2,1359.33333333333,8.85303397476041,7.27314368739633,"0,802953661299902","0,659420319415126",106.23640769712492,87.27772424875596,6.224485583543284,5.11367946382048,32,Lannux,225
1816,32193,1609.375,1482.0,1685.8,7.6620141961829,7.12710396432993,"0,760846051009587","0,784695696067628",91.9441703541948,85.52524757195916,5.713035827833463,5.3141901403935785,32,Larée,246
1817,32194,3707.0,2713.0,4701.0,8.29566211512933,6.85199272434688,"0,767560477571166","0,598525823987967",99.54794538155195,82.22391269216257,2.685404515283301,2.2180715590008786,32,Larressingle,218
1818,32198,2764.0,3119.0,2231.5,8.20260890532892,6.78941090807091,"0,760873619499847","0,636537908478611",98.43130686394704,81.47293089685093,3.56119055224121,2.9476458356313646,32,Lartigue,200
1819,32199,1394.8333333333333,1312.25,1560.0,8.05764382431615,7.29656464222771,"0,718751940205777","0,747373874604005",96.6917258917938,87.55877570673252,6.932134727575132,6.277364729841023,32,Lasserrade,185
1820,32200,2510.2,2107.0,3115.0,8.95038117233724,8.21468387011842,"0,803886527936202","0,700243311874819",107.40457406804688,98.57620644142104,4.2787257616144885,3.927025991611069,32,Lasséran,361
1821,32202,1661.6666666666667,1980.0,1502.5,7.6620141961829,7.16667975697859,"0,760846051009587","0,694650404738854",91.9441703541948,86.00015708374309,5.533249971165183,5.175536033123957,32,Laujuzan,295
1822,32203,1715.6666666666667,1655.0,1727.8,8.35474477668948,6.85199272434688,"0,716215916813105","0,598525823987967",100.25693732027376,82.22391269216257,5.843613987970104,4.792534254448955,32,Lauraët,250
1823,32204,2511.81818181818,1321.75,3191.85714285714,8.29566211512933,7.97191863744363,"0,767560477571166","0,681496935303933",99.54794538155195,95.66302364932356,3.963182769442897,3.808517047204344,32,Lavardens,375
1824,32207,1702.599999999999,1699.42857142857,1710.0,8.95038117233724,8.21468387011842,"0,803886527936202","0,700243311874819",107.40457406804688,98.57620644142104,6.308268182077232,5.789745474064437,32,Leboulin,356
1825,32208,1880.3228346456683,1836.8,1933.77192982456,8.55423186664433,7.21371622982849,"0,726259278266766","0,535370145582048",102.65078239973197,86.56459475794188,5.459210541315137,4.603709169667892,32,Lectoure,4022
1826,32209,1481.2857142857142,1549.5,1454.0,8.05764382431615,7.16667975697859,"0,718751940205777","0,694650404738854",96.6917258917938,86.00015708374309,6.527554067340694,5.805777795218456,32,Lelin-Lapujolle,284
1827,32210,2837.1818181818194,2501.75,3731.66666666667,9.69322247316819,9.78621258095348,"0,899438474101252","0,873373354302414",116.31866967801828,117.43455097144177,4.099796105156206,4.13912672846249,32,Lias,792
1828,32212,1157.400000000002,1118.66666666667,1215.5,8.13020877833928,6.85199272434688,"0,726259278266766","0,598525823987967",97.56250534007135,82.22391269216257,8.429454409890376,7.104191523428585,32,Ligardes,210
1829,32213,1859.5759999999975,1872.28378378378,1841.13725490196,9.39051452244501,8.69237335129967,"0,817062040183174","0,70326007253796",112.68617426934011,104.30848021559603,6.059777834804292,5.609261477648461,32,Lombez,2222
1830,32215,1447.0,1420.0,1474.0,7.88472297309753,6.78941090807091,"0,752805500851526","0,636537908478611",94.61667567717036,81.47293089685093,6.53881656372981,5.630472073037383,32,Loubersan,167
1831,32217,2028.7500000000027,2084.66666666667,1861.0,7.40932593773868,7.37018941855296,"0,774317336276807","0,564296619350868",88.91191125286417,88.44227302263552,4.382595748754852,4.359446606168104,32,Louslitges,64
1832,32219,1504.6,1804.0,1205.2,7.6620141961829,7.29656464222771,"0,760846051009587","0,747373874604005",91.9441703541948,87.55877570673252,6.110871351468483,5.81940553680264,32,Lupiac,321
1833,32220,1952.8,1924.75,2065.0,7.6620141961829,7.29656464222771,"0,760846051009587","0,747373874604005",91.9441703541948,87.55877570673252,4.708324987412679,4.483755413085443,32,Luppé-Violles,135
1834,32221,2263.6666666666665,1644.0,2573.5,8.95038117233724,8.21468387011842,"0,803886527936202","0,700243311874819",107.40457406804688,98.57620644142104,4.744716863556776,4.354713876075146,32,Lussan,236
1835,32224,1702.25,2070.0,1334.5,8.29566211512933,7.01247276173073,"0,767560477571166","0,748315999969659",99.54794538155195,84.14967314076875,5.848021464623408,4.943437987414819,32,Maignaut-Tauzia,218
1836,32225,1159.3333333333333,1250.0,1114.0,7.40932593773868,6.67978639563648,"0,774317336276807","0,468627955694727",88.91191125286417,80.15743674763776,7.669227537624858,6.914097476794517,32,Malabat,102
1837,32227,1961.0666666666689,2836.71428571429,1194.875,7.6620141961829,6.21842669798831,"0,760846051009587","0,498146512765504",91.9441703541948,74.62112037585972,4.688477547297119,3.805129200563961,32,Manciet,780
1838,32229,1796.3333333333333,1515.5,2358.0,8.73653523600129,7.97191863744363,"0,763475635827309","0,681496935303933",104.83842283201548,95.66302364932356,5.836245472184941,5.325460585414191,32,Mansempuy,65
1839,32231,1709.1666666666667,1850.0,1638.75,8.12226365274393,6.94028680707526,"0,752945523344386","0,637616693690573",97.46716383292716,83.28344168490312,5.70261319354035,4.872751341876341,32,Marambat,433
1840,32233,1636.1282051282087,1472.27272727273,1848.17647058824,7.40932593773868,7.37018941855296,"0,774317336276807","0,564296619350868",88.91191125286417,88.44227302263552,5.434287543860107,5.405583299977711,32,Marciac,1288
1841,32234,2236.2,2295.75,1998.0,8.76733303939837,8.48694786648515,"0,839793990632433","0,70326007253796",105.20799647278044,101.8433743978218,4.704766857739935,4.554305267767722,32,Marestaing,356
1842,32235,1529.8333333333333,2008.0,1290.75,7.6620141961829,6.94028680707526,"0,760846051009587","0,637616693690573",91.9441703541948,83.28344168490312,6.010077591515076,5.443955225072652,32,Margouët-Meymes,165
1843,32236,2137.5,619.0,3656.0,7.6620141961829,7.12710396432993,"0,760846051009587","0,784695696067628",91.9441703541948,85.52524757195916,4.301481653997417,4.001181172957153,32,Marguestau,60
1844,32237,2219.6363636363635,2166.4,2264.0,8.37760643290256,7.44798654670161,"0,761591948521624","0,786216392024038",100.53127719483072,89.37583856041933,4.5291777897409,4.026598231342614,32,Marsan,473
1845,32238,1404.6666666666667,2128.0,1043.0,7.88472297309753,7.37018941855296,"0,752805500851526","0,564296619350868",94.61667567717036,88.44227302263552,6.735881040140272,6.296317490932761,32,Marseillan,83
1846,32239,3104.230769230769,3225.125,2910.8,8.35474477668948,7.01247276173073,"0,716215916813105","0,748315999969659",100.25693732027376,84.14967314076875,3.2296869908649706,2.7108059740552446,32,Marsolan,453
1847,32241,2284.6,2842.0,1913.0,8.13020877833928,6.94028680707526,"0,726259278266766","0,637616693690573",97.56250534007135,83.28344168490312,4.270441448834429,3.645427719727879,32,Mas-d'Auvignon,175
1848,32242,1422.8541666666667,1165.08,1703.04347826087,8.31416469446106,6.78941090807091,"0,663017401767114","0,636537908478611",99.76997633353272,81.47293089685093,7.011960794778057,5.726021176697137,32,Masseube,1923
1849,32243,1253.5,1321.75,1117.0,7.64006526838396,7.12710396432993,"0,450489586702417","0,784695696067628",91.68078322060752,85.52524757195916,7.313983503837855,6.822915641959247,32,Mauléon-d'Armagnac,269
1850,32244,1633.1666666666667,1174.5,1862.5,8.05764382431615,7.16667975697859,"0,718751940205777","0,694650404738854",96.6917258917938,86.00015708374309,5.920505718448441,5.265853071767104,32,Maulichères,160
1851,32246,1334.0,1226.4,1872.0,7.64006526838396,7.12710396432993,"0,450489586702417","0,784695696067628",91.68078322060752,85.52524757195916,6.872622430330399,6.411187973909981,32,Maupas,201
1852,32247,1612.5,1815.0,1545.0,8.76733303939837,8.21468387011842,"0,839793990632433","0,700243311874819",105.20799647278044,98.57620644142104,6.524526913040647,6.113253112646267,32,Maurens,317
1853,32248,1875.142857142857,2063.5,1624.0,7.60999786642195,6.77011154769586,"0,755567788759787","0,594360792223279",91.3199743970634,81.24133857235032,4.870027584789302,4.332541292141187,32,Mauroux,145
1854,32249,1594.2500000000016,1369.6,1806.75675675676,8.8007338523941,7.44798654670161,"0,763475635827309","0,786216392024038",105.6088062287292,89.37583856041933,6.624356671082269,5.606136964743248,32,Mauvezin,2326
1855,32252,1308.6410256410284,1390.4347826087,1191.0625,7.40932593773868,6.67978639563648,"0,774317336276807","0,468627955694727",88.91191125286417,80.15743674763776,6.794217016795062,6.125242536116672,32,Miélan,1147
1856,32253,1261.4615384615386,1224.75,1320.2,9.85657486058332,6.57681252264759,"0,740877374475561","0,535370145582048",118.27889832699984,78.92175027177109,9.376338058729177,6.256373885804159,32,Miradoux,544
1857,32254,1520.0,1644.625,1021.5,7.88472297309753,6.78941090807091,"0,752805500851526","0,636537908478611",94.61667567717036,81.47293089685093,6.224781294550681,5.360061243213877,32,Miramont-d'Astarac,359
1858,32255,1169.75,1361.5,978.0,8.37760643290256,7.97191863744363,"0,761591948521624","0,681496935303933",100.53127719483072,95.66302364932356,8.59425323315501,8.178074259399322,32,Miramont-Latour,149
1859,32256,1371.548780487801,1421.94444444444,1274.35714285714,7.85193863509143,6.85939057855798,"0,752805500851526","0,636537908478611",94.22326362109716,82.31268694269576,6.869844147109809,6.001440715321892,32,Mirande,3729
1860,32260,3446.0,4933.0,1959.0,8.31888360827871,6.84304690365783,"0,817062040183174","0,612625720550421",99.82660329934453,82.11656284389396,2.896883438750567,2.382953071500115,32,Monbardon,74
1861,32261,2079.6666666666665,1467.0,3305.0,9.58369783167895,8.48694786648515,"0,803274121161673","0,70326007253796",115.0043739801474,101.8433743978218,5.529942650111272,4.897100868624225,32,Monblanc,398
1862,32262,2142.25,1699.0,2408.2,9.69322247316819,7.44798654670161,"0,899438474101252","0,786216392024038",116.31866967801828,89.37583856041933,5.429743012160965,4.172054548274913,32,Monbrun,425
1863,32263,1541.9999999999975,1468.33333333333,1763.0,7.79011086400309,6.78941090807091,"0,824667992720388","0,636537908478611",93.48133036803708,81.47293089685093,6.062343084827317,5.28358825530811,32,Moncassin,127
1864,32266,1927.0,2276.0,1752.5,7.88472297309753,6.78941090807091,"0,752805500851526","0,636537908478611",94.61667567717036,81.47293089685093,4.910050631923734,4.227967353235647,32,Moncorneil-Grazan,148
1865,32268,2076.0000000000014,1983.07142857143,2336.2,8.76733303939837,8.21468387011842,"0,839793990632433","0,700243311874819",105.20799647278044,98.57620644142104,5.067822566126222,4.7483721792592,32,Monferran-Savès,821
1866,32269,1240.6000000000029,1357.71428571429,967.333333333333,7.02379043712465,6.57681252264759,"0,82466807949796","0,535370145582048",84.2854852454958,78.92175027177109,6.793929166975303,6.361579096547711,32,Monfort,520
1867,32270,2053.4,1781.0,2235.0,8.20260890532892,8.48694786648515,"0,760873619499847","0,70326007253796",98.43130686394704,101.8433743978218,4.79357684152854,4.959743566661234,32,Mongausy,91
1868,32271,1304.5,933.666666666667,1527.0,7.6620141961829,7.12710396432993,"0,760846051009587","0,784695696067628",91.9441703541948,85.52524757195916,7.048230766898796,6.556170760594799,32,Monguilhem,296
1869,32272,1949.2499999999973,2058.33333333333,1622.0,7.16501462110856,6.67978639563648,"0,707328839413505","0,468627955694727",85.98017545330272,80.15743674763776,4.410936280790193,4.112219404778139,32,Monlaur-Bernet,165
1870,32273,2049.7499999999973,1818.83333333333,2742.5,7.40932593773868,7.37018941855296,"0,774317336276807","0,564296619350868",88.91191125286417,88.44227302263552,4.337695389821407,4.314783413715607,32,Monlezun,172
1871,32274,1255.428571428571,1150.0,1519.0,7.6620141961829,7.12710396432993,"0,760846051009587","0,784695696067628",91.9441703541948,85.52524757195916,7.323727725072413,6.812434376464657,32,Monlezun-d'Armagnac,189
1872,32276,1898.2499999999973,2141.0,1817.33333333333,8.20260890532892,8.48694786648515,"0,760873619499847","0,70326007253796",98.43130686394704,101.8433743978218,5.185371097797823,5.365119157003657,32,Montadet,67
1873,32279,1758.2727272727263,1847.875,1519.33333333333,8.37760643290256,8.21468387011842,"0,761591948521624","0,700243311874819",100.53127719483072,98.57620644142104,5.717615682452503,5.606422991859946,32,Montaut-les-Créneaux,733
1874,32280,1089.375,1115.0,1012.5,7.88472297309753,6.84304690365783,"0,752805500851526","0,612625720550421",94.61667567717036,82.11656284389396,8.685409126992115,7.53795183879692,32,Mont-d'Astarac,92
1875,32282,1633.9999999999975,1892.33333333333,859.0,8.95038117233724,8.21468387011842,"0,803886527936202","0,700243311874819",107.40457406804688,98.57620644142104,6.573107348105694,6.032815571690405,32,Montégut,607
1876,32283,1415.0000000000032,1435.66666666667,1404.66666666667,7.40932593773868,6.67978639563648,"0,774317336276807","0,468627955694727",88.91191125286417,80.15743674763776,6.283527297022189,5.6648365192676735,32,Montégut-Arros,285
1877,32285,1363.0624999999968,1195.42857142857,1493.44444444444,7.79011086400309,6.78941090807091,"0,824667992720388","0,636537908478611",93.48133036803708,81.47293089685093,6.858183712635135,5.977197002841111,32,Montesquiou,586
1878,32286,1812.4,1592.0,2143.0,8.37760643290256,7.97191863744363,"0,761591948521624","0,681496935303933",100.53127719483072,95.66302364932356,5.546859258156628,5.278251139335884,32,Montestruc-sur-Gers,714
1879,32288,2299.6666666666665,2251.5,2396.0,8.95038117233724,8.21468387011842,"0,803886527936202","0,700243311874819",107.40457406804688,98.57620644142104,4.670440965417316,4.286543257345459,32,Montiron,139
1880,32289,1813.25,2253.5,1373.0,8.20260890532892,8.09849524980019,"0,760873619499847","0,663654452067595",98.43130686394704,97.18194299760228,5.428446538753456,5.3595446296761216,32,Montpezat,245
1881,32290,1316.3863636363642,1280.64,1363.42105263158,8.12226365274393,6.21842669798831,"0,752945523344386","0,498146512765504",97.46716383292716,74.62112037585972,7.404145661588704,5.668633650209468,32,Montréal,1196
1882,32292,1791.8571428571445,1650.25,1980.66666666667,8.35474477668948,6.85199272434688,"0,716215916813105","0,598525823987967",100.25693732027376,82.22391269216257,5.595141204192902,4.588753797697023,32,Mouchan,394
1883,32294,1460.7500000000025,1715.66666666667,696.0,8.12226365274393,6.85199272434688,"0,752945523344386","0,598525823987967",97.46716383292716,82.22391269216257,6.672405533659216,5.628883292292482,32,Mourède,73
1884,32296,1371.1967213114758,1263.26666666667,1475.64516129032,8.17031347954031,7.41171808691804,"0,760846051009587","0,747373874604005",98.04376175448373,88.94061704301649,7.150233094249972,6.486349891352538,32,Nogaro,2367
1885,32297,2596.1428571428587,2940.0,2137.66666666667,8.95038117233724,8.21468387011842,"0,803886527936202","0,700243311874819",107.40457406804688,98.57620644142104,4.13708258667434,3.79702550536481,32,Noilhan,403
1886,32298,1604.5,2079.0,1319.8,8.37760643290256,8.21468387011842,"0,761591948521624","0,700243311874819",100.53127719483072,98.57620644142104,6.265582872847038,6.143733651693428,32,Nougaroulet,393
1887,32299,1432.75,1865.0,1000.5,8.12226365274393,6.94028680707526,"0,752945523344386","0,637616693690573",97.46716383292716,83.28344168490312,6.802803268743825,5.8128383657234775,32,Noulens,102
1888,32300,1451.6666666666667,1250.0,1552.5,8.95038117233724,6.78941090807091,"0,803886527936202","0,636537908478611",107.40457406804688,81.47293089685093,7.3987077429194175,5.612371818382383,32,Orbessan,274
1889,32301,2082.1249999999964,2128.73333333333,2004.44444444444,7.79011086400309,8.21468387011842,"0,824667992720388","0,700243311874819",93.48133036803708,98.57620644142104,4.489707888240967,4.734403863429008,32,Ordan-Larroque,891
1890,32302,1743.0,1781.0,1667.0,7.79011086400309,6.78941090807091,"0,824667992720388","0,636537908478611",93.48133036803708,81.47293089685093,5.363243279864433,4.674293224145205,32,Ornézan,213
1891,32303,2183.333333333333,2230.5,2089.0,7.88472297309753,7.37018941855296,"0,752805500851526","0,564296619350868",94.61667567717036,88.44227302263552,4.333588198954367,4.050791130807734,32,Pallanne,62
1892,32304,1484.25,1370.5,1598.0,7.99205479115859,6.78941090807091,"0,663017401767114","0,636537908478611",95.90465749390307,81.47293089685093,6.461489472386934,5.489164958521201,32,Panassac,293
1893,32305,1257.9444444444462,1459.85714285714,1129.45454545455,7.6620141961829,7.12710396432993,"0,760846051009587","0,784695696067628",91.9441703541948,85.52524757195916,7.309080362034642,6.798809593672494,32,Panjas,436
1894,32306,2231.5000000000023,2228.71428571429,2235.4,8.37760643290256,7.01247276173073,"0,761591948521624","0,748315999969659",100.53127719483072,84.14967314076875,4.505098686750196,3.770991402230279,32,Pauilhac,643
1895,32307,1932.3968253968224,1865.97222222222,2020.96296296296,8.95038117233724,8.21468387011842,"0,803886527936202","0,700243311874819",107.40457406804688,98.57620644142104,5.558101351464965,5.101240342866853,32,Pavie,2663
1896,32308,2003.3333333333333,1184.0,2413.0,9.58369783167895,9.34920304333732,"0,803274121161673","0,806901202758066",115.0043739801474,112.19043652004784,5.740650947428324,5.600188179037331,32,Pébées,100
1897,32310,1478.0,1500.0,1456.0,7.64006526838396,7.16667975697859,"0,450489586702417","0,694650404738854",91.68078322060752,86.00015708374309,6.203029987862484,5.818684511755284,32,Perchède,107
1898,32311,1687.875,1787.5,1389.0,8.13020877833928,7.97266391823148,"0,726259278266766","0,761872434149141",97.56250534007135,95.67196701877776,5.780197309639124,5.668190299564705,32,Pergain-Taillac,341
1899,32312,2086.3076923076924,2260.625,1807.4,8.95038117233724,8.21468387011842,"0,803886527936202","0,700243311874819",107.40457406804688,98.57620644142104,5.148069695762146,4.724912188402307,32,Pessan,672
1900,32313,1305.0,1888.0,1013.5,8.73653523600129,8.38446608510491,"0,763475635827309","0,745487060148646",104.83842283201548,100.61359302125892,8.03359561931153,7.709853871360836,32,Pessoulens,142
1901,32314,1302.0,1587.0,1017.0,9.85657486058332,7.17627706765672,"0,740877374475561","0,673571709204739",118.27889832699984,86.11532481188064,9.08440079316435,6.614080246688221,32,Peyrecave,75
1902,32317,1383.0,1042.0,1724.0,8.05764382431615,7.37018941855296,"0,718751940205777","0,564296619350868",96.6917258917938,88.44227302263552,6.991448003745032,6.394958280740096,32,Peyrusse-Vieille,67
1903,32319,1296.909090909091,1138.51612903226,1674.61538461538,7.99846015488701,7.29656464222771,"0,718751940205777","0,747373874604005",95.98152185864411,87.55877570673252,7.400790273693294,6.751342582181815,32,Plaisance,1452
1904,32320,2206.200000000002,1753.66666666667,2885.0,7.60999786642195,6.77011154769586,"0,755567788759787","0,594360792223279",91.3199743970634,81.24133857235032,4.139242788372012,3.682410414846806,32,Plieux,166
1905,32321,2365.5,1754.0,2977.0,8.20260890532892,8.48694786648515,"0,760873619499847","0,70326007253796",98.43130686394704,101.8433743978218,4.16112056072488,4.305363534044464,32,Polastron,274
1906,32323,903.3333333333334,800.0,1110.0,7.79011086400309,6.67978639563648,"0,824667992720388","0,468627955694727",93.48133036803708,80.15743674763776,10.348486756609269,8.873516983133332,32,Ponsampère,102
1907,32324,2907.75,4106.5,1709.0,7.16501462110856,6.78941090807091,"0,707328839413505","0,636537908478611",85.98017545330272,81.47293089685093,2.9569314918167904,2.801923511197693,32,Ponsan-Soubiran,75
1908,32327,1429.0,677.0,1805.0,7.88472297309753,6.78941090807091,"0,752805500851526","0,636537908478611",94.61667567717036,81.47293089685093,6.621180943118989,5.701394744356258,32,Pouy-Loubrin,85
1909,32328,2857.6666666666665,1825.0,3374.0,8.13020877833928,6.85199272434688,"0,726259278266766","0,598525823987967",97.56250534007135,82.22391269216257,3.4140617755769758,2.877309437495483,32,Pouy-Roquelaure,117
1910,32329,3603.75,2880.0,5775.0,8.37760643290256,7.01247276173073,"0,761591948521624","0,748315999969659",100.53127719483072,84.14967314076875,2.7896296134535064,2.335058567902012,32,Préchac,158
1911,32330,1377.3749999999975,1274.83333333333,1685.0,8.05764382431615,7.16667975697859,"0,718751940205777","0,694650404738854",96.6917258917938,86.00015708374309,7.0200000647459095,6.243772181413431,32,Préchac-sur-Adour,199
1912,32331,2083.120000000003,2019.66666666667,2141.69230769231,8.29566211512933,8.21468387011842,"0,767560477571166","0,700243311874819",99.54794538155195,98.57620644142104,4.778790726484879,4.732142480578215,32,Preignan,1251
1913,32333,1416.3333333333333,1291.25,1666.5,8.85303397476041,7.16667975697859,"0,802953661299902","0,694650404738854",106.23640769712492,86.00015708374309,7.500805438723813,6.072028036037404,32,Projan,186
1914,32334,3269.999999999997,3212.33333333333,3350.73333333333,9.69322247316819,9.78621258095348,"0,899438474101252","0,873373354302414",116.31866967801828,117.43455097144177,3.5571458617131,3.591270671909537,32,Pujaudran,1752
1915,32335,1588.5454545454566,1354.4,1783.66666666667,8.73653523600129,7.44798654670161,"0,763475635827309","0,786216392024038",104.83842283201548,89.37583856041933,6.599648913541083,5.626268880420118,32,Puycasquier,438
1916,32336,1916.0000000000016,2745.66666666667,1293.75,8.20260890532892,8.48694786648515,"0,760873619499847","0,70326007253796",98.43130686394704,101.8433743978218,5.1373333436298,5.315416200303847,32,Puylausic,166
1917,32338,1732.75,1168.5,2297.0,7.64006526838396,6.94028680707526,"0,450489586702417","0,637616693690573",91.68078322060752,83.28344168490312,5.291056599082817,4.806431492419744,32,Ramouzens,189
1918,32339,2454.5,3021.5,2171.0,9.82641149566352,7.44798654670161,"0,865357582799903","0,786216392024038",117.91693794796224,89.37583856041933,4.804112362923701,3.641305298855951,32,Razengues,257
1919,32340,1391.9285714285677,1212.63636363636,2049.33333333333,7.64006526838396,6.94028680707526,"0,450489586702417","0,637616693690573",91.68078322060752,83.28344168490312,6.586601144806839,5.983312893665761,32,Réans,292
1920,32343,1676.5555555555577,1765.14285714286,1366.5,8.29566211512933,7.97191863744363,"0,767560477571166","0,681496935303933",99.54794538155195,95.66302364932356,5.9376466858901615,5.705926256504148,32,Riguepeu,171
1921,32344,1276.5306122448967,1248.81818181818,1333.6875,7.97240854931469,7.16667975697859,"0,718751940205777","0,694650404738854",95.66890259177627,86.00015708374309,7.494446406070413,6.737022697207698,32,Riscle,1761
1922,32345,1941.4374999999984,1806.8,2165.83333333333,8.13020877833928,7.01247276173073,"0,726259278266766","0,748315999969659",97.56250534007135,84.14967314076875,5.025271498056025,4.334400316300103,32,La Romieu,560
1923,32346,1602.000000000002,1222.66666666667,2171.0,8.12226365274393,7.97191863744363,"0,752945523344386","0,681496935303933",97.46716383292716,95.66302364932356,6.084092623778217,5.971474634789229,32,Roquebrune,213
1924,32348,1485.2142857142858,1599.5,1199.5,8.29566211512933,8.21468387011842,"0,767560477571166","0,700243311874819",99.54794538155195,98.57620644142104,6.702598159677427,6.637170635213267,32,Roquelaure,601
1925,32351,1582.5714285714314,1702.66666666667,862.0,8.12226365274393,6.85199272434688,"0,752945523344386","0,598525823987967",97.46716383292716,82.22391269216257,6.158784499282262,5.195589355886775,32,Roques,106
1926,32352,1745.3333333333333,1951.5,1333.0,8.29566211512933,6.94028680707526,"0,767560477571166","0,637616693690573",99.54794538155195,83.28344168490312,5.703663791914742,4.771778553374892,32,Rozès,117
1927,32355,1740.6666666666667,1881.5,1459.0,7.16501462110856,6.67978639563648,"0,707328839413505","0,468627955694727",85.98017545330272,80.15743674763776,4.939496866332979,4.6049848763483965,32,Sadeillan,84
1928,32358,2384.25,2609.0,2159.5,7.60999786642195,7.74112894352746,"0,755567788759787","0,621924233845163",91.3199743970634,92.89354732232952,3.83013418882514,3.896132843549524,32,Saint-Antoine,196
1929,32359,1770.5,2474.0,1536.0,8.37760643290256,7.44798654670161,"0,761591948521624","0,786216392024038",100.53127719483072,89.37583856041933,5.678129183554404,5.048056399910721,32,Saint-Antonin,160
1930,32360,1413.666666666665,1700.33333333333,1127.0,8.29566211512933,7.97191863744363,"0,767560477571166","0,681496935303933",99.54794538155195,95.66302364932356,7.041825893531154,6.767014169959233,32,Saint-Arailles,140
1931,32362,1092.6666666666667,979.0,1320.0,8.05764382431615,7.29656464222771,"0,718751940205777","0,747373874604005",96.6917258917938,87.55877570673252,8.849151240859712,8.013310772428236,32,Saint-Aunix-Lengros,151
1932,32365,1397.1249999999975,1293.33333333333,1708.5,8.31888360827871,6.84304690365783,"0,817062040183174","0,612625720550421",99.82660329934453,82.11656284389396,7.145144729308023,5.877538720149887,32,Saint-Blancard,285
1933,32367,1466.0,1743.0,1189.0,7.79011086400309,7.37018941855296,"0,824667992720388","0,564296619350868",93.48133036803708,88.44227302263552,6.376625536701028,6.032897204818249,32,Saint-Christaud,64
1934,32368,1302.5000000000025,1845.0,1121.66666666667,8.37760643290256,8.21468387011842,"0,761591948521624","0,700243311874819",100.53127719483072,98.57620644142104,7.718332222251864,7.568230820838454,32,Sainte-Christie,559
1935,32369,1649.3000000000022,1517.5,1737.16666666667,7.6620141961829,7.12710396432993,"0,760846051009587","0,784695696067628",91.9441703541948,85.52524757195916,5.574739001648862,5.1855482672624165,32,Sainte-Christie-d'Armagnac,386
1936,32370,1369.8235294117624,1288.81818181818,1518.33333333333,8.13020877833928,6.57681252264759,"0,726259278266766","0,535370145582048",97.56250534007135,78.92175027177109,7.12226817873155,5.761453835273374,32,Saint-Clar,1118
1937,32372,2355.5,2391.2,2177.0,9.82641149566352,7.44798654670161,"0,865357582799903","0,786216392024038",117.91693794796224,89.37583856041933,5.006025809720324,3.794346786687299,32,Saint-Cricq,299
1938,32373,1146.5,1240.75,1052.25,7.40932593773868,6.67978639563648,"0,774317336276807","0,468627955694727",88.91191125286417,80.15743674763776,7.755072939630543,6.991490339959682,32,Sainte-Dode,231
1939,32375,1612.6250000000014,1657.6,1537.66666666667,7.88472297309753,6.67978639563648,"0,752805500851526","0,468627955694727",94.61667567717036,80.15743674763776,5.867245991918162,4.97061851004652,32,Saint-Élix-Theux,91
1940,32376,1926.3333333333333,1155.5,3468.0,7.02379043712465,6.57681252264759,"0,82466807949796","0,535370145582048",84.2854852454958,78.92175027177109,4.375436160866714,4.096993438576108,32,Sainte-Gemme,122
1941,32378,1110.9999999999984,949.666666666667,1272.33333333333,8.05764382431615,7.16667975697859,"0,718751940205777","0,694650404738854",96.6917258917938,86.00015708374309,8.703125642825736,7.740788216358525,32,Saint-Germé,515
1942,32380,952.5,873.0,1032.0,8.05764382431615,7.16667975697859,"0,718751940205777","0,694650404738854",96.6917258917938,86.00015708374309,10.151362298351057,9.028887882807672,32,Saint-Griède,150
1943,32381,1600.571428571429,1759.0,1481.75,7.79011086400309,6.78941090807091,"0,824667992720388","0,636537908478611",93.48133036803708,81.47293089685093,5.840497256125129,5.090240238111,32,Saint-Jean-le-Comtal,396
1944,32382,1712.6363636363626,1741.0,1696.42857142857,8.12226365274393,7.97191863744363,"0,752945523344386","0,681496935303933",97.46716383292716,95.66302364932356,5.691060046510958,5.585717183197409,32,Saint-Jean-Poutge,324
1945,32383,1787.0,1978.33333333333,1595.66666666667,7.40932593773868,7.37018941855296,"0,774317336276807","0,564296619350868",88.91191125286417,88.44227302263552,4.975484681189937,4.949203862486599,32,Saint-Justin,136
1946,32384,1984.0,1964.0,2034.0,8.29566211512933,8.21468387011842,"0,767560477571166","0,700243311874819",99.54794538155195,98.57620644142104,5.017537569634675,4.968558792410335,32,Saint-Lary,282
1947,32385,1236.0,889.0,1583.0,7.02379043712465,6.57681252264759,"0,82466807949796","0,535370145582048",84.2854852454958,78.92175027177109,6.819214016625874,6.385254876356885,32,Saint-Léonard,188
1948,32388,2216.75,2466.5,1967.0,8.37760643290256,8.21468387011842,"0,761591948521624","0,700243311874819",100.53127719483072,98.57620644142104,4.535075096191755,4.446879731202032,32,Sainte-Marie,402
1949,32389,1787.062499999999,1788.22222222222,1785.57142857143,7.79011086400309,6.78941090807091,"0,824667992720388","0,636537908478611",93.48133036803708,81.47293089685093,5.231005091765795,4.559042053473281,32,Saint-Martin,454
1950,32391,2089.0,4508.0,879.5,8.13020877833928,6.57681252264759,"0,726259278266766","0,535370145582048",97.56250534007135,78.92175027177109,4.670297048351908,3.777967940247539,32,Saint-Martin-de-Goyne,130
1951,32392,1227.6666666666667,722.0,1480.5,8.20260890532892,8.48694786648515,"0,760873619499847","0,70326007253796",98.43130686394704,101.8433743978218,8.017755107027996,8.29568621214948,32,Saint-Martin-Gimois,85
1952,32395,1065.571428571429,832.75,1376.0,7.60999786642195,6.57681252264759,"0,755567788759787","0,535370145582048",91.3199743970634,78.92175027177109,8.570047201762216,7.40651899587609,32,Sainte-Mère,208
1953,32396,1382.1,1673.25,1188.0,8.13020877833928,7.01247276173073,"0,726259278266766","0,748315999969659",97.56250534007135,84.14967314076875,7.059004799947281,6.088537236145631,32,Saint-Mézard,250
1954,32397,1601.4,1767.75,1490.5,7.88472297309753,6.67978639563648,"0,752805500851526","0,468627955694727",94.61667567717036,80.15743674763776,5.908372403969673,5.005460019210551,32,Saint-Michel,263
1955,32398,1148.6249999999975,1104.85714285714,1455.0,8.85303397476041,7.16667975697859,"0,802953661299902","0,694650404738854",106.23640769712492,86.00015708374309,9.249007090836884,7.487226647839223,32,Saint-Mont,321
1956,32400,1309.399999999997,1188.28571428571,1592.0,8.13020877833928,7.01247276173073,"0,726259278266766","0,748315999969659",97.56250534007135,84.14967314076875,7.450932132279792,6.426582644017791,32,Saint-Orens-Pouy-Petit,187
1957,32401,1241.4999999999975,1255.33333333333,1200.0,7.40932593773868,6.78941090807091,"0,774317336276807","0,636537908478611",88.91191125286417,81.47293089685093,7.161652134745417,6.562459194269117,32,Saint-Ost,93
1958,32402,1380.6666666666667,1111.0,1515.5,8.12226365274393,7.97191863744363,"0,752945523344386","0,681496935303933",97.46716383292716,95.66302364932356,7.059427607406603,6.928755937903686,32,Saint-Paul-de-Baïse,109
1959,32404,1542.962962962961,1539.13333333333,1547.75,8.29566211512933,6.94028680707526,"0,767560477571166","0,637616693690573",99.54794538155195,83.28344168490312,6.451739138986813,5.397630642084462,32,Saint-Puy,604
1960,32405,1855.6,1896.0,1694.0,8.29566211512933,7.01247276173073,"0,767560477571166","0,748315999969659",99.54794538155195,84.14967314076875,5.364730835392971,4.534903704503598,32,Sainte-Radegonde,181
1961,32406,1493.7499999999975,1636.33333333333,1066.0,8.37760643290256,8.21468387011842,"0,761591948521624","0,700243311874819",100.53127719483072,98.57620644142104,6.7301273435870055,6.599243945869203,32,Saint-Sauvy,363
1962,32407,1892.6666666666667,1773.0,1952.5,8.20260890532892,8.48694786648515,"0,760873619499847","0,70326007253796",98.43130686394704,101.8433743978218,5.200667851212419,5.3809461640272165,32,Saint-Soulan,159
1963,32408,1216.5,1362.0,1071.0,7.64006526838396,6.21842669798831,"0,450489586702417","0,498146512765504",91.68078322060752,74.62112037585972,7.536439228985411,6.134083055968739,32,Salles-d'Armagnac,125
1964,32409,1841.6666666666667,1469.0,2028.0,7.88472297309753,6.78941090807091,"0,752805500851526","0,636537908478611",94.61667567717036,81.47293089685093,5.137557050344091,4.423869550960231,32,Samaran,81
1965,32410,2140.5087719298235,2176.05882352941,2087.95652173913,8.86923489000705,9.07433171153572,"0,760873619499847","0,70326007253796",106.4308186800846,108.89198053842864,4.972220626974096,5.087200854601247,32,Samatan,2583
1966,32411,1675.9999999999975,1270.0,1811.33333333333,7.79011086400309,6.78941090807091,"0,824667992720388","0,636537908478611",93.48133036803708,81.47293089685093,5.577645010026086,4.861153394800182,32,Sansan,101
1967,32412,1337.5641025641028,1285.04347826087,1413.0625,8.20260890532892,8.48694786648515,"0,760873619499847","0,70326007253796",98.43130686394704,101.8433743978218,7.358997350127354,7.6140929771207695,32,Saramon,874
1968,32414,1155.0000000000025,1375.0,1081.66666666667,7.64006526838396,7.29656464222771,"0,450489586702417","0,747373874604005",91.68078322060752,87.55877570673252,7.93773014897033,7.580846381535267,32,Sarragachies,225
1969,32415,1904.375,1801.5,2007.25,7.16501462110856,6.67978639563648,"0,707328839413505","0,468627955694727",85.98017545330272,80.15743674763776,4.514876295545926,4.2091204068336205,32,Sarraguzan,88
1970,32417,1191.071428571429,1202.7,1162.0,8.29566211512933,6.94028680707526,"0,767560477571166","0,637616693690573",99.54794538155195,83.28344168490312,8.35784848780646,6.992312945059331,32,La Sauvetat,430
1971,32418,2063.8,2375.5,817.0,8.31888360827871,6.78941090807091,"0,817062040183174","0,636537908478611",99.82660329934453,81.47293089685093,4.837028941726162,3.947714453767367,32,Sauveterre,285
1972,32421,2271.25,1896.5,2646.0,9.58369783167895,8.48694786648515,"0,803274121161673","0,70326007253796",115.0043739801474,101.8433743978218,5.06348371954419,4.484023088511691,32,Savignac-Mona,146
1973,32424,3926.3333333333335,1333.0,5223.0,8.85303397476041,7.27314368739633,"0,802953661299902","0,659420319415126",106.23640769712492,87.27772424875596,2.7057409210576004,2.222881167724492,32,Ségos,253
1974,32425,2580.789473684209,2206.22222222222,2917.9,9.69322247316819,9.78621258095348,"0,899438474101252","0,873373354302414",116.31866967801828,117.43455097144177,4.507096408447738,4.5503343906544185,32,Ségoufielle,1196
1975,32426,1619.8333333333326,1730.42857142857,1523.0625,7.88472297309753,6.78941090807091,"0,752805500851526","0,636537908478611",94.61667567717036,81.47293089685093,5.841136475594428,5.029710725188865,32,Seissan,1128
1976,32429,1715.571428571429,1800.4,1503.5,8.13020877833928,7.01247276173073,"0,726259278266766","0,748315999969659",97.56250534007135,84.14967314076875,5.686880984099422,4.905052144103433,32,Sempesserre,324
1977,32430,990.6666666666666,1000.0,972.0,7.88472297309753,6.84304690365783,"0,752805500851526","0,612625720550421",94.61667567717036,82.11656284389396,9.550808446551516,8.289020475494006,32,Sère,77
1978,32431,2166.5,3333.0,1000.0,8.73653523600129,7.44798654670161,"0,763475635827309","0,786216392024038",104.83842283201548,89.37583856041933,4.839068674452595,4.12535603786842,32,Sérempuy,46
1979,32432,2285.333333333333,2942.5,971.0,8.95038117233724,9.34920304333732,"0,803886527936202","0,806901202758066",107.40457406804688,112.19043652004784,4.69973340437778,4.909149789383657,32,Seysses-Savès,254
1980,32433,1390.7200000000032,1295.16666666667,1478.92307692308,8.31888360827871,6.78941090807091,"0,817062040183174","0,636537908478611",99.82660329934453,81.47293089685093,7.178051893935825,5.85832740572155,32,Simorre,713
1981,32436,1518.9375000000014,1599.5,1384.66666666667,7.02379043712465,6.57681252264759,"0,82466807949796","0,535370145582048",84.2854852454958,78.92175027177109,5.548976521120568,5.19585238179787,32,Solomiac,507
1982,32437,1220.0000000000014,1315.6,1060.66666666667,7.64006526838396,7.29656464222771,"0,450489586702417","0,747373874604005",91.68078322060752,87.55877570673252,7.514818296771099,7.176948828420691,32,Sorbets,203
1983,32439,1095.3749999999975,1131.5,1083.33333333333,8.85303397476041,7.16667975697859,"0,802953661299902","0,694650404738854",106.23640769712492,86.00015708374309,9.698633590973426,7.851206854615386,32,Tarsac,160
1984,32440,1636.166666666665,1477.0,1795.33333333333,8.05764382431615,7.29656464222771,"0,718751940205777","0,747373874604005",96.6917258917938,87.55877570673252,5.909650151275985,5.351458227975916,32,Tasque,251
1985,32441,1234.3333333333333,1382.0,939.0,8.37760643290256,7.97191863744363,"0,761591948521624","0,681496935303933",100.53127719483072,95.66302364932356,8.144580923156688,7.750177449310579,32,Taybosc,68
1986,32442,1510.0769230769254,1390.27272727273,2169.0,8.13020877833928,7.01247276173073,"0,726259278266766","0,748315999969659",97.56250534007135,84.14967314076875,6.460763941831419,5.572542156945607,32,Terraube,368
1987,32443,1670.0,1426.25,2645.0,8.05764382431615,7.29656464222771,"0,718751940205777","0,747373874604005",96.6917258917938,87.55877570673252,5.789923706095437,5.243040461480989,32,Termes-d'Armagnac,201
1988,32445,2363.625,2661.5,2065.75,8.05764382431615,7.16667975697859,"0,718751940205777","0,694650404738854",96.6917258917938,86.00015708374309,4.090823455150195,3.6384856770318086,32,Tieste-Uragnoux,154
1989,32446,1566.8571428571456,1559.16666666667,1613.0,7.40932593773868,7.37018941855296,"0,774317336276807","0,564296619350868",88.91191125286417,88.44227302263552,5.6745384643512775,5.6445652002046645,32,Tillac,286
1990,32448,1888.4999999999984,2297.85714285714,1315.4,8.37760643290256,7.44798654670161,"0,761591948521624","0,786216392024038",100.53127719483072,89.37583856041933,5.323340068563983,4.732636407753212,32,Touget,520
1991,32449,1459.8333333333333,1280.2,2358.0,7.6620141961829,7.12710396432993,"0,760846051009587","0,784695696067628",91.9441703541948,85.52524757195916,6.298264894681685,5.858562454980648,32,Toujouse,310
1992,32451,2107.0,1898.0,2211.5,7.99205479115859,6.78941090807091,"0,663017401767114","0,636537908478611",95.90465749390307,81.47293089685093,4.5517160652066,3.86677412894404,32,Tournan,181
1993,32452,1517.2,1609.0,1379.5,8.73653523600129,6.77011154769586,"0,763475635827309","0,594360792223279",104.83842283201548,81.24133857235032,6.909993595571808,5.354688806508721,32,Tournecoupe,269
1994,32455,1442.000000000002,1827.66666666667,863.5,8.90137180144808,6.67978639563648,"0,798510385718213","0,468627955694727",106.81646161737696,80.15743674763776,7.40752161008161,5.558768151708574,32,Troncens,171
1995,32457,1865.25,1670.4,2190.0,8.13020877833928,7.97191863744363,"0,726259278266766","0,681496935303933",97.56250534007135,95.66302364932356,5.230532386547185,5.128697153160357,32,Urdens,279
1996,32458,1824.3333333333333,2272.5,1600.25,7.6620141961829,7.29656464222771,"0,760846051009587","0,747373874604005",91.9441703541948,87.55877570673252,5.039877782981626,4.799494374569662,32,Urgosse,244
1997,32459,1474.7105263157855,1466.34615384615,1492.83333333333,8.35474477668948,6.94028680707526,"0,716215916813105","0,637616693690573",100.25693732027376,83.28344168490312,6.798414707918436,5.647443359136185,32,Valence-sur-Baïse,1159
1998,32460,2033.0,1951.8,2236.0,8.85303397476041,7.16667975697859,"0,802953661299902","0,694650404738854",106.23640769712492,86.00015708374309,5.2255980175664005,4.230209399101972,32,Vergoignan,322
1999,32462,1275.935185185182,1258.3064516129,1299.69565217391,8.08431091668285,7.21767297322858,"0,752945523344386","0,747373874604005",97.0117310001942,86.61207567874295,7.603186441332791,6.788125030518111,32,Vic-Fezensac,3633
2000,32463,1490.3157894736858,1499.33333333333,1486.15384615385,8.05764382431615,7.16667975697859,"0,718751940205777","0,694650404738854",96.6917258917938,86.00015708374309,6.488002514281962,5.77059960655148,32,Viella,533
2001,32464,1591.9999999999968,1530.58333333333,1714.83333333333,7.40932593773868,6.67978639563648,"0,774317336276807","0,468627955694727",88.91191125286417,80.15743674763776,5.584919048546756,5.035014871082784,32,Villecomtal-sur-Arros,850
2002,32465,2284.5000000000027,2675.66666666667,1111.0,8.31888360827871,6.84304690365783,"0,817062040183174","0,612625720550421",99.82660329934453,82.11656284389396,4.369735316233067,3.594509207436807,32,Villefranche-d'Astarac,168
2003,34001,2353.196721311476,2260.83783783784,2495.58333333333,10.4587675090906,7.84919968402213,"0,771323449546683","0,78500777835121",125.50521010908722,94.19039620826555,5.333392188271497,4.002657124040684,34,Abeilhan,1847
2004,34002,2310.1842105263186,2316.36666666667,2287.0,10.8723078678869,8.51389380693393,"0,822508041364488","0,674581486964145",130.46769441464278,102.16672568320718,5.647501780168384,4.422449310218902,34,Adissan,1371
2005,34003,3963.4584508570174,3828.02447418738,4141.07121364092,11.8648100671454,10.8890514965011,"0,650744862664773","0,699861396461513",142.3777208057448,130.6686179580132,3.592259703768524,3.296833297943587,34,Agde,30024
2006,34004,2330.299999999998,3782.25,1362.33333333333,8.65741268472495,8.09220707224395,"0,809535688387216","0,67481295580364",103.8889522166994,97.1064848669274,4.458179299519354,4.167123755178624,34,Agel,251
2007,34006,1405.7499999999986,1162.4,1811.33333333333,7.40609897076382,8.09220707224395,"0,711297554326664","0,67481295580364",88.87318764916583,97.1064848669274,6.322118986246909,6.907806143832651,34,Aigne,300
2008,34007,1520.6666666666667,1266.2,1838.75,8.65741268472495,7.87474490763974,"0,809535688387216","0,685218035310943",103.8889522166994,94.49693889167688,6.83180308307975,6.214178357628904,34,Aigues-Vives,477
2009,34008,1851.5555555555527,1782.0,1886.33333333333,8.89839234222261,6.25046972774286,"0,738142299781518","0,727621604618717",106.78070810667133,75.00563673291431,5.767080970715573,4.050952535983135,34,Les Aires,624
2010,34009,2160.3333333333344,1860.38888888889,2560.25925925926,10.8723078678869,9.2068935065381,"0,822508041364488","0,721215607769468",130.46769441464278,110.4827220784572,6.039239056379079,5.114151616037208,34,Alignan-du-Vent,1785
2011,34010,2842.9838709677424,3018.82857142857,2615.03703703704,10.3373854178748,9.61121781399891,"0,726186274693844","0,597960350660021",124.04862501449762,115.33461376798692,4.363324965761128,4.056815620579916,34,Aniane,3021
2012,34012,4275.476190476187,4212.44444444444,4653.66666666667,12.4266051495967,9.48123270649475,"0,876053705402225","0,770123569481978",149.1192617951604,113.77479247793698,3.487781364034495,2.6611022353808305,34,Argelliers,1000
2013,34013,2314.3275862068986,2311.4375,2317.88461538462,10.8723078678869,8.51389380693393,"0,822508041364488","0,674581486964145",130.46769441464278,102.16672568320718,5.637390972315839,4.414531732331586,34,Aspiran,1705
2014,34014,4884.633333333333,5209.41176470588,4459.92307692308,13.3391632772374,11.1066541752341,"0,881695733862244","0,847460774472125",160.0699593268488,133.2798501028092,3.277010747859248,2.728553834190404,34,Assas,1473
2015,34015,2012.916666666664,1743.6,2205.28571428571,8.33746491866848,7.87474490763974,"0,784183561911099","0,685218035310943",100.04957902402175,94.49693889167688,4.970378589477386,4.694528117160521,34,Assignan,171
2016,34016,2604.090909090908,2633.25,2526.33333333333,10.9393505323871,10.8756122707959,"0,821421579855909","0,745823325498729",131.2722063886452,130.5073472495508,5.040999372578453,5.01162792719518,34,Aumelas,602
2017,34017,2265.7272727272702,1923.5,2461.28571428571,10.5116961243125,9.0886495831345,"0,786473089821938","0,664025651325965",126.14035349175,109.063794997614,5.567322908194245,4.813632969440899,34,Aumes,517
2018,34018,1989.0566037735823,1721.93939393939,2429.8,11.0891873544278,8.97671919530737,"0,861690302944303","0,750870211031667",133.0702482531336,107.72063034368844,6.690118722648538,5.41566439785192,34,Autignac,982
2019,34019,1333.6666666666667,1320.1,1350.625,7.5383844550065,6.25046972774286,"0,68476494192908","0,727621604618717",90.460613460078,75.00563673291431,6.782850296931617,5.624016750780878,34,Avène,300
2020,34020,1650.7058823529442,1541.15384615385,2006.75,8.65741268472495,6.74322315455659,"0,809535688387216","0,52530155015803",103.8889522166994,80.91867785467909,6.293607681861188,4.902065154050111,34,Azillanet,365
2021,34021,1527.7000000000012,1090.33333333333,1715.14285714286,8.33746491866848,7.87474490763974,"0,784183561911099","0,685218035310943",100.04957902402175,94.49693889167688,6.549033123258604,6.18556908369947,34,Babeau-Bouldoux,314
2022,34022,4034.64248704663,4044.7027027027,4021.0243902439,13.8321933383789,12.3682059946902,"0,830657756915344","0,752022048118822",165.9863200605468,148.4184719362824,4.114027961422903,3.678602810850911,34,Baillargues,7900
2023,34023,4173.950596252126,4086.92721518987,4275.42435424354,12.6839356060727,13.2465643951558,"0,700208731896123","0,751046011308393",152.2072272728724,158.9587727418696,3.6465986782292608,3.808352999783991,34,Balaruc-les-Bains,7238
2024,34024,3698.9807692307686,3541.06896551724,3898.08695652174,12.6558416130129,12.776632193712,"0,700208731896123","0,751046011308393",151.8700993561548,153.319586324544,4.105728275730868,4.144914393713595,34,Balaruc-le-Vieux,2785
2025,34025,2505.481927710842,2566.04761904762,2443.43902439024,11.0891873544278,8.1356053190116,"0,861690302944303","0,78500777835121",133.0702482531336,97.6272638281392,5.3111637637999065,3.896546319028423,34,Bassan,2386
2026,34026,1365.700000000003,1405.14285714286,1273.66666666667,8.65741268472495,8.09220707224395,"0,809535688387216","0,67481295580364",103.8889522166994,97.1064848669274,7.607011218913317,7.1103818457148105,34,Beaufort,217
2027,34027,3495.1142857142863,2960.47058823529,4000.05555555556,11.1995727439063,10.5907484947331,"0,783087796520584","0,702786169624396",134.3948729268756,127.0889819367972,3.8452211269941263,3.636189593463448,34,Beaulieu,2273
2028,34028,1652.0359999999987,1784.20325203252,1524.03149606299,8.42786134505987,8.41844827470102,"0,75119921146017","0,610879728826095",101.13433614071845,101.02137929641223,6.121799775593178,6.114962343218449,34,Bédarieux,6036
2029,34029,2554.90909090909,2655.90909090909,2453.90909090909,10.9711529392335,9.14678733853916,"0,748898202168191","0,705631594333077",131.653835270802,109.76144806246992,5.152975334396608,4.2960999455136974,34,Bélarga,668
2030,34030,2064.5,1807.0,2837.0,7.98230911859105,7.91839837428631,"0,699153129785841","0,610879728826095",95.7877094230926,95.02078049143572,4.639753423254667,4.60260501290558,34,Berlou,222
2031,34031,2367.763636363638,2391.94680851064,2335.74647887324,10.7666147195978,9.15947127598996,"0,781399272055317","0,699861396461513",129.19937663517362,109.91365531187952,5.456599410978172,4.642087310736921,34,Bessan,5781
2032,34032,1959.0638153428347,1932.72174969623,1992.41692307692,9.93716325468111,9.55060514279194,"0,76973150805414","0,690058752063792",119.24595905617332,114.60726171350328,6.086884874411576,5.850103545169461,34,Béziers,81894
2033,34033,3214.17910447761,3371.525,2981.07407407407,13.0939272257373,10.215748681541,"0,697560634424143","0,755608424552208",157.12712670884758,122.58898417849198,4.888561638956487,3.814006008803793,34,Boisseron,2222
2034,34034,1251.75,1083.5,1420.0,8.77777553331137,7.71595067605541,"0,695287721846711","0,733177526429301",105.33330639973644,92.59140811266492,8.414883674834147,7.396956909340117,34,Boisset,42
2035,34035,3274.294117647057,3522.8,2919.28571428571,12.6249851162927,9.48123270649475,"0,72109875375364","0,770123569481978",151.4998213955124,113.77479247793698,4.626946021097878,3.474788409041787,34,La Boissière,1070
2036,34036,2373.9696969697,1874.71428571429,2741.84210526316,10.417148066472,8.27171790100639,"0,689904646605238","0,71092558196641",125.005776797664,99.26061481207668,5.265685444815494,4.181208165326618,34,Le Bosc,1427
2037,34037,2347.258426966292,2524.71739130435,2157.41860465116,12.0980445877936,8.63932940577886,"0,861690302944303","0,78500777835121",145.1765350535232,103.67195286934631,6.184940413278492,4.416725132534165,34,Boujan-sur-Libron,3576
2038,34038,1479.08928571429,1387.96428571429,1570.21428571429,8.18725126966969,6.25046972774286,"0,68476494192908","0,727621604618717",98.24701523603628,75.00563673291431,6.642399223965056,5.071068897419006,34,Le Bousquet-d'Orb,1611
2039,34039,4120.355555555555,3975.22727272727,4259.17391304348,13.1999466985897,12.776632193712,"0,729664114563809","0,751046011308393",158.3993603830764,153.319586324544,3.84431290570309,3.721028058314536,34,Bouzigues,1643
2040,34040,1710.5,921.0,2500.0,9.65190686474912,8.06033811081431,"0,763059538123258","0,646561016712329",115.82288237698944,96.72405732977172,6.771288066471175,5.654724193497324,34,Brenas,57
2041,34041,2568.5172413793084,2485.375,2670.84615384615,10.8723078678869,9.14678733853916,"0,822508041364488","0,705631594333077",130.46769441464278,109.76144806246992,5.0794945937205735,4.273338963593151,34,Brignac,993
2042,34042,3406.0000000000014,3633.0,3027.66666666667,9.29614863836817,9.48123270649475,"0,807472270112584","0,770123569481978",111.55378366041803,113.77479247793698,3.2752138479277155,3.340422562476129,34,Brissac,607
2043,34043,3564.333333333333,3479.0,3735.0,11.1995727439063,11.3411086794383,"0,783087796520584","0,768906528887506",134.3948729268756,136.0933041532596,3.770547262514045,3.818198002990543,34,Buzignargues,381
2044,34044,1219.625,1132.0,1412.4,8.89839234222261,7.91839837428631,"0,738142299781518","0,610879728826095",106.78070810667133,95.02078049143572,8.75520820798781,7.790983334339302,34,Cabrerolles,348
2045,34045,1815.529411764708,2046.66666666667,1555.5,10.4587675090906,8.06033811081431,"0,771323449546683","0,646561016712329",125.50521010908722,96.72405732977172,6.912871215184294,5.327595174332937,34,Cabrières,576
2046,34046,2373.0000000000023,1549.16666666667,3608.75,8.84165348955526,6.25046972774286,"0,610775945939991","0,727621604618717",106.09984187466311,75.00563673291431,4.471126922657523,3.1607937940545403,34,Cambon-et-Salvergues,51
2047,34047,3048.9,3258.0,2421.6,10.9711529392335,8.51389380693393,"0,748898202168191","0,674581486964145",131.653835270802,102.16672568320718,4.318076528282397,3.3509372456691646,34,Campagnan,731
2048,34049,1280.6428571428555,1289.5,1268.83333333333,7.49392444080918,6.25046972774286,"0,75119921146017","0,727621604618717",89.92709328971016,75.00563673291431,7.022027475352467,5.8568738594500624,34,Camplong,223
2049,34050,3825.578947368424,3872.45454545455,3761.125,13.2658025158554,12.7409654699496,"0,830454958877431","0,841672458139973",159.1896301902648,152.8915856393952,4.161190564365944,3.9965607230395217,34,Candillargues,2119
2050,34051,2838.428571428573,2895.33898305085,2733.5,10.8723078678869,9.75928529024923,"0,822508041364488","0,705631594333077",130.46769441464278,117.11142348299074,4.596476223778242,4.125924628219512,34,Canet,3678
2051,34052,2010.6165413533836,1969.98333333333,2044.01369863014,9.16172835162768,7.82271080381704,"0,709350780395321","0,528721195336146",109.94074021953216,93.87252964580448,5.468011326790787,4.66884299989978,34,Capestang,3476
2052,34055,1245.571428571429,1105.2,1596.5,8.84165348955526,6.25046972774286,"0,610775945939991","0,727621604618717",106.09984187466311,75.00563673291431,8.518165995213232,6.021785263566924,34,Castanet-le-Haut,227
2053,34056,2363.325,2533.75,2107.6875,10.6488635255684,9.62066214154137,"0,814609765952546","0,699861396461513",127.7863623068208,115.44794569849644,5.407058373555089,4.8849796662962754,34,Castelnau-de-Guers,1216
2054,34057,4273.133047210302,4256.9918699187,4291.18181818182,14.687327459978,14.5237718087698,"0,869553315677149","0,866569159947075",176.247929519736,174.2852617052376,4.124559838706608,4.078629422012006,34,Castelnau-le-Lez,25843
2055,34058,4240.711656441715,4046.27083333333,4519.31343283582,12.4218556865545,11.6133608903305,"0,783087796520584","0,847460774472125",149.062268238654,139.360330683966,3.5150295590653,3.2862486764992678,34,Castries,6819
2056,34059,1277.5,1318.625,1195.25,8.65741268472495,8.09220707224395,"0,809535688387216","0,67481295580364",103.8889522166994,97.1064848669274,8.132207609917762,7.601290400542261,34,La Caunette,326
2057,34060,2262.0,1923.16666666667,2600.83333333333,9.90801378135673,9.48123270649475,"0,726186274693844","0,770123569481978",118.89616537628078,113.77479247793698,5.256240732815241,5.029831674533024,34,Causse-de-la-Selle,452
2058,34061,1956.052631578946,2061.58333333333,1775.14285714286,7.98230911859105,7.91839837428631,"0,699153129785841","0,610879728826095",95.7877094230926,95.02078049143572,4.89699039160167,4.857782401015148,34,Causses-et-Veyran,629
2059,34062,1918.0,2087.0,1816.6,8.89839234222261,7.58385287426007,"0,738142299781518","0,700660345874567",106.78070810667133,91.00623449112084,5.567294478971393,4.74485059911996,34,Caussiniojouls,169
2060,34063,2349.5963302752266,2521.73333333333,2138.81632653061,10.8723078678869,8.5959747514452,"0,822508041364488","0,646561016712329",130.46769441464278,103.1516970173424,5.552770607168937,4.3901880373323285,34,Caux,2730
2061,34064,1337.3333333333353,1564.71428571429,1138.375,8.16501001364246,8.27171790100639,"0,753686249994803","0,71092558196641",97.98012016370951,99.26061481207668,7.326529424006185,7.42227927308648,34,Le Caylar,478
2062,34065,1936.789473684209,1979.28571428571,1912.0,8.89839234222261,7.71595067605541,"0,738142299781518","0,733177526429301",106.78070810667133,92.59140811266492,5.513284203447802,4.780664567354099,34,Cazedarnes,653
2063,34066,4755.333333333333,3750.0,6766.0,12.4266051495967,11.555220919024,"0,876053705402225","0,828036699309017",149.1192617951604,138.662651028288,3.13583194578355,2.9159396683363523,34,Cazevieille,231
2064,34067,2829.7575757575764,2470.85,3381.92307692308,9.1025290067935,8.29590171266516,"0,708603922908045","0,697574841623361",109.230348081522,99.55082055198191,3.8600602757386056,3.517998199027009,34,Cazilhac,1626
2065,34068,1930.0476190476163,1776.42857142857,2006.85714285714,10.6133043428382,8.51389380693393,"0,78782111888085","0,674581486964145",127.3596521140584,102.16672568320718,6.598782893082406,5.293482123183128,34,Cazouls-d'Hérault,425
2066,34069,1939.378881987577,1922.67045454545,1959.52054794521,9.24880515869567,9.05761266109685,"0,699153129785841","0,610879728826095",110.98566190434804,108.6913519331622,5.7227426231744944,5.604441346797054,34,Cazouls-lès-Béziers,5280
2067,34070,1697.7916666666642,1347.90909090909,1993.84615384615,8.89839234222261,7.71595067605541,"0,738142299781518","0,733177526429301",106.78070810667133,92.59140811266492,6.289388162466231,5.453637800829414,34,Cébazan,650
2068,34071,1153.9230769230778,1088.88888888889,1300.25,7.49392444080918,6.25046972774286,"0,75119921146017","0,727621604618717",89.92709328971016,75.00563673291431,7.793161874316587,6.50005517984058,34,Ceilhes-et-Rocozels,252
2069,34073,2565.188679245281,2736.06451612903,2324.40909090909,11.1322915268981,9.32315461989326,"0,826269066162341","0,707855730502792",133.5874983227772,111.87785543871914,5.207706528709644,4.361388943585832,34,Cers,2572
2070,34074,2013.7777777777812,2121.45161290323,1932.36585365854,9.0417926953505,7.91839837428631,"0,699153129785841","0,610879728826095",108.501512344206,95.02078049143572,5.387958569288524,4.7185335710821,34,Cessenon-sur-Orb,2441
2071,34075,1554.3888888888844,1469.28571428571,1608.54545454545,8.65741268472495,6.74322315455659,"0,809535688387216","0,52530155015803",103.8889522166994,80.91867785467909,6.683588190788072,5.205819369470774,34,Cesseras,440
2072,34076,2585.48717948718,2309.18181818182,2943.05882352941,10.7366005725933,9.98545333715257,"0,77208620580476","0,722780543029131",128.8392068711196,119.82544004583085,4.983169434886708,4.634540097375292,34,Ceyras,1417
2073,34077,4269.139999999998,4366.65517241379,4134.47619047619,14.6841980000804,13.4590598149603,"0,881695733862244","0,866569159947075",176.2103760009648,161.5087177795236,4.127538005335147,3.783167518036975,34,Clapiers,6108
2074,34078,3329.3548387096757,3113.83333333333,3627.76923076923,12.4266051495967,8.29590171266516,"0,876053705402225","0,697574841623361",149.1192617951604,99.55082055198191,4.478923665972267,2.990093437759365,34,Claret,1736
2075,34079,2472.8127090300973,2384.61538461538,2587.46923076923,10.9648844009331,10.1052482402063,"0,689904646605238","0,71092558196641",131.5786128111972,121.2629788824756,5.32101005186138,4.903848093292846,34,Clermont-l'Hérault,9518
2076,34080,2109.0625000000005,2909.8,1745.09090909091,8.84165348955526,6.25046972774286,"0,610775945939991","0,727621604618717",106.09984187466311,75.00563673291431,5.030663713126713,3.556349645063354,34,Colombières-sur-Orb,503
2077,34081,2730.350649350648,2715.48837209302,2749.14705882353,10.815190841285,9.38113772279647,"0,76973150805414","0,690058752063792",129.78229009542,112.57365267355765,4.753319509576024,4.123047444485958,34,Colombiers,2804
2078,34082,4633.931034482759,4762.55,4348.11111111111,13.1266807434645,12.1938996131245,"0,796895948777735","0,818323220054011",157.520168921574,146.326795357494,3.399277368381389,3.157724926603856,34,Combaillaux,2007
2079,34084,2236.8222222222216,2200.90476190476,2268.25,10.1683288658966,8.97671919530737,"0,76973150805414","0,750870211031667",122.0199463907592,107.72063034368844,5.455057857460649,4.815788634139683,34,Corneilhan,1660
2080,34085,2954.7647058823554,2939.4,2961.16666666667,11.0891873544278,7.84919968402213,"0,861690302944303","0,78500777835121",133.0702482531336,94.19039620826555,4.503581892264277,3.1877460841721508,34,Coulobres,380
2081,34086,1218.7083333333342,1249.92307692308,1181.81818181818,7.40609897076382,7.03283965927177,"0,711297554326664","0,569730000208046",88.87318764916583,84.39407591126124,7.292408299702481,6.924878874047894,34,Courniou,628
2082,34087,3718.762711864408,3740.275,3673.47368421053,13.1713088329094,12.4055052353572,"0,782845225836813","0,745823325498729",158.05570599491278,148.86606282428642,4.25022294352498,4.003107333235903,34,Cournonsec,3628
2083,34088,3488.770186335405,3521.57777777778,3447.18309859155,11.2398516979644,10.9135127669738,"0,821421579855909","0,8011049534456",134.87822037557282,130.9621532036856,3.8660677881236007,3.753820005589073,34,Cournonterral,7085
2084,34089,1975.5555555555536,1991.62962962963,1951.44444444444,9.01291384564091,7.71595067605541,"0,709350780395321","0,733177526429301",108.15496614769091,92.59140811266492,5.474660828623279,4.686854178931299,34,Creissan,1432
2085,34090,4173.745901639345,4160.859375,4187.96551724138,15.0230992015033,13.7602085570126,"0,869553315677149","0,752022048118822",180.2771904180396,165.1225026841512,4.319313984764409,3.9562183845282752,34,Le Crès,9409
2086,34092,1729.8048780487804,1901.6,1461.375,8.33746491866848,7.87474490763974,"0,784183561911099","0,685218035310943",100.04957902402175,94.49693889167688,5.783865006605697,5.462866944754452,34,Cruzy,971
2087,34093,1751.8333333333333,2056.5,1142.5,9.65190686474912,8.06033811081431,"0,763059538123258","0,646561016712329",115.82288237698944,96.72405732977172,6.611524063000063,5.521304766231856,34,Dio-et-Valquières,154
2088,34094,2655.777777777778,2177.7,3253.375,11.0891873544278,7.84919968402213,"0,861690302944303","0,78500777835121",133.0702482531336,94.19039620826555,5.010594235955996,3.546621897223621,34,Espondeilhan,1200
2089,34095,3617.696132596682,3682.23,3538.02469135802,13.2463326530985,11.5941951474378,"0,782845225836813","0,8011049534456",158.955991837182,139.1303417692536,4.393845862424265,3.845827196917992,34,Fabrègues,7282
2090,34096,2308.222222222225,1923.23076923077,2665.71428571429,9.65190686474912,7.91839837428631,"0,763059538123258","0,610879728826095",115.82288237698944,95.02078049143572,5.017839325083776,4.116621856276693,34,Faugères,561
2091,34097,1913.5652173913024,1958.84615384615,1854.7,7.40609897076382,6.74322315455659,"0,711297554326664","0,52530155015803",88.87318764916583,80.91867785467909,4.644377251501446,4.228686700576255,34,Félines-Minervois,513
2092,34098,1084.0909090909092,778.714285714286,1618.5,8.0638896085154,7.03283965927177,"0,718917377583641","0,569730000208046",96.7666753021848,84.39407591126124,8.926066484897548,7.784778490766235,34,Ferrals-les-Montagnes,151
2093,34101,2508.931937172771,2421.83177570093,2619.88095238095,11.120457695399,9.31480381382161,"0,650744862664773","0,699861396461513",133.44549234478802,111.77764576585932,5.3188167589417805,4.455188445319792,34,Florensac,5229
2094,34102,5054.2,7200.0,4517.75,10.8523221126754,10.5907484947331,"0,831619501462669","0,702786169624396",130.2278653521048,127.0889819367972,2.576626673897052,2.514522217893973,34,Fontanès,359
2095,34103,2034.039999999997,1769.47058823529,2596.25,10.8723078678869,8.51389380693393,"0,822508041364488","0,674581486964145",130.46769441464278,102.16672568320718,6.414214785089918,5.022847421054027,34,Fontès,1083
2096,34104,2303.0,1997.0,3221.0,10.4587675090906,7.58385287426007,"0,771323449546683","0,700660345874567",125.50521010908722,91.00623449112084,5.449640039474043,3.9516384928841,34,Fos,132
2097,34105,2321.4444444444443,2857.5,1892.6,9.65190686474912,7.58385287426007,"0,763059538123258","0,700660345874567",115.82288237698944,91.00623449112084,4.989259280107715,3.920241757622589,34,Fouzilhon,254
2098,34106,1983.0,3118.0,848.0,10.417148066472,8.27171790100639,"0,689904646605238","0,71092558196641",125.005776797664,99.26061481207668,6.303871749756127,5.005578154920659,34,Fozières,202
2099,34107,1755.0499999999993,1875.63636363636,1607.66666666667,7.98230911859105,6.25046972774286,"0,699153129785841","0,727621604618717",95.7877094230926,75.00563673291431,5.457833647080861,4.27370369692683,34,Fraisse-sur-Agout,340
2100,34108,3713.180170575691,3637.07794676806,3810.33980582524,12.6029436133028,12.3993951649253,"0,739444315886963","0,751046011308393",151.2353233596336,148.7927419791036,4.072932537937853,4.007151151947329,34,Frontignan,24043
2101,34109,1977.207547169812,2112.5,1771.04761904762,10.4587675090906,7.58385287426007,"0,771323449546683","0,700660345874567",125.50521010908722,91.00623449112084,6.347599182935358,4.602765886736967,34,Gabian,877
2102,34110,2940.6875000000027,2856.91666666667,3192.0,10.8523221126754,10.5907484947331,"0,831619501462669","0,702786169624396",130.2278653521048,127.0889819367972,4.428483657379599,4.321743875770448,34,Galargues,772
2103,34111,1978.1367521367536,2074.54098360656,1873.125,9.44634181787946,8.45073478595243,"0,752551975942215","0,697574841623361",113.35610181455353,101.40881743142916,5.73044819535899,5.126481640962836,34,Ganges,3941
2104,34113,3181.1499999999974,3123.15957446808,3244.53488372093,11.8202035402793,11.3334588207496,"0,831767835334763","0,820177371981947",141.8424424833516,136.0015058489952,4.458841691946362,4.275230839444707,34,Gigean,6638
2105,34114,2796.761904761905,2642.41176470588,3008.37096774194,10.4981615241613,10.9888479208676,"0,748898202168191","0,745823325498729",125.9779382899356,131.8661750504112,4.504421276456867,4.714958925387583,34,Gignac,6825
2106,34115,1114.7777777777778,1018.5,1191.8,9.29614863836817,8.29590171266516,"0,807472270112584","0,697574841623361",111.55378366041803,99.55082055198191,10.006818029938824,8.93010450481249,34,Gorniès,107
2107,34116,3436.688741721853,3469.9209039548,3389.632,13.6754462289431,12.6343246131845,"0,894180638484158","0,823588472111948",164.1053547473172,151.611895358214,4.775100891595349,4.4115690058755,34,Grabels,9156
2108,34117,965.7272727272727,923.291666666667,1016.65,7.5383844550065,6.25046972774286,"0,68476494192908","0,727621604618717",90.460613460078,75.00563673291431,9.367097317714938,7.766751426734983,34,Graissessac,577
2109,34119,1768.5925925925944,1658.375,1856.76666666667,8.54508811380098,7.91839837428631,"0,763059538123258","0,610879728826095",102.54105736561178,95.02078049143572,5.797890243071526,5.372677737620961,34,Hérépian,1584
2110,34120,4011.175438596489,3948.02857142857,4111.63636363636,14.5495832174307,14.1946899114747,"0,886937262235771","0,866569159947075",174.5949986091684,170.33627893769642,4.352714092960721,4.246542729063406,34,Jacou,7074
2111,34121,1979.166666666665,1680.33333333333,2278.0,7.49392444080918,6.25046972774286,"0,75119921146017","0,727621604618717",89.92709328971016,75.00563673291431,4.54368471358536,3.789758487557779,34,Joncels,276
2112,34122,2560.909090909091,2472.0,2716.5,10.7366005725933,9.98545333715257,"0,77208620580476","0,722780543029131",128.8392068711196,119.82544004583085,5.030994943494197,4.679019668101311,34,Jonquières,594
2113,34123,3504.3403141361277,3449.47474747475,3563.38043478261,13.8774075001019,12.6849778789474,"0,874340001878733","0,823588472111948",166.5288900012228,152.2197345473688,4.752075285880865,4.3437486346098,34,Juvignac,13893
2114,34124,2217.181818181818,2105.6,3333.0,10.7366005725933,9.98545333715257,"0,77208620580476","0,722780543029131",128.8392068711196,119.82544004583085,5.810944588061485,5.404402970618473,34,Lacoste,321
2115,34126,2155.5149700598795,2126.28571428571,2197.02898550725,9.96482640589892,6.25046972774286,"0,610775945939991","0,727621604618717",119.57791687078704,75.00563673291431,5.547533583933551,3.479708458291555,34,Lamalou-les-Bains,2444
2116,34127,3400.146341463413,3260.95833333333,3596.64705882353,12.0458034263171,10.6841750245722,"0,816132215061471","0,814147014398873",144.5496411158052,128.2101002948664,4.251277051022206,3.7707230048129374,34,Lansargues,3173
2117,34128,2226.8867924528304,2267.13333333333,2174.39130434783,8.60407868061212,8.29590171266516,"0,708603922908045","0,697574841623361",103.24894416734546,99.55082055198191,4.63647027398374,4.470403295280695,34,Laroque,1709
2118,34129,4680.410989010989,4566.928,4818.80487804878,15.7211069318658,14.7114018444824,"0,859274171661963","0,81867215222844",188.6532831823896,176.5368221337888,4.030699090855986,3.77182308451704,34,Lattes,17789
2119,34130,2521.7,2488.8,2554.6,9.65190686474912,7.58385287426007,"0,763059538123258","0,700660345874567",115.82288237698944,91.00623449112084,4.593047641550916,3.608923920019068,34,Laurens,1817
2120,34131,3791.9411764705887,3808.875,3776.88888888889,12.4266051495967,11.555220919024,"0,876053705402225","0,828036699309017",149.1192617951604,138.662651028288,3.932530987570741,3.6567722065074473,34,Lauret,642
2121,34132,2108.5714285714303,1987.75,2269.66666666667,7.48541022827967,8.27171790100639,"0,782173824594697","0,71092558196641",89.82492273935604,99.26061481207668,4.259989560809565,4.707481732280056,34,Lauroux,213
2122,34134,3589.2957746478864,3568.88636363636,3622.55555555556,13.0148437698925,11.0841213590723,"0,874340001878733","0,8011049534456",156.17812523871,133.0094563088676,4.351219153958724,3.705725709437138,34,Lavérune,3355
2123,34135,1925.7734374999984,1904.79746835443,1959.59183673469,9.52999538226112,7.99834546689204,"0,709350780395321","0,528721195336146",114.35994458713344,95.98014560270448,5.938390381767509,4.983979098148953,34,Lespignan,3404
2124,34136,2234.5,2077.75,2508.8125,10.6133043428382,9.0886495831345,"0,78782111888085","0,664025651325965",127.3596521140584,109.063794997614,5.699693538333337,4.880903781499844,34,Lézignan-la-Cèbe,1599
2125,34137,4259.6,3574.5,7000.0,10.417148066472,9.14678733853916,"0,689904646605238","0,705631594333077",125.005776797664,109.76144806246992,2.934683463181144,2.5768017668905507,34,Liausson,159
2126,34138,2241.9,2276.0,2190.75,10.8723078678869,8.51389380693393,"0,822508041364488","0,674581486964145",130.46769441464278,102.16672568320718,5.8195144482199375,4.557149100459752,34,Lieuran-Cabrières,346
2127,34139,2341.295454545453,2297.03333333333,2436.14285714286,11.0891873544278,8.97671919530737,"0,861690302944303","0,750870211031667",133.0702482531336,107.72063034368844,5.683616221728338,4.600898623646868,34,Lieuran-lès-Béziers,1525
2128,34140,2504.8,2388.8431372549,2678.73529411765,10.1683288658966,9.73642614911149,"0,76973150805414","0,750870211031667",122.0199463907592,116.83711378933788,4.871444681841233,4.664528656552933,34,Lignan-sur-Orb,3274
2129,34141,1436.959999999999,1305.125,1671.33333333333,7.40609897076382,6.74322315455659,"0,711297554326664","0,52530155015803",88.87318764916583,80.91867785467909,6.184805954874589,5.631240803827466,34,La Livinière,531
2130,34142,1719.2207792207762,1715.55752212389,1722.72881355932,8.45041064568271,8.27171790100639,"0,753686249994803","0,71092558196641",101.40492774819252,99.26061481207668,5.898307475910892,5.773581613937088,34,Lodève,7434
2131,34143,3598.534883720929,3473.05769230769,3790.44117647059,11.4836915453561,11.1657053016905,"0,782515760168002","0,78650098838578",137.8042985442732,133.98846362028598,3.829455681190503,3.7234171114034127,34,Loupian,2219
2132,34144,1259.360000000004,1096.71428571429,1466.36363636364,7.49392444080918,8.06033811081431,"0,75119921146017","0,646561016712329",89.92709328971016,96.72405732977172,7.140697917172998,7.680413648978165,34,Lunas,684
2133,34145,2757.9140722291418,2737.55180722892,2779.69329896907,12.0565584439633,10.8451334272702,"0,808405194310595","0,706965746354879",144.67870132755962,130.1416011272424,5.245946666156282,4.71884176659836,34,Lunel,26676
2134,34146,3238.4835164835163,3227.42857142857,3256.17142857143,13.1686745421729,10.7751441498809,"0,749621287818877","0,706965746354879",158.0240945060748,129.3017297985708,4.8795707528462,3.9926628973233775,34,Lunel-Viel,4526
2135,34147,2177.4848484848494,2038.32894736842,2366.33928571429,10.1065757488646,8.57825274997487,"0,763059538123258","0,700660345874567",121.2789089863752,102.93903299969844,5.569678662552542,4.727428210181398,34,Magalas,3600
2136,34148,2217.0067567567567,2215.0,2219.95,9.68557523420265,9.44612653411203,"0,738142299781518","0,733177526429301",116.2269028104318,113.35351840934436,5.242514595691143,5.112908116489839,34,Maraussan,4771
2137,34149,2075.6551724137908,2173.83333333333,1915.0,10.4587675090906,9.2068935065381,"0,771323449546683","0,721215607769468",125.50521010908722,110.4827220784572,6.046534693098205,5.3227878862930895,34,Margon,778
2138,34150,3931.615844544096,3848.39058171745,4029.16233766234,11.764545766729,10.7594272629125,"0,814609765952546","0,699861396461513",141.174549200748,129.11312715495,3.59075135473004,3.283971076017519,34,Marseillan,8126
2139,34151,2929.849462365589,2861.18,3009.6976744186,12.3019329451529,10.3498771027304,"0,809079176437744","0,814147014398873",147.62319534183482,124.1985252327648,5.038593185011028,4.239075311824577,34,Marsillargues,6854
2140,34152,3066.0000000000014,3531.8,2289.66666666667,12.4266051495967,9.48123270649475,"0,876053705402225","0,770123569481978",149.1192617951604,113.77479247793698,4.863641937219842,3.71085428825626,34,Mas-de-Londres,683
2141,34153,3911.499999999996,3693.94444444444,4237.83333333333,13.5696730263585,11.555220919024,"0,876053705402225","0,828036699309017",162.83607631630198,138.662651028288,4.163008470313234,3.54499938714785,34,Les Matelles,2120
2142,34154,4763.978723404255,4576.79318181818,4993.39832869081,14.1237244515646,13.5836551453766,"0,830454958877431","0,841672458139973",169.4846934187752,163.0038617445192,3.557629100779536,3.421590884604949,34,Mauguio,16601
2143,34155,2468.202898550723,2465.7027027027,2471.09375,8.89839234222261,9.14419510899507,"0,738142299781518","0,733177526429301",106.78070810667133,109.73034130794083,4.326253249656692,4.445758546526795,34,Maureilhan,2515
2144,34157,3541.179906542055,3434.18565400844,3673.94240837696,12.804745845338,12.0475998242599,"0,751137374783537","0,78650098838578",153.656950144056,144.5711978911188,4.3391455446865805,4.0825713944675535,34,Mèze,12880
2145,34159,3666.944444444447,3361.71794871795,4027.66666666667,12.4976423999421,11.1940940842362,"0,785073567550703","0,8011049534456",149.9717087993052,134.3291290108344,4.089827677278223,3.66324418179686,34,Mireval,3331
2146,34160,1861.235294117649,1698.69230769231,2389.5,8.84165348955526,6.25046972774286,"0,610775945939991","0,727621604618717",106.09984187466311,75.00563673291431,5.7005066586684086,4.029884720645814,34,Mons,688
2147,34161,2486.447619047617,2509.33962264151,2463.11538461538,8.89839234222261,9.61718766056803,"0,738142299781518","0,690058752063792",106.78070810667133,115.40625192681637,4.294508651164406,4.641410944784767,34,Montady,4089
2148,34162,2404.050314465407,2505.02325581395,2285.09589041096,10.5871006954763,8.3530651707214,"0,751137374783537","0,664025651325965",127.0452083457156,100.2367820486568,5.284631839078911,4.169496014518591,34,Montagnac,4523
2149,34163,3393.175675675678,3457.0,3335.89743589744,12.5520774902367,11.3172445582129,"0,894180638484158","0,770123569481978",150.6249298828404,135.8069346985548,4.43905486422676,4.00235495238577,34,Montarnaud,4248
2150,34164,3969.083333333338,4122.55555555556,3508.66666666667,10.8523221126754,11.3411086794383,"0,831619501462669","0,768906528887506",130.2278653521048,136.0933041532596,3.281056466071628,3.428834638222749,34,Montaud,1035
2151,34165,2991.282051282055,2995.85416666667,2983.96666666667,11.1413400873248,10.8756122707959,"0,831767835334763","0,745823325498729",133.6960810478976,130.5073472495508,4.469524396423795,4.362923489398659,34,Montbazin,2947
2152,34166,2461.525,2543.63636363636,2361.16666666667,10.9177273748177,9.04102444052912,"0,826269066162341","0,707855730502792",131.0127284978124,108.49229328634942,5.322421202214579,4.407523518402187,34,Montblanc,2942
2153,34167,2436.125,2105.0,2546.5,9.01291384564091,7.93026261820316,"0,709350780395321","0,528721195336146",108.15496614769091,95.16315141843792,4.439631223672468,3.9063328613448784,34,Montels,247
2154,34168,3935.600000000001,5578.66666666667,1471.0,9.65190686474912,7.58385287426007,"0,763059538123258","0,700660345874567",115.82288237698944,91.00623449112084,2.942953612587392,2.3123852650452483,34,Montesquieu,76
2155,34169,5206.956043956041,4879.16326530612,5589.38095238095,14.6147021589057,12.7226933888541,"0,881695733862244","0,777313350530951",175.3764259068684,152.67232066624922,3.3681180410661637,2.9320839157738456,34,Montferrier-sur-Lez,4284
2156,34170,1634.5294117647077,1579.71428571429,1672.9,8.33746491866848,7.87474490763974,"0,784183561911099","0,685218035310943",100.04957902402175,94.49693889167688,6.121002063585015,5.781293270804711,34,Montouliers,236
2157,34172,3533.8523652578497,3505.59926470588,3568.90486533449,14.3303420018149,13.0507715533852,"0,84568760536111","0,777313350530951",171.9641040217788,156.6092586406224,4.866193780826816,4.431686512438538,34,Montpellier,310611
2158,34173,3258.33333333333,2904.33333333333,3612.33333333333,10.9711529392335,9.98545333715257,"0,748898202168191","0,722780543029131",131.653835270802,119.82544004583085,4.040526913681908,3.6775071113810016,34,Montpeyroux,1450
2159,34174,2345.9374999999977,2135.44444444444,2616.57142857143,9.1025290067935,8.29590171266516,"0,708603922908045","0,697574841623361",109.230348081522,99.55082055198191,4.65614911230679,4.243541038581889,34,Moulès-et-Baucels,880
2160,34175,2817.0000000000023,3446.66666666667,1872.5,10.8723078678869,9.14678733853916,"0,822508041364488","0,705631594333077",130.46769441464278,109.76144806246992,4.63144105128302,3.896395032391545,34,Mourèze,197
2161,34176,4026.419354838712,3983.54285714286,4082.0,13.0082053691505,12.148784740127,"0,830454958877431","0,841672458139973",156.098464429806,145.785416881524,3.876855604774901,3.62072114287668,34,Mudaison,2988
2162,34177,2789.6666666666665,3089.6,1290.0,13.1266807434645,11.7930840847469,"0,796895948777735","0,818323220054011",157.520168921574,141.5170090169628,5.646558809472124,5.072900311278389,34,Murles,364
2163,34178,1968.3461538461545,2076.2641509434,1856.19607843137,9.85518413689753,8.63525977963759,"0,738142299781518","0,750870211031667",118.26220964277036,103.62311735565108,6.008201830337902,5.264476329692884,34,Murviel-lès-Béziers,3100
2164,34179,3791.463414634145,3779.5652173913,3806.66666666667,12.6249851162927,11.1940940842362,"0,72109875375364","0,8011049534456",151.4998213955124,134.3291290108344,3.995813880486337,3.542936178478104,34,Murviel-lès-Montpellier,2035
2165,34180,2260.81818181818,2524.08333333333,1944.9,10.8723078678869,9.14678733853916,"0,822508041364488","0,705631594333077",130.46769441464278,109.76144806246992,5.770817638670923,4.854943619313886,34,Nébian,1604
2166,34181,2427.7499999999977,2493.44444444444,2356.8,10.8723078678869,8.06033811081431,"0,822508041364488","0,646561016712329",130.46769441464278,96.72405732977172,5.374016863953986,3.9841028660188167,34,Neffiès,1041
2167,34182,2771.1052631578978,2911.46666666667,2615.14814814815,10.4026900191652,9.2068935065381,"0,781399272055317","0,721215607769468",124.83228022998242,110.4827220784572,4.50478305135641,3.986955080607556,34,Nézignan-l'Évêque,1764
2168,34183,2064.908450704228,2151.31168831169,1962.55384615385,9.59290655828969,8.05692237893778,"0,709350780395321","0,528721195336146",115.11487869947626,96.68306854725336,5.574817549912048,4.682196371189242,34,Nissan-lez-Enserune,4152
2169,34184,1929.240000000001,2111.42857142857,1697.36363636364,10.5116961243125,8.51389380693393,"0,786473089821938","0,674581486964145",126.14035349175,102.16672568320718,6.538344295771908,5.295698082312575,34,Nizas,675
2170,34185,3052.2500000000014,2724.66666666667,3248.8,9.1025290067935,9.48123270649475,"0,708603922908045","0,770123569481978",109.230348081522,113.77479247793698,3.578682875961076,3.7275712172311226,34,Notre-Dame-de-Londres,536
2171,34186,1535.18181818182,1777.66666666667,1244.2,9.65190686474912,9.14678733853916,"0,763059538123258","0,705631594333077",115.82288237698944,109.76144806246992,7.544571008153504,7.149736061391411,34,Octon,533
2172,34187,1273.1739130434803,1430.86666666667,977.5,7.98230911859105,7.91839837428631,"0,699153129785841","0,610879728826095",95.7877094230926,95.02078049143572,7.523536921528279,7.463299359024067,34,Olargues,501
2173,34188,2318.333333333333,2422.0,2111.0,9.65190686474912,8.06033811081431,"0,763059538123258","0,646561016712329",115.82288237698944,96.72405732977172,4.995954667591205,4.172137627452411,34,Olmet-et-Villecun,168
2174,34189,1653.9726027397253,1555.25641025641,1767.20588235294,8.40426175266835,6.74322315455659,"0,809535688387216","0,52530155015803",100.8511410320202,80.91867785467909,6.097509769204471,4.892383206386928,34,Olonzac,1704
2175,34190,1314.4,1495.0,893.0,8.65741268472495,8.09220707224395,"0,809535688387216","0,67481295580364",103.8889522166994,97.1064848669274,7.903906894149376,7.387894466443044,34,Oupia,282
2176,34191,2539.8823529411743,2699.07692307692,2022.5,10.1683288658966,8.97671919530737,"0,76973150805414","0,750870211031667",122.0199463907592,107.72063034368844,4.804157414986586,4.241166139799678,34,Pailhès,621
2177,34192,5460.007380073802,5393.41641337386,5562.86384976526,15.4129101343296,11.3334588207496,"0,826142462535928","0,820177371981947",184.9549216119552,136.0015058489952,3.387448198091176,2.490866703684875,34,Palavas-les-Flots,6051
2178,34193,1515.5333333333338,1295.66666666667,1845.33333333333,7.40609897076382,7.71595067605541,"0,711297554326664","0,733177526429301",88.87318764916583,92.59140811266492,5.86415261838511,6.109493343113418,34,Pardailhan,176
2179,34194,2372.7810218978084,2353.98630136986,2394.21875,10.8266130751887,8.85401453252659,"0,78782111888085","0,674581486964145",129.91935690226438,106.24817439031906,5.475404417991834,4.477790972271819,34,Paulhan,4074
2180,34195,2186.333333333333,2162.0,2198.5,9.90801378135673,9.48123270649475,"0,726186274693844","0,770123569481978",118.89616537628078,113.77479247793698,5.438153622943166,5.2039087884404776,34,Pégairolles-de-Buèges,57
2181,34196,1090.8750000000014,1085.6,1099.66666666667,8.16501001364246,7.83158605567155,"0,753686249994803","0,597960350660021",97.98012016370951,93.9790326680586,8.981791695997195,8.615013880422456,34,Pégairolles-de-l'Escalette,156
2182,34197,2293.7272727272743,2435.0,2076.38461538462,10.4587675090906,8.51389380693393,"0,771323449546683","0,674581486964145",125.50521010908722,102.16672568320718,5.471671004716256,4.454179313207079,34,Péret,1148
2183,34198,4625.75,4527.96,4754.42105263158,15.0133625763338,14.6656708864766,"0,865473529424543","0,81867215222844",180.1603509160056,175.9880506377192,3.8947273613145024,3.804530089990146,34,Pérols,9674
2184,34199,2496.749999999998,2534.05769230769,2451.28125,10.9415499895767,9.02596924582697,"0,786473089821938","0,646561016712329",131.2985998749204,108.31163094992364,5.258780409529207,4.338104774203412,34,Pézenas,8038
2185,34200,1974.7777777777776,2093.2,1826.75,9.65190686474912,7.58385287426007,"0,763059538123258","0,700660345874567",115.82288237698944,91.00623449112084,5.865109668558516,4.608429136443411,34,Pézènes-les-Mines,244
2186,34201,1546.4166666666667,1570.125,1499.0,8.89839234222261,7.71595067605541,"0,738142299781518","0,733177526429301",106.78070810667133,92.59140811266492,6.905041209678589,5.987481259643149,34,Pierrerue,299
2187,34202,3634.141361256547,3635.75454545455,3631.95061728395,12.1504056515715,11.7378866240931,"0,821421579855909","0,823588472111948",145.804867818858,140.8546394891172,4.012085753550441,3.875871230292898,34,Pignan,8420
2188,34203,2667.22916666667,2534.87096774194,2908.58823529412,11.6009445028842,9.62066214154137,"0,650744862664773","0,699861396461513",139.2113340346104,115.44794569849644,5.219324075125786,4.328384944994276,34,Pinet,2038
2189,34204,2839.0000000000005,2836.71875,2842.17391304348,10.6133043428382,9.0886495831345,"0,78782111888085","0,664025651325965",127.3596521140584,109.063794997614,4.486074396409243,3.841627157365762,34,Plaissan,1635
2190,34206,2074.523809523811,1828.69230769231,2474.0,9.01291384564091,7.93026261820316,"0,709350780395321","0,528721195336146",108.15496614769091,95.16315141843792,5.213483964424441,4.587228692269471,34,Poilhes,545
2191,34207,2591.2647058823545,2490.19047619048,2754.53846153846,10.6488635255684,8.90930292264721,"0,814609765952546","0,664025651325965",127.7863623068208,106.91163507176653,4.931428349127617,4.125847692405547,34,Pomérols,2300
2192,34208,2633.7777777777765,2837.33333333333,2226.66666666667,10.9393505323871,10.8756122707959,"0,821421579855909","0,745823325498729",131.2722063886452,130.5073472495508,4.9841792840778245,4.955138901645114,34,Popian,377
2193,34209,3497.503333333334,3422.95294117647,3594.99230769231,11.2304548871806,10.0521967312519,"0,766362358251211","0,707855730502792",134.7654586461672,120.6263607750228,3.853190284674511,3.448927685797472,34,Portiragnes,3449
2194,34210,2577.774647887328,2441.46341463415,2764.06666666667,10.9711529392335,9.14678733853916,"0,748898202168191","0,705631594333077",131.653835270802,109.76144806246992,5.107267052172379,4.257992379296125,34,Le Pouget,2153
2195,34211,1728.7333333333358,1940.58823529412,1451.69230769231,8.84165348955526,6.25046972774286,"0,610775945939991","0,727621604618717",106.09984187466311,75.00563673291431,6.137432525239845,4.338762681708045,34,Le Poujol-sur-Orb,974
2196,34212,2249.6,2021.0,2592.5,8.16501001364246,7.83158605567155,"0,753686249994803","0,597960350660021",97.98012016370951,93.9790326680586,4.355446308841995,4.177588578772164,34,Poujols,188
2197,34213,3326.160220994477,3351.9,3286.28169014085,11.7577926670821,10.8484281178339,"0,729664114563809","0,820177371981947",141.0935120049852,130.1811374140068,4.241933720282426,3.913856482087456,34,Poussan,6628
2198,34214,2013.4444444444464,1993.41666666667,2053.5,10.4587675090906,7.58385287426007,"0,771323449546683","0,700660345874567",125.50521010908722,91.00623449112084,6.233358484530566,4.519927765686698,34,Pouzolles,1233
2199,34215,2204.882352941175,2391.25,2039.22222222222,10.9711529392335,10.8756122707959,"0,748898202168191","0,745823325498729",131.653835270802,130.5073472495508,5.971014058649616,5.919016362730744,34,Pouzols,968
2200,34216,2351.8571428571427,2685.5,2218.4,9.65190686474912,8.06033811081431,"0,763059538123258","0,646561016712329",115.82288237698944,96.72405732977172,4.92474139973836,4.11266720104721,34,Le Pradal,331
2201,34217,4099.186666666665,4046.88636363636,4173.41935483871,13.7874365979639,13.1177648001299,"0,820919197687099","0,828036699309017",165.4492391755668,157.4131776015588,4.036147963715572,3.8401075725971374,34,Prades-le-Lez,6313
2202,34218,2147.083333333332,2089.85714285714,2227.2,7.98230911859105,7.91839837428631,"0,699153129785841","0,610879728826095",95.7877094230926,95.02078049143572,4.4612944423718695,4.425574872490702,34,Prades-sur-Vernazobre,376
2203,34219,1449.4444444444478,1442.86666666667,1457.66666666667,7.40609897076382,7.03283965927177,"0,711297554326664","0,569730000208046",88.87318764916583,84.39407591126124,6.131534602088851,5.822511944816784,34,Prémian,491
2204,34220,2732.5,2192.0,3273.0,9.65190686474912,8.06033811081431,"0,763059538123258","0,646561016712329",115.82288237698944,96.72405732977172,4.23871481709019,3.539764220668682,34,Le Puech,268
2205,34221,2323.2727272727275,2294.0,2340.0,9.90801378135673,7.83158605567155,"0,726186274693844","0,597960350660021",118.89616537628078,93.9790326680586,5.117615507665865,4.045114099814699,34,Puéchabon,517
2206,34222,3459.181818181818,2943.5,4078.0,10.9711529392335,9.0886495831345,"0,748898202168191","0,664025651325965",131.653835270802,109.063794997614,3.805924122832047,3.152878360552296,34,Puilacher,658
2207,34223,1957.2608695652173,1879.74074074074,2067.42105263158,11.0891873544278,7.84919968402213,"0,861690302944303","0,78500777835121",133.0702482531336,94.19039620826555,6.798799808565814,4.812357804363035,34,Puimisson,1239
2208,34224,2596.6229508196748,2484.30555555556,2758.36,11.0891873544278,7.84919968402213,"0,861690302944303","0,78500777835121",133.0702482531336,94.19039620826555,5.124742820713626,3.6274190743994046,34,Puissalicon,1386
2209,34225,1899.945454545455,1871.18867924528,1926.68421052632,9.10599481830597,8.39100008962986,"0,738142299781518","0,733177526429301",109.27193781967163,100.69200107555832,5.75131973174535,5.299731149368601,34,Puisserguier,3086
2210,34226,1647.8032786885271,1592.03703703704,1692.08823529412,9.01291384564091,7.87474490763974,"0,709350780395321","0,685218035310943",108.15496614769091,94.49693889167688,6.563584837248931,5.73472210632365,34,Quarante,1815
2211,34227,3735.4561403508783,3617.22222222222,3841.86666666667,13.1308597872502,10.215748681541,"0,697560634424143","0,755608424552208",157.5703174470024,122.58898417849198,4.218234976577761,3.2817674621921,34,Restinclières,2611
2212,34228,1216.0,1011.0,1421.0,8.77777553331137,7.71595067605541,"0,695287721846711","0,733177526429301",105.33330639973644,92.59140811266492,8.662278486820432,7.614425009265207,34,Rieussec,87
2213,34229,1627.2121212121226,1323.5,1991.66666666667,8.77777553331137,7.03283965927177,"0,695287721846711","0,569730000208046",105.33330639973644,84.39407591126124,6.473237571587955,5.186421291429138,34,Riols,738
2214,34230,1548.0,1496.5,1568.6,7.48541022827967,8.27171790100639,"0,782173824594697","0,71092558196641",89.82492273935604,99.26061481207668,5.802643587813698,6.412184419384798,34,Les Rives,156
2215,34232,2107.7307692307686,2167.0,2076.35294117647,7.98230911859105,7.91839837428631,"0,699153129785841","0,610879728826095",95.7877094230926,95.02078049143572,4.544589414427489,4.508202939321051,34,Roquebrun,619
2216,34233,1264.2,1417.5,1162.0,7.49392444080918,8.27171790100639,"0,75119921146017","0,71092558196641",89.92709328971016,99.26061481207668,7.11335969701868,7.851654391083426,34,Roqueredonde,214
2217,34234,2367.22222222222,2332.0,2384.83333333333,10.4587675090906,7.91839837428631,"0,771323449546683","0,610879728826095",125.50521010908722,95.02078049143572,5.301792494634058,4.014020297690318,34,Roquessels,114
2218,34235,1882.4375000000005,2180.2,1747.09090909091,7.5383844550065,7.91839837428631,"0,68476494192908","0,610879728826095",90.460613460078,95.02078049143572,4.805504217806859,5.047752209113752,34,Rosis,277
2219,34237,2182.853448275864,2295.15625,2044.63461538462,10.0371641328627,8.70209940049405,"0,771323449546683","0,700660345874567",120.4459695943524,104.42519280592862,5.517822082352214,4.783884730713796,34,Roujan,2340
2220,34239,2730.2606060606035,2694.37078651685,2772.28947368421,11.3561781960839,10.332929756953,"0,77208620580476","0,722780543029131",136.27413835300678,123.995157083436,4.991250214375393,4.541513612590419,34,Saint-André-de-Sangonis,6476
2221,34240,4475.450549450547,4421.14583333333,4536.06976744186,14.2487455688464,12.6057174304313,"0,869553315677149","0,752022048118822",170.9849468261568,151.2686091651756,3.8205080122525024,3.379963815793851,34,Saint-Aunès,4375
2222,34241,2705.8333333333326,2682.92857142857,2737.9,10.9393505323871,10.8756122707959,"0,821421579855909","0,745823325498729",131.2722063886452,130.5073472495508,4.851452037769458,4.823184992283985,34,Saint-Bauzille-de-la-Sylve,952
2223,34242,3923.894736842108,4115.66666666667,3204.75,10.8523221126754,10.5907484947331,"0,831619501462669","0,702786169624396",130.2278653521048,127.0889819367972,3.318841969163277,3.238847891191815,34,Saint-Bauzille-de-Montmel,1234
2224,34243,2275.2444444444427,2205.92857142857,2389.41176470588,9.41451646096201,8.29590171266516,"0,708603922908045","0,697574841623361",112.97419753154412,99.55082055198191,4.965365273493925,4.375390116655782,34,Saint-Bauzille-de-Putois,1867
2225,34244,3844.212765957446,3794.54901960784,3903.11627906977,12.7901857577593,11.3411086794383,"0,816132215061471","0,768906528887506",153.48222909311158,136.0933041532596,3.992552921427205,3.54021258548534,34,Saint-Brès,3508
2226,34245,1673.0657894736826,1710.39583333333,1609.07142857143,8.78388605890615,7.87474490763974,"0,711297554326664","0,685218035310943",105.4066327068738,94.49693889167688,6.300208477757046,5.648130485137943,34,Saint-Chinian,1802
2227,34246,2912.268292682928,2491.72222222222,3241.39130434783,13.088400110701,10.215748681541,"0,697560634424143","0,755608424552208",157.060801328412,122.58898417849198,5.393074591480021,4.209398718054128,34,Entre-Vignes,2223
2228,34247,4568.084210526319,4651.45098039216,4471.45454545455,14.4591838341457,13.1318826734697,"0,876053705402225","0,777313350530951",173.5102060097484,157.5825920816364,3.7983145234040494,3.4496428878985195,34,Saint-Clément-de-Rivière,5334
2229,34248,3082.4,3564.6,2600.2,10.8523221126754,10.5907484947331,"0,831619501462669","0,702786169624396",130.2278653521048,127.0889819367972,4.22488532805946,4.123052878821607,34,Sainte-Croix-de-Quintillargues,989
2230,34249,4002.3809523809537,4051.275,3917.34782608696,11.1995727439063,11.3411086794383,"0,783087796520584","0,768906528887506",134.3948729268756,136.0933041532596,3.357873089190228,3.400308610610887,34,Saint-Drézéry,3019
2231,34250,1583.3076923076924,1703.85714285714,1442.66666666667,7.40609897076382,7.91839837428631,"0,711297554326664","0,610879728826095",88.87318764916583,95.02078049143572,5.613134331434464,6.001409640910771,34,Saint-Étienne-d'Albagnan,307
2232,34251,2129.0,2582.2,1675.8,10.417148066472,7.83158605567155,"0,689904646605238","0,597960350660021",125.005776797664,93.9790326680586,5.8715724188663225,4.414233568250756,34,Saint-Étienne-de-Gourgas,530
2233,34252,1252.6666666666652,1328.81818181818,1043.25,7.49392444080918,7.91839837428631,"0,75119921146017","0,610879728826095",89.92709328971016,95.02078049143572,7.178852577677775,7.58548008180701,34,Saint-Étienne-Estréchoux,260
2234,34254,2525.9722222222235,2243.79166666667,3090.33333333333,10.7366005725933,9.98545333715257,"0,77208620580476","0,722780543029131",128.8392068711196,119.82544004583085,5.1005789271021085,4.743735461208455,34,Saint-Félix-de-Lodez,1174
2235,34255,4349.869230769233,4352.91836734694,4345.90265486726,14.1239149292923,12.7692973481112,"0,796895948777735","0,818323220054011",169.4869791515076,153.2315681773344,3.896369526527937,3.5226706838319566,34,Saint-Gély-du-Fesc,10805
2236,34256,4126.04347826087,4678.47619047619,3662.0,13.088400110701,11.3411086794383,"0,697560634424143","0,768906528887506",157.060801328412,136.0933041532596,3.80657165044255,3.298397238669501,34,Saint-Geniès-des-Mourgues,2147
2237,34257,1829.8333333333333,1372.5,2058.5,7.5383844550065,6.25046972774286,"0,68476494192908","0,727621604618717",90.460613460078,75.00563673291431,4.943653162951708,4.099041992872628,34,Saint-Geniès-de-Varensal,218
2238,34258,2225.1612903225828,2331.39393939394,2104.27586206897,11.0891873544278,7.58385287426007,"0,861690302944303","0,700660345874567",133.0702482531336,91.00623449112084,5.980251806099068,4.089871367388726,34,Saint-Geniès-de-Fontedit,1728
2239,34259,3189.8984374999955,3312.55405405405,3021.81481481481,12.8510324111367,11.4990721034096,"0,72109875375364","0,8011049534456",154.2123889336404,137.9888652409152,4.834398083673804,4.325807480850726,34,Saint-Georges-d'Orques,5780
2240,34260,994.4545454545467,1081.18181818182,821.0,8.84165348955526,6.25046972774286,"0,610775945939991","0,727621604618717",106.09984187466311,75.00563673291431,10.66914947089581,7.542389652272203,34,Saint-Gervais-sur-Mare,852
2241,34261,2577.33333333333,2386.83333333333,2958.33333333333,10.417148066472,7.83158605567155,"0,689904646605238","0,597960350660021",125.005776797664,93.9790326680586,4.850198272025253,3.646367020229904,34,Saint-Guilhem-le-Désert,249
2242,34262,2018.125,2608.5,1427.75,10.7366005725933,9.98545333715257,"0,77208620580476","0,722780543029131",128.8392068711196,119.82544004583085,6.384104397454052,5.937463737173408,34,Saint-Guiraud,274
2243,34265,3709.82352941176,3520.54545454545,4056.83333333333,11.1995727439063,11.3411086794383,"0,783087796520584","0,768906528887506",134.3948729268756,136.0933041532596,3.6226756302930014,3.668457625391117,34,Saint-Jean-de-Cornies,855
2244,34266,4597.714285714284,4261.0,4653.83333333333,12.4266051495967,11.1066541752341,"0,876053705402225","0,847460774472125",149.1192617951604,133.2798501028092,3.243334677374234,2.898828457369081,34,Saint-Jean-de-Cuculles,539
2245,34267,2603.521739130438,2600.46428571429,2608.27777777778,9.90801378135673,9.98545333715257,"0,726186274693844","0,722780543029131",118.89616537628078,119.82544004583085,4.566743714457765,4.602436701214251,34,Saint-Jean-de-Fos,1775
2246,34268,2173.4545454545478,2067.15384615385,2327.0,10.7366005725933,9.98545333715257,"0,77208620580476","0,722780543029131",128.8392068711196,119.82544004583085,5.927853754317861,5.513133011979831,34,Saint-Jean-de-la-Blaquière,714
2247,34269,1412.2,1583.5,1298.0,7.40609897076382,8.09220707224395,"0,711297554326664","0,67481295580364",88.87318764916583,97.1064848669274,6.293243708339175,6.87625583252566,34,Saint-Jean-de-Minervois,135
2248,34270,4184.706484641637,4180.09580838323,4190.81746031746,14.8215453588245,13.2331318645322,"0,905420725808643","0,823588472111948",177.858544305894,158.79758237438642,4.250203567649384,3.794712555281766,34,Saint-Jean-de-Védas,13460
2249,34271,1687.2,1879.0,1639.25,7.98230911859105,6.25046972774286,"0,699153129785841","0,727621604618717",95.7877094230926,75.00563673291431,5.677318007532753,4.445568796403172,34,Saint-Julien,226
2250,34272,3707.578947368421,3562.57575757576,3906.95833333333,12.0433734092184,11.7463352095475,"0,816132215061471","0,814147014398873",144.5204809106208,140.95602251457,3.897974472349377,3.801834688230126,34,Saint-Just,3325
2251,34273,2077.0,1137.5,3956.0,8.84165348955526,6.25046972774286,"0,610775945939991","0,727621604618717",106.09984187466311,75.00563673291431,5.108321707976076,3.6112487594084888,34,Saint-Martin-de-l'Arçon,103
2252,34274,3122.9444444444466,3222.19047619048,2984.0,11.4201628794816,10.6951367736556,"0,807472270112584","0,770123569481978",137.0419545537792,128.3416412838672,4.388229025257545,4.109635748153645,34,Saint-Martin-de-Londres,2772
2253,34276,4029.780487804881,3988.7380952381,4072.875,13.1456035560841,11.5045136514653,"0,831619501462669","0,828036699309017",157.7472426730092,138.0541638175836,3.914536862501361,3.4258482375248445,34,Saint-Mathieu-de-Tréviers,4971
2254,34277,1891.8333333333333,1231.5,2222.0,9.90801378135673,9.48123270649475,"0,726186274693844","0,770123569481978",118.89616537628078,113.77479247793698,6.284706125078713,6.013996607062127,34,Saint-Maurice-Navacelles,189
2255,34279,1608.749999999998,1645.42857142857,1580.22222222222,7.98230911859105,7.91839837428631,"0,699153129785841","0,610879728826095",95.7877094230926,95.02078049143572,5.954169971909415,5.906497621845273,34,Saint-Nazaire-de-Ladarez,324
2256,34280,3685.4,3831.25,3102.0,12.4056147377002,10.5589786072188,"0,809079176437744","0,706965746354879",148.8673768524024,126.7077432866256,4.039381799869822,3.438100159728268,34,Saint-Nazaire-de-Pézan,628
2257,34281,2341.3406593406594,2399.16279069767,2289.54166666667,10.6133043428382,9.0886495831345,"0,78782111888085","0,664025651325965",127.3596521140584,109.063794997614,5.439603656390776,4.658177124397064,34,Saint-Pargoire,2476
2258,34282,2966.708333333336,2773.46666666667,3288.77777777778,12.6249851162927,11.1940940842362,"0,72109875375364","0,8011049534456",151.4998213955124,134.3291290108344,5.106663829851118,4.527884575020045,34,Saint-Paul-et-Valmalle,1390
2259,34283,1467.199999999998,1700.33333333333,1117.5,10.417148066472,7.83158605567155,"0,689904646605238","0,597960350660021",125.005776797664,93.9790326680586,8.520022955129782,6.405332106601603,34,Saint-Pierre-de-la-Fage,125
2260,34284,1290.5833333333303,1266.61538461538,1318.90909090909,7.38473089134566,7.03283965927177,"0,711297554326664","0,569730000208046",88.61677069614791,84.39407591126124,6.866412141497884,6.539219415865806,34,Saint-Pons-de-Thomières,1906
2261,34285,3077.1428571428587,3241.92307692308,2809.375,10.6133043428382,11.1657053016905,"0,78782111888085","0,78650098838578",127.3596521140584,133.98846362028598,4.138893058488433,4.354314045227491,34,Saint-Pons-de-Mauchiens,651
2262,34286,1801.6666666666667,1850.4,1558.0,10.417148066472,8.27171790100639,"0,689904646605238","0,71092558196641",125.005776797664,99.26061481207668,6.93834098784444,5.509377325369658,34,Saint-Privat,468
2263,34287,1944.999999999998,1714.85714285714,2347.75,10.417148066472,9.98545333715257,"0,689904646605238","0,722780543029131",125.005776797664,119.82544004583085,6.427032226100984,6.160691004927042,34,Saint-Saturnin-de-Lucian,296
2264,34288,3063.8399999999983,3160.93333333333,2918.2,13.088400110701,10.215748681541,"0,697560634424143","0,755608424552208",157.060801328412,122.58898417849198,5.126272955781375,4.001154896420572,34,Saint-Sériès,990
2265,34289,2323.3457943925205,2219.48387096774,2466.44444444444,10.2196077523277,8.94570684483078,"0,781399272055317","0,699861396461513",122.6352930279324,107.34848213796936,5.278391762600175,4.620426386681605,34,Saint-Thibéry,3094
2266,34290,4423.75,4371.0,4529.25,13.1402771898556,11.1066541752341,"0,820919197687099","0,847460774472125",157.6833262782672,133.2798501028092,3.564471913608753,3.01282509415788,34,Saint-Vincent-de-Barbeyrargues,771
2267,34291,1793.0588235294092,1049.0,2103.08333333333,7.98230911859105,7.91839837428631,"0,699153129785841","0,610879728826095",95.7877094230926,95.02078049143572,5.342139820853542,5.299367719816316,34,Saint-Vincent-d'Olargues,359
2268,34292,2539.3125,2619.14285714286,2477.22222222222,10.8723078678869,9.14678733853916,"0,822508041364488","0,705631594333077",130.46769441464278,109.76144806246992,5.137914077713663,4.322486817296804,34,Salasc,351
2269,34293,1634.8837209302303,1534.94,1773.69444444444,8.77777553331137,7.03283965927177,"0,695287721846711","0,569730000208046",105.33330639973644,84.39407591126124,6.442862269116177,5.162084301826797,34,La Salvetat-sur-Agout,1125
2270,34294,3117.111111111108,3156.72727272727,3054.85714285714,12.2605878421653,10.215748681541,"0,749621287818877","0,755608424552208",147.1270541059836,122.58898417849198,4.719981061359713,3.93277556714347,34,Saturargues,1044
2271,34295,3663.220338983048,4036.5,3499.34146341463,13.5129222586962,12.4798697762406,"0,905420725808643","0,823588472111948",162.1550671043544,149.7584373148872,4.42657148899131,4.088163513430969,34,Saussan,1950
2272,34296,3144.4761904761885,3053.0,3266.44444444444,12.4371864310406,10.5907484947331,"0,779488209035452","0,702786169624396",149.24623717248718,127.0889819367972,4.746298846991296,4.041658267972171,34,Saussines,1016
2273,34297,3347.7500000000027,4320.0,3023.66666666667,10.8523221126754,8.99155735658303,"0,831619501462669","0,689687486253139",130.2278653521048,107.89868827899636,3.8900116601330654,3.223021082189419,34,Sauteyrargues,449
2274,34298,2812.333333333336,2830.30666666667,2790.93650793651,11.5662009849158,9.74899320391453,"0,766362358251211","0,80813522689926",138.7944118189896,116.98791844697436,4.935204876816029,4.159816941340793,34,Sauvian,5596
2275,34299,3023.1692789968647,2799.05142857143,3295.53472222222,11.9383714761424,10.3293747446967,"0,766362358251211","0,707855730502792",143.2604577137088,123.9524969363604,4.738750777503431,4.100084563491258,34,Sérignan,8621
2276,34300,2367.416666666664,2331.11607142857,2411.60869565217,9.91212093999166,9.31384602544852,"0,771323449546683","0,721215607769468",118.94545127989991,111.76615230538223,5.024271939733185,4.721017380634969,34,Servian,5540
2277,34301,3732.5154511742894,3599.23795180723,3893.56414922657,12.497402964513,13.488811674415,"0,782515760168002","0,78650098838578",149.968835574156,161.86574009298,4.017902605787585,4.336639518586729,34,Sète,45676
2278,34302,1627.2352941176457,1583.75,1689.35714285714,7.40609897076382,6.74322315455659,"0,711297554326664","0,52530155015803",88.87318764916583,80.91867785467909,5.461606441947079,4.972770572712814,34,Siran,764
2279,34304,2264.625000000002,2309.92307692308,2211.09090909091,10.417148066472,7.83158605567155,"0,689904646605238","0,597960350660021",125.005776797664,93.9790326680586,5.519932739312862,4.149871730112426,34,Soubès,985
2280,34305,1559.7272727272727,1809.6,1351.5,7.40609897076382,7.03283965927177,"0,711297554326664","0,569730000208046",88.87318764916583,84.39407591126124,5.697995361315056,5.410822608986849,34,Le Soulié,137
2281,34306,1814.25,453.0,2268.0,8.16501001364246,8.27171790100639,"0,753686249994803","0,71092558196641",97.98012016370951,99.26061481207668,5.400585374877196,5.471165209429609,34,Soumont,243
2282,34307,4012.703703703703,3925.74193548387,4129.91304347826,13.58146576833,12.1835125011107,"0,697560634424143","0,768906528887506",162.97758921996,146.2021500133284,4.061540578476618,3.6434823203712914,34,Sussargues,2873
2283,34308,2033.1363636363617,1815.1,2214.83333333333,8.84165348955526,7.91839837428631,"0,610775945939991","0,610879728826095",106.09984187466311,95.02078049143572,5.218530531070649,4.673605872725944,34,Taussac-la-Billière,474
2284,34309,4087.658227848103,3904.22222222222,4241.23255813954,13.1572078160291,11.1066541752341,"0,886937262235771","0,847460774472125",157.8864937923492,133.2798501028092,3.862516996081313,3.2605428994726093,34,Teyran,4814
2285,34310,2368.685393258426,2101.04545454545,2630.37777777778,9.77545580146327,8.97671919530737,"0,738142299781518","0,750870211031667",117.30546961755924,107.72063034368844,4.952344872452258,4.547696821632573,34,Thézan-lès-Béziers,3144
2286,34311,2665.7719298245597,2656.51351351351,2682.9,10.4026900191652,9.2068935065381,"0,781399272055317","0,721215607769468",124.83228022998242,110.4827220784572,4.682781705117509,4.144492664296616,34,Tourbes,2043
2287,34312,1954.0943396226417,2003.6875,1878.52380952381,7.49392444080918,8.06033811081431,"0,75119921146017","0,646561016712329",89.92709328971016,96.72405732977172,4.601983203486282,4.949815132694681,34,La Tour-sur-Orb,1370
2288,34313,2127.2941176470563,2245.85714285714,1574.0,10.6133043428382,9.14678733853916,"0,78782111888085","0,705631594333077",127.3596521140584,109.76144806246992,5.986931992973664,5.159674308876205,34,Tressan,711
2289,34314,4244.6,3205.0,4504.5,13.1402771898556,11.1066541752341,"0,820919197687099","0,847460774472125",157.6833262782672,133.2798501028092,3.714916041046676,3.139986102407982,34,Le Triadou,706
2290,34315,2088.8571428571427,1613.0,3278.5,12.1552360220229,9.0886495831345,"0,751137374783537","0,664025651325965",145.8628322642748,109.063794997614,6.982901284707452,5.221218472051006,34,Usclas-d'Hérault,444
2291,34316,1662.7142857142858,1811.6,1290.5,10.7366005725933,9.98545333715257,"0,77208620580476","0,722780543029131",128.8392068711196,119.82544004583085,7.748727967160727,7.206616378733704,34,Usclas-du-Bosc,250
2292,34317,1532.4166666666667,1513.5,1627.0,10.417148066472,7.83158605567155,"0,689904646605238","0,597960350660021",125.005776797664,93.9790326680586,8.157427383609592,6.132733656080825,34,La Vacquerie-et-Saint-Martin-de-Castries,210
2293,34318,3704.1111111111113,3534.4,3916.25,10.8523221126754,8.99155735658303,"0,831619501462669","0,689687486253139",130.2278653521048,107.89868827899636,3.515765630287498,2.9129441596753374,34,Vacquières,770
2294,34319,1893.7500000000025,1719.16666666667,2417.5,10.4587675090906,7.58385287426007,"0,771323449546683","0,700660345874567",125.50521010908722,91.00623449112084,6.627337827542551,4.805609742105384,34,Vailhan,143
2295,34320,3692.7352941176473,3795.77272727273,3503.83333333333,12.5520774902367,9.48123270649475,"0,894180638484158","0,770123569481978",150.6249298828404,113.77479247793698,4.078952805601279,3.08104381755104,34,Vailhauquès,2722
2296,34321,3643.375,3519.33333333333,3767.41666666667,11.5524917373667,11.3411086794383,"0,816132215061471","0,768906528887506",138.6299008484004,136.0933041532596,3.804985785114088,3.735363616242072,34,Valergues,2197
2297,34322,4539.899999999996,4907.44444444444,1232.0,10.8523221126754,11.555220919024,"0,831619501462669","0,828036699309017",130.2278653521048,138.662651028288,2.868518367191016,3.054310690285868,34,Valflaunès,807
2298,34324,3607.232220609578,3539.98659517426,3686.60759493671,12.6747211683257,11.1530039808362,"0,766362358251211","0,707855730502792",152.0966540199084,133.83604777003438,4.216436445397627,3.710214357849624,34,Valras-Plage,4357
2299,34325,2291.1538461538444,2127.48275862069,2497.52173913043,11.1322915268981,9.2068935065381,"0,826269066162341","0,721215607769468",133.5874983227772,110.4827220784572,5.830577398677539,4.822143317172888,34,Valros,1693
2300,34327,4056.5704225352138,4179.15384615385,3907.171875,14.1818803091426,12.1329356722479,"0,830657756915344","0,752022048118822",170.1825637097112,145.5952280669748,4.195232572921859,3.5891211763059427,34,Vendargues,7238
2301,34328,2304.740740740742,2306.94117647059,2301.0,10.9393505323871,10.8756122707959,"0,821421579855909","0,745823325498729",131.2722063886452,130.5073472495508,5.695747207837981,5.662560866069728,34,Vendémian,1182
2302,34329,3535.3987341772154,3419.31111111111,3689.04411764706,11.6977086422597,9.51166647606115,"0,766362358251211","0,80813522689926",140.3725037071164,114.1399977127338,3.970485771523165,3.228490088241696,34,Vendres,2743
2303,34331,1414.2222222222222,1667.2,1098.0,8.77777553331137,7.71595067605541,"0,695287721846711","0,733177526429301",105.33330639973644,92.59140811266492,7.448143915757606,6.547161164471907,34,Verreries-de-Moussans,89
2304,34332,3076.107344632768,2976.27272727273,3220.00689655172,11.9852058473119,10.0941852460274,"0,650744862664773","0,699861396461513",143.82247016774278,121.1302229523288,4.675469808252501,3.9377762015905713,34,Vias,6033
2305,34333,5822.706666666664,5646.85714285714,6046.51515151515,13.3546895807693,11.6571059041929,"0,739444315886963","0,820177371981947",160.25627496923158,139.88527085031478,2.752264267177549,2.402409718681487,34,Vic-la-Gardiole,3442
2306,34334,1965.083333333335,2369.5,1560.66666666667,7.98230911859105,6.25046972774286,"0,699153129785841","0,727621604618717",95.7877094230926,75.00563673291431,4.87448587030707,3.816918878736995,34,Vieussan,272
2307,34335,1873.222222222225,1796.27272727273,1994.14285714286,9.65190686474912,8.06033811081431,"0,763059538123258","0,646561016712329",115.82288237698944,96.72405732977172,6.183082872014374,5.163512165418733,34,Villemagne-l'Argentière,431
2308,34336,2136.370165745857,1982.71134020619,2313.80952380952,11.5038860646102,8.75162461718125,"0,826269066162341","0,707855730502792",138.0466327753224,105.019495406175,6.461737529794004,4.91579114378384,34,Villeneuve-lès-Béziers,4341
2309,34337,3743.375586854458,3675.50427350427,3826.09375,13.2561867267063,11.5854546991739,"0,785073567550703","0,820177371981947",159.0742407204756,139.0254563900868,4.249486513698856,3.7139061567399194,34,Villeneuve-lès-Maguelone,10537
2310,34339,1586.571428571427,1328.75,1930.33333333333,8.33746491866848,7.87474490763974,"0,784183561911099","0,685218035310943",100.04957902402175,94.49693889167688,6.306024249668225,5.95604693176426,34,Villespassans,191
2311,34340,3711.074074074076,3563.41666666667,3829.2,12.2605878421653,10.215748681541,"0,749621287818877","0,755608424552208",147.1270541059836,122.58898417849198,3.964541024223351,3.30332894821234,34,Villetelle,1734
2312,34341,2793.674698795179,2790.34,2798.72727272727,10.7612081873488,11.1657053016905,"0,831767835334763","0,78650098838578",129.1344982481856,133.98846362028598,4.622388508722118,4.796136918807005,34,Villeveyrac,4026
2313,34342,3846.200000000002,3940.0,3783.66666666667,12.4266051495967,11.7930840847469,"0,876053705402225","0,818323220054011",149.1192617951604,141.5170090169628,3.877054282022785,3.6793980816640506,34,Viols-en-Laval,220
2314,34343,3234.434782608695,3014.81818181818,3435.75,12.4266051495967,9.48123270649475,"0,876053705402225","0,770123569481978",149.1192617951604,113.77479247793698,4.610365390483776,3.5176097254981062,34,Viols-le-Fort,1242
2315,34344,5495.714896214893,5436.78378378378,5565.48933333333,16.4574374940757,11.7463352095475,"0,756372827254215","0,814147014398873",197.4892499289084,140.95602251457,3.593513376484044,2.5648350610700668,34,La Grande-Motte,8596
2316,46001,1705.5,1546.70588235294,2091.14285714286,9.0221057111606,7.41940893990361,"0,788138669401462","0,708447147647264",108.2652685339272,89.03290727884331,6.348007536436659,5.220340503010455,46,Albas,541
2317,46003,1615.7407407407404,1576.4375,1672.90909090909,7.95356031779601,7.43773503864875,"0,744843572757144","0,686157572634259",95.44272381355212,89.252820463785,5.907056832013542,5.523956796612482,46,Alvignac,719
2318,46004,984.5,927.0,1042.0,6.80731219944431,6.99171667170178,"0,712353784308368","0,715516984133898",81.68774639333172,83.90060006042135,8.297384092771123,8.52215338348617,46,Anglars,233
2319,46005,1907.235294117649,1907.875,1906.66666666667,9.0221057111606,7.41940893990361,"0,788138669401462","0,708447147647264",108.2652685339272,89.03290727884331,5.676555423855785,4.668165881443219,46,Anglars-Juillac,344
2320,46006,1572.799999999998,1366.28571428571,1753.5,7.61963400466696,7.49715127792428,"0,735296996664609","0,72584688226569",91.43560805600352,89.96581533509135,5.813555954730648,5.720105247653323,46,Anglars-Nozac,407
2321,46007,1898.6666666666663,1940.33333333333,1836.16666666667,9.0221057111606,7.91083190982528,"0,788138669401462","0,728508460009256",108.2652685339272,94.92998291790336,5.7021735534020666,4.999823538513169,46,Arcambal,1024
2322,46008,3290.0000000000027,3324.0,3278.66666666667,7.34094363479194,7.41940893990361,"0,639304432492223","0,708447147647264",88.09132361750328,89.03290727884331,2.6775478303192464,2.7061673944937152,46,Les Arques,217
2323,46009,1754.238095238096,1738.23076923077,1780.25,7.1467394529193,6.99171667170178,"0,694311264213314","0,715516984133898",85.7608734350316,83.90060006042135,4.888781840266192,4.782737319875261,46,Assier,728
2324,46011,1777.6190476190473,1850.90909090909,1697.0,8.83934273091787,6.99171667170178,"0,731628796991","0,715516984133898",106.07211277101445,83.90060006042135,5.967089119183777,4.719830166806452,46,Autoire,387
2325,46012,1166.3000000000031,1185.71428571429,1121.0,7.1312749996481,6.99171667170178,"0,702652301989459","0,715516984133898",85.5752999957772,83.90060006042135,7.337331732468231,7.19374089517458,46,Aynac,572
2326,46013,1677.166666666665,1642.0,1712.33333333333,7.20315414631668,7.9553232307563,"0,703036039376227","0,746485158322945",86.43784975580016,95.4638787690756,5.153802032542994,5.691973294389886,46,Bach,215
2327,46015,1407.5000000000011,1458.17391304348,1329.8,7.6012818277856,6.42721510864854,"0,713753713241137","0,682861325785664",91.2153819334272,77.12658130378249,6.480666567206192,5.479686060659497,46,Bagnac-sur-Célé,1515
2328,46016,1858.0000000000016,1479.5,2362.66666666667,8.34426162904871,7.5385017531093,"0,788547140303265","0,68609029424535",100.13113954858451,90.4620210373116,5.389189426726825,4.868784770576508,46,Baladou,405
2329,46017,2012.8000000000025,1990.5,2027.66666666667,6.80731219944431,6.99171667170178,"0,712353784308368","0,715516984133898",81.68774639333172,83.90060006042135,4.058413473436588,4.1683525467220415,46,Bannes,149
2330,46018,1886.8571428571445,1461.66666666667,2205.75,7.61963400466696,7.3708258093124,"0,735296996664609","0,687209982520759",91.43560805600352,88.4499097117488,4.845921081102544,4.687684494111456,46,Le Bastit,149
2331,46020,1538.8333333333333,1429.0,1560.8,7.20315414631668,8.42205800426854,"0,703036039376227","0,704116289716419",86.43784975580016,101.06469605122248,5.617102767624835,6.567618068962795,46,Beauregard,241
2332,46021,2003.7500000000025,2038.16666666667,1900.5,7.1467394529193,7.43540324604255,"0,694311264213314","0,642837397598511",85.7608734350316,89.2248389525106,4.28001863680756,4.452892773674884,46,Béduer,745
2333,46022,2804.4999999999964,3667.0,2681.28571428571,9.0221057111606,7.41940893990361,"0,788138669401462","0,708447147647264",108.2652685339272,89.03290727884331,3.8604124989811854,3.1746445811675312,46,Bélaye,207
2334,46023,1833.42857142857,1730.75,1970.33333333333,7.20315414631668,8.65988960493519,"0,703036039376227","0,729034152770241",86.43784975580016,103.91867525922228,4.714546893334904,5.667996936376474,46,Belfort-du-Quercy,521
2335,46024,1531.0,1317.2,1744.8,8.83934273091787,6.99171667170178,"0,731628796991","0,715516984133898",106.07211277101445,83.90060006042135,6.928289534357574,5.480117574162073,46,Belmont-Bretenoux,418
2336,46026,2063.4285714285697,1963.75,2196.33333333333,8.61296086069322,7.60603942836817,"0,822254901241355","0,778444284989951",103.35553032831864,91.27247314041804,5.008922128899413,4.423340570360889,46,Belmont-Sainte-Foi,132
2337,46027,1522.5,1350.0,1695.0,8.61296086069322,7.43540324604255,"0,822254901241355","0,642837397598511",103.35553032831864,89.2248389525106,6.788540579856726,5.86041635156063,46,Berganty,142
2338,46028,1692.3928571428532,1564.54545454545,1775.11764705882,7.1312749996481,7.41213941566877,"0,702652301989459","0,66067962489267",85.5752999957772,88.94567298802525,5.05646780737706,5.255616189386779,46,Bétaille,1103
2339,46029,1695.071428571429,1648.95,1737.0,8.99367052287563,7.43773503864875,"0,731628796991","0,686157572634259",107.92404627450756,89.252820463785,6.3669320628844375,5.265431235485187,46,Biars-sur-Cère,2019
2340,46030,1589.7777777777778,1467.6,1742.5,6.80731219944431,7.43773503864875,"0,712353784308368","0,686157572634259",81.68774639333172,89.252820463785,5.1383122556610665,5.614169584666374,46,Bio,357
2341,46031,1782.0,1827.0,1737.0,7.1467394529193,7.3708258093124,"0,694311264213314","0,687209982520759",85.7608734350316,88.4499097117488,4.812619160215016,4.963519063510034,46,Blars,135
2342,46032,1687.7,1796.375,1253.0,9.0221057111606,7.9553232307563,"0,788138669401462","0,746485158322945",108.2652685339272,95.4638787690756,6.414959325349719,5.656448347992866,46,Boissières,396
2343,46033,2039.1666666666667,2066.875,2017.0,9.0221057111606,7.30383769729053,"0,788138669401462","0,741195081587723",108.2652685339272,87.64605236748636,5.309289834111674,4.298130888475015,46,Porte-du-Quercy,545
2344,46034,1127.2857142857142,1092.0,1141.4,6.80731219944431,6.42721510864854,"0,712353784308368","0,682861325785664",81.68774639333172,77.12658130378249,7.246410147678647,6.841795325389398,46,Le Bourg,308
2345,46035,2295.5,2322.6,2160.0,8.55816788588013,7.43540324604255,"0,7383083900451","0,642837397598511",102.69801463056154,89.2248389525106,4.473884322829951,3.8869457178179303,46,Boussac,186
2346,46036,2220.5,1508.0,2933.0,6.80731219944431,6.42721510864854,"0,712353784308368","0,682861325785664",81.68774639333172,77.12658130378249,3.678799657434439,3.4733880343968693,46,Le Bouyssou,124
2347,46038,1495.7297297297305,1531.5,1429.69230769231,8.83934273091787,7.43773503864875,"0,731628796991","0,686157572634259",106.07211277101445,89.252820463785,7.091663063365135,5.967175666148753,46,Bretenoux,1455
2348,46039,1441.75,1286.0,1909.0,8.61296086069322,7.43540324604255,"0,822254901241355","0,642837397598511",103.35553032831864,89.2248389525106,7.168755354833962,6.1886484447727135,46,Brengues,199
2349,46040,1521.600000000002,1187.66666666667,2022.5,7.61963400466696,7.43540324604255,"0,735296996664609","0,642837397598511",91.43560805600352,89.2248389525106,6.009175082544913,5.863882686153423,46,Cabrerets,230
2350,46042,1737.2908366533864,1705.31264367816,1781.03459119497,9.27077007653166,8.16436659276459,"0,822254901241355","0,728508460009256",111.24924091837993,97.97239911317509,6.403604887059891,5.639378107922521,46,Cahors,20782
2351,46043,1767.8000000000022,1497.66666666667,2173.0,8.83934273091787,7.43773503864875,"0,731628796991","0,686157572634259",106.07211277101445,89.252820463785,6.000232649112701,5.048807583651142,46,Cahus,190
2352,46044,1872.0666666666664,2005.0,1606.2,9.0221057111606,7.41940893990361,"0,788138669401462","0,708447147647264",108.2652685339272,89.03290727884331,5.783195142654849,4.755862003428117,46,Caillac,605
2353,46045,2014.0000000000016,2199.90909090909,1877.66666666667,8.61296086069322,6.52314458668559,"0,822254901241355","0,620890075079722",103.35553032831864,78.27773504022709,5.131853541624557,3.8866799920668833,46,Cajarc,1165
2354,46046,1651.428571428571,1578.6,1833.5,9.0221057111606,7.9553232307563,"0,788138669401462","0,746485158322945",108.2652685339272,95.4638787690756,6.5558553610509565,5.7806847005495605,46,Calamane,468
2355,46047,2075.200000000002,2257.5,1953.66666666667,7.95356031779601,7.5385017531093,"0,744843572757144","0,68609029424535",95.44272381355212,90.4620210373116,4.599206043444103,4.359195308274456,46,Calès,172
2356,46049,2549.0,1795.0,2737.5,7.45242767223032,6.66703697191052,"0,668003573484317","0,608040862538914",89.42913206676384,80.00444366292623,3.5084006303163533,3.1386600103148776,46,Calvignac,247
2357,46050,1767.8,847.0,1998.0,7.20315414631668,7.60603942836817,"0,703036039376227","0,778444284989951",86.43784975580016,91.27247314041804,4.889571770324706,5.16305425616122,46,Cambayrac,139
2358,46051,1887.0,1897.0,1877.0,7.1467394529193,6.99171667170178,"0,694311264213314","0,715516984133898",85.7608734350316,83.90060006042135,4.544826361156947,4.446242716503516,46,Cambes,355
2359,46052,1483.2857142857126,1359.33333333333,1576.25,8.55816788588013,6.99171667170178,"0,7383083900451","0,715516984133898",102.69801463056154,83.90060006042135,6.923683929634321,5.6564018147255135,46,Camboulit,260
2360,46053,1756.923076923073,1524.33333333333,1956.28571428571,8.55816788588013,7.43540324604255,"0,7383083900451","0,642837397598511",102.69801463056154,89.2248389525106,5.845333582299926,5.078471569100877,46,Camburat,458
2361,46054,2019.466666666668,1597.125,2502.14285714286,7.61963400466696,7.3708258093124,"0,735296996664609","0,687209982520759",91.43560805600352,88.4499097117488,4.527710685461678,4.379864801519316,46,Caniac-du-Causse,388
2362,46055,1689.029411764706,1843.48,1260.0,8.55816788588013,6.52314458668559,"0,7383083900451","0,620890075079722",102.69801463056154,78.27773504022709,6.080297590748415,4.634480281692794,46,Capdenac,1102
2363,46056,2000.799999999998,1588.33333333333,2619.5,7.1467394529193,6.52314458668559,"0,694311264213314","0,620890075079722",85.7608734350316,78.27773504022709,4.286329140095546,3.9123218232820456,46,Carayac,109
2364,46057,1577.684210526316,1554.09090909091,1610.125,7.1467394529193,6.42721510864854,"0,694311264213314","0,682861325785664",85.7608734350316,77.12658130378249,5.435870680763277,4.888594358059337,46,Cardaillac,633
2365,46058,2079.631578947368,2520.625,1758.90909090909,8.34426162904871,7.43773503864875,"0,788547140303265","0,686157572634259",100.13113954858451,89.252820463785,4.81484992641183,4.291761164203972,46,Carennac,436
2366,46059,1310.57142857143,1463.66666666667,1195.75,7.95356031779601,7.5385017531093,"0,744843572757144","0,68609029424535",95.44272381355212,90.4620210373116,7.282527432906738,6.902486889701118,46,Carlucet,234
2367,46060,2087.3636363636374,1846.57142857143,2508.75,9.0221057111606,7.41940893990361,"0,788138669401462","0,708447147647264",108.2652685339272,89.03290727884331,5.186698984683589,4.265328078338382,46,Carnac-Rouffiac,231
2368,46061,1976.5,3073.0,1611.0,7.34094363479194,7.41940893990361,"0,639304432492223","0,708447147647264",88.09132361750328,89.03290727884331,4.456935169112232,4.504574109731511,46,Cassagnes,178
2369,46062,1688.2000000000014,1709.23076923077,1649.14285714286,7.34094363479194,7.41940893990361,"0,639304432492223","0,708447147647264",88.09132361750328,89.03290727884331,5.21806205529577,5.273836469544084,46,Castelfranc,432
2370,46063,1672.6904761904775,1745.40740740741,1541.8,7.20315414631668,7.3842804314067,"0,703036039376227","0,741195081587723",86.43784975580016,88.6113651768804,5.167593824809765,5.297535105161308,46,Castelnau-Montratier,1865
2371,46064,1642.5000000000016,1398.8125,1967.41666666667,8.08410023604492,7.9553232307563,"0,809058910645132","0,746485158322945",97.00920283253905,95.4638787690756,5.906191953274822,5.812108296442953,46,Catus,927
2372,46065,2026.9999999999984,2016.83333333333,2034.625,8.34426162904871,8.0814248395337,"0,788547140303265","0,713798048945523",100.13113954858451,96.9770980744044,4.939868749313497,4.7842672952345575,46,Cavagnac,429
2373,46066,2077.2272727272702,1891.07692307692,2346.11111111111,8.08410023604492,7.39077340900558,"0,809058910645132","0,750588433344521",97.00920283253905,88.68928090806696,4.670129460854421,4.269599290963644,46,Cazals,657
2374,46068,1956.6666666666667,2392.5,1085.0,7.45242767223032,7.43540324604255,"0,668003573484317","0,642837397598511",89.42913206676384,89.2248389525106,4.57048375128265,4.56004287661894,46,Cénevières,182
2375,46070,3441.4444444444443,4878.0,2292.2,9.0221057111606,7.91083190982528,"0,788138669401462","0,728508460009256",108.2652685339272,94.92998291790336,3.145925214881816,2.758434269399575,46,Cieurac,662
2376,46072,1800.6,1725.75,2100.0,7.61963400466696,7.39077340900558,"0,735296996664609","0,750588433344521",91.43560805600352,88.68928090806696,5.078063315339526,4.925540425861766,46,Concorès,310
2377,46073,1246.5,1248.0,1243.0,7.20315414631668,7.43540324604255,"0,703036039376227","0,642837397598511",86.43784975580016,89.2248389525106,6.934444424853603,7.158029599078267,46,Concots,428
2378,46074,1816.4444444444443,1773.375,2161.0,7.1312749996481,7.41213941566877,"0,702652301989459","0,66067962489267",85.5752999957772,88.94567298802525,4.711143258881789,4.89669107470166,46,Condat,406
2379,46075,2809.0,2412.0,4397.0,7.1467394529193,6.99171667170178,"0,694311264213314","0,715516984133898",85.7608734350316,83.90060006042135,3.053074881987597,2.986849414753341,46,Corn,243
2380,46076,1679.2499999999986,1673.8,1688.33333333333,8.83934273091787,7.19584259722488,"0,731628796991","0,602965606164897",106.07211277101445,86.35011116669855,6.316636163228497,5.142183186940517,46,Cornac,370
2381,46079,1399.571428571429,1542.0,1043.5,7.1467394529193,7.9553232307563,"0,694311264213314","0,746485158322945",85.7608734350316,95.4638787690756,6.127652485916312,6.820936525298858,46,Cras,100
2382,46080,1897.9473684210527,1633.2,1992.5,9.0221057111606,7.9553232307563,"0,788138669401462","0,746485158322945",108.2652685339272,95.4638787690756,5.704334605653246,5.029848580495373,46,Crayssac,840
2383,46082,1914.333333333337,1946.66666666667,1849.66666666667,8.61296086069322,7.9553232307563,"0,822254901241355","0,746485158322945",103.35553032831864,95.4638787690756,5.399035190404935,4.986794990548952,46,Cremps,397
2384,46083,1586.5333333333333,1609.35,1540.9,8.34426162904871,7.41213941566877,"0,788547140303265","0,66067962489267",100.13113954858451,88.94567298802525,6.3113164687316905,5.60629084301361,46,Cressensac-Sarrazac,1168
2385,46084,1739.9999999999986,1774.0,1683.33333333333,7.95356031779601,7.5385017531093,"0,744843572757144","0,68609029424535",95.44272381355212,90.4620210373116,5.485214012273115,5.19896672628228,46,Creysse,316
2386,46085,1159.375,1010.8,1407.0,6.9846057529017,6.42721510864854,"0,769022095543719","0,682861325785664",83.8152690348204,77.12658130378249,7.229349350712273,6.652427497900376,46,Cuzac,248
2387,46086,1597.0,1877.66666666667,1316.33333333333,8.34426162904871,7.5385017531093,"0,788547140303265","0,68609029424535",100.13113954858451,90.4620210373116,6.269952382503726,5.66449724717042,46,Cuzance,668
2388,46087,2001.857142857143,2074.5,1905.0,7.61963400466696,7.39077340900558,"0,735296996664609","0,750588433344521",91.43560805600352,88.68928090806696,4.567539116477732,4.430350148836571,46,Dégagnac,655
2389,46088,1511.2,1481.75,1629.0,9.0221057111606,7.60603942836817,"0,788138669401462","0,778444284989951",108.2652685339272,91.27247314041804,7.164191935807782,6.039734855771442,46,Douelle,857
2390,46089,1922.8947368421043,1616.4,2512.30769230769,9.0221057111606,7.41940893990361,"0,788138669401462","0,708447147647264",108.2652685339272,89.03290727884331,5.630327363198625,4.63014982427268,46,Duravel,958
2391,46090,1907.5,1383.0,2432.0,7.61963400466696,7.3708258093124,"0,735296996664609","0,687209982520759",91.43560805600352,88.4499097117488,4.793478797169254,4.636954637575298,46,Durbans,161
2392,46091,2036.7142857142865,1955.88888888889,2182.2,8.61296086069322,7.9553232307563,"0,822254901241355","0,746485158322945",103.35553032831864,95.4638787690756,5.074620974245846,4.687151233664368,46,Escamps,215
2393,46092,1930.875,1873.8,2026.0,8.61296086069322,7.9553232307563,"0,822254901241355","0,746485158322945",103.35553032831864,95.4638787690756,5.35278204587654,4.944073478038485,46,Esclauzels,222
2394,46093,1958.4444444444443,2288.4,1546.0,7.1467394529193,6.99171667170178,"0,694311264213314","0,715516984133898",85.7608734350316,83.90060006042135,4.379030187877478,4.28404289426865,46,Espagnac-Sainte-Eulalie,93
2395,46094,1929.647058823528,1938.63636363636,1913.16666666667,7.1467394529193,6.99171667170178,"0,694311264213314","0,715516984133898",85.7608734350316,83.90060006042135,4.44438132055706,4.347976469415815,46,Espédaillac,288
2396,46095,1789.6923076923072,1846.57142857143,1723.33333333333,9.0221057111606,7.9553232307563,"0,788138669401462","0,746485158322945",108.2652685339272,95.4638787690756,6.049378883095737,5.3340944898047935,46,Espère,1002
2397,46097,1314.400000000002,1198.5,1391.66666666667,8.83934273091787,7.19584259722488,"0,731628796991","0,602965606164897",106.07211277101445,86.35011116669855,8.070002493229937,6.569545889127999,46,Estal,111
2398,46098,2359.8888888888896,2105.57142857143,3250.0,7.61963400466696,7.49715127792428,"0,735296996664609","0,72584688226569",91.43560805600352,89.96581533509135,3.874572590536425,3.812290305644437,46,Fajoles,320
2399,46100,2443.9411764705883,2594.25,2083.2,7.1467394529193,6.52314458668559,"0,694311264213314","0,620890075079722",85.7608734350316,78.27773504022709,3.5091218340567,3.202930405766627,46,Faycelles,752
2400,46101,1525.8333333333333,1467.0,1643.5,8.55816788588013,6.42721510864854,"0,7383083900451","0,682861325785664",102.69801463056154,77.12658130378249,6.730618107955972,5.054718599920207,46,Felzins,482
2401,46102,1889.1339869281048,1964.12716763006,1791.58646616541,10.1132493536987,8.73449277905066,"0,7383083900451","0,642837397598511",121.3589922443844,104.81391334860793,6.42405425364903,5.548251954274795,46,Figeac,10349
2402,46103,1845.2727272727277,1990.2,1724.5,7.20315414631668,8.65988960493519,"0,703036039376227","0,729034152770241",86.43784975580016,103.91867525922228,4.684285877001684,5.631616059963766,46,Saint-Paul-Flaugnac,1008
2403,46104,2280.333333333333,1763.0,2539.0,7.1467394529193,7.3708258093124,"0,694311264213314","0,687209982520759",85.7608734350316,88.4499097117488,3.7608919793172735,3.878814926695606,46,Flaujac-Gare,88
2404,46105,1774.066666666669,1779.36363636364,1759.5,8.61296086069322,7.91083190982528,"0,822254901241355","0,728508460009256",103.35553032831864,94.92998291790336,5.825910168444544,5.350981713458902,46,Flaujac-Poujols,828
2405,46107,2088.6666666666665,2116.0,2034.0,9.0221057111606,7.58760793113095,"0,788138669401462","0,719670132771627",108.2652685339272,91.0512951735714,5.18346322377564,4.3593023543044085,46,Floressas,184
2406,46108,1773.6874999999975,1898.33333333333,1613.42857142857,7.1467394529193,6.42721510864854,"0,694311264213314","0,682861325785664",85.7608734350316,77.12658130378249,4.835173807958375,4.348374857678289,46,Fons,416
2407,46109,2227.4166666666674,2174.0,2387.66666666667,9.0221057111606,7.60603942836817,"0,788138669401462","0,778444284989951",108.2652685339272,91.27247314041804,4.860575488821603,4.097682957405874,46,Fontanes,543
2408,46112,1287.200000000002,1509.66666666667,953.5,8.08410023604492,7.9553232307563,"0,809058910645132","0,746485158322945",97.00920283253905,95.4638787690756,7.536451431987173,7.416398288461424,46,Francoulès,268
2409,46113,1771.8125000000011,1668.66666666667,1904.42857142857,8.08410023604492,7.9553232307563,"0,809058910645132","0,746485158322945",97.00920283253905,95.4638787690756,5.475139318214483,5.38792218528064,46,Frayssinet,317
2410,46114,1741.1875,1780.125,1702.25,7.34094363479194,7.41940893990361,"0,639304432492223","0,708447147647264",88.09132361750328,89.03290727884331,5.059266943824446,5.113344041284658,46,Frayssinet-le-Gélat,381
2411,46116,1859.0,1681.0,2037.0,7.1467394529193,6.52314458668559,"0,694311264213314","0,620890075079722",85.7608734350316,78.27773504022709,4.613279905058182,4.210744219485051,46,Frontenac,75
2412,46117,1212.0,897.142857142857,1763.0,8.83934273091787,7.43773503864875,"0,731628796991","0,686157572634259",106.07211277101445,89.252820463785,8.751824486057298,7.364094097672029,46,Gagnac-sur-Cère,689
2413,46118,2191.0952380952403,2404.91666666667,1906.0,8.34426162904871,7.5385017531093,"0,788547140303265","0,68609029424535",100.13113954858451,90.4620210373116,4.56991269971589,4.128621132687592,46,Gignac,694
2414,46120,1933.9285714285688,1790.44444444444,2192.2,8.08410023604492,7.41940893990361,"0,809058910645132","0,708447147647264",97.00920283253905,89.03290727884331,5.0161729996511495,4.603732971020529,46,Gindou,363
2415,46121,1344.6666666666667,1776.0,1129.0,7.95356031779601,7.49715127792428,"0,744843572757144","0,72584688226569",95.44272381355212,89.96581533509135,7.0978723708640645,6.690566336273526,46,Ginouillac,142
2416,46123,1465.41666666667,1397.16666666667,1533.66666666667,8.83934273091787,7.43773503864875,"0,731628796991","0,686157572634259",106.07211277101445,89.252820463785,7.238358562707822,6.090610438245195,46,Girac,360
2417,46124,1662.6666666666667,1402.0,1793.0,8.83934273091787,7.43773503864875,"0,731628796991","0,686157572634259",106.07211277101445,89.252820463785,6.379637897214181,5.368052553956595,46,Glanes,308
2418,46125,1792.0000000000025,1822.16666666667,1746.75,6.94286378935019,6.42721510864854,"0,746277063071734","0,682861325785664",83.31436547220227,77.12658130378249,4.649239144654138,4.303938688827143,46,Gorses,356
2419,46126,1368.8,1501.5,838.0,7.34094363479194,7.41940893990361,"0,639304432492223","0,708447147647264",88.09132361750328,89.03290727884331,6.43566069677844,6.504449684310586,46,Goujounac,223
2420,46127,1712.482558139536,1619.76767676768,1838.21917808219,9.02010312027391,7.77138983434214,"0,735296996664609","0,687209982520759",108.24123744328692,93.25667801210568,6.320720577783967,5.445700895979985,46,Gourdon,4195
2421,46128,1411.5855855855823,1291.97058823529,1600.74418604651,8.07259986678247,8.03960934281188,"0,694311264213314","0,687209982520759",96.87119840138963,96.47531211374258,6.862580589557634,6.8345350858567135,46,Gramat,3564
2422,46129,2931.8571428571427,1870.0,3356.6,7.1467394529193,7.43540324604255,"0,694311264213314","0,642837397598511",85.7608734350316,89.2248389525106,2.9251382061356583,3.043287397883225,46,Gréalou,310
2423,46130,1632.0000000000032,1712.55555555556,1450.75,7.34094363479194,7.58760793113095,"0,639304432492223","0,719670132771627",88.09132361750328,91.0512951735714,5.397752672641122,5.579123478772746,46,Grézels,238
2424,46131,1946.9999999999964,1553.33333333333,2143.83333333333,8.61296086069322,7.43540324604255,"0,822254901241355","0,642837397598511",103.35553032831864,89.2248389525106,5.308450453431887,4.58268304840836,46,Grèzes,164
2425,46132,1626.0909090909072,1346.8,1858.83333333333,6.80731219944431,7.43773503864875,"0,712353784308368","0,686157572634259",81.68774639333172,89.252820463785,5.023565775852015,5.488796472866529,46,Issendolus,543
2426,46134,2048.1333333333296,2133.08333333333,1708.33333333333,7.34094363479194,7.39077340900558,"0,639304432492223","0,750588433344521",88.09132361750328,88.68928090806696,4.301054144465047,4.330249377062063,46,Les Junies,258
2427,46135,1188.6,1185.75,1200.0,7.6012818277856,7.19954748433424,"0,713753713241137","0,687485230224571",91.2153819334272,86.39456981201089,7.674186600490259,7.268599176511096,46,Labastide-du-Haut-Mont,46
2428,46136,1714.2222222222222,1649.6,1795.0,7.34094363479194,7.41940893990361,"0,639304432492223","0,708447147647264",88.09132361750328,89.03290727884331,5.138850872164438,5.193778620103641,46,Labastide-du-Vert,279
2429,46137,1901.1290322580685,1928.23529411765,1868.21428571429,9.0221057111606,7.60603942836817,"0,788138669401462","0,778444284989951",108.2652685339272,91.27247314041804,5.694788028424089,4.800961512433959,46,Labastide-Marnhac,1340
2430,46138,1572.5000000000036,1345.52941176471,1923.27272727273,8.08410023604492,7.3708258093124,"0,809058910645132","0,687209982520759",97.00920283253905,88.4499097117488,6.169106698412644,5.624795530158893,46,Cœur de Causse,908
2431,46139,1808.5,2737.0,880.0,6.80731219944431,6.42721510864854,"0,712353784308368","0,682861325785664",81.68774639333172,77.12658130378249,4.516878429269102,4.264671346628836,46,Labathude,208
2432,46142,2185.7777777777765,2270.33333333333,2016.66666666667,9.0221057111606,7.41940893990361,"0,788138669401462","0,708447147647264",108.2652685339272,89.03290727884331,4.953169056554216,4.073282663224839,46,Lacapelle-Cabanac,174
2433,46143,1682.1875,1336.9375,2027.4375,6.80731219944431,6.42721510864854,"0,712353784308368","0,682861325785664",81.68774639333172,77.12658130378249,4.856042884240415,4.584898015457997,46,Lacapelle-Marival,1321
2434,46144,1463.6,1380.57142857143,1657.33333333333,8.34426162904871,7.5385017531093,"0,788547140303265","0,68609029424535",100.13113954858451,90.4620210373116,6.841427954945648,6.180788537668189,46,Lacave,272
2435,46145,1450.3421052631595,1435.2,1467.16666666667,7.95356031779601,7.49715127792428,"0,744843572757144","0,72584688226569",95.44272381355212,89.96581533509135,6.580704198492147,6.20307546809912,46,Lachapelle-Auzac,807
2436,46148,1978.4722222222224,2026.16,1870.09090909091,8.61296086069322,7.72951447403177,"0,822254901241355","0,778444284989951",103.35553032831864,92.75417368838124,5.224007148921687,4.688171643077185,46,Lalbenque,1925
2437,46149,1936.5000000000025,2013.55555555556,1705.33333333333,9.0221057111606,7.91083190982528,"0,788138669401462","0,728508460009256",108.2652685339272,94.92998291790336,5.59077038646667,4.902142159457952,46,Lamagdelaine,730
2438,46151,993.75,1081.5,906.0,7.1467394529193,7.3708258093124,"0,694311264213314","0,687209982520759",85.7608734350316,88.4499097117488,8.630024999751607,8.900619845207427,46,Lamothe-Cassel,116
2439,46152,1642.8333333333333,3233.0,1324.8,7.61963400466696,7.49715127792428,"0,735296996664609","0,72584688226569",91.43560805600352,89.96581533509135,5.565726370457757,5.476259429953822,46,Lamothe-Fénelon,322
2440,46153,1821.307692307694,1798.75,1840.64285714286,7.95356031779601,7.5385017531093,"0,744843572757144","0,68609029424535",95.44272381355212,90.4620210373116,5.240340455193548,4.966871957955187,46,Lanzac,584
2441,46154,1609.2222222222222,1683.75,1013.0,7.45242767223032,6.66703697191052,"0,668003573484317","0,608040862538914",89.42913206676384,80.00444366292623,5.557289156948662,4.971621852974772,46,Laramière,363
2442,46155,2389.75,2062.0,2717.5,7.45242767223032,6.66703697191052,"0,668003573484317","0,608040862538914",89.42913206676384,80.00444366292623,3.742196132095987,3.347816452052568,46,Larnagol,136
2443,46156,1704.5588235294106,1706.42857142857,1701.53846153846,9.0221057111606,7.9553232307563,"0,788138669401462","0,746485158322945",108.2652685339272,95.4638787690756,6.351512604871931,5.60050362893378,46,Bellefont-La Rauze,1216
2444,46157,891.5,649.0,1134.0,8.61296086069322,7.43540324604255,"0,822254901241355","0,642837397598511",103.35553032831864,89.2248389525106,11.593441427741856,10.008394722659627,46,Larroque-Toirac,137
2445,46159,1702.4444444444443,1665.25,1732.2,6.94286378935019,7.19584259722488,"0,746277063071734","0,602965606164897",83.31436547220227,86.35011116669855,4.893808179414048,5.072125052214378,46,Latouille-Lentillac,252
2446,46160,874.357142857143,864.857142857143,883.857142857143,7.6012818277856,6.42721510864854,"0,713753713241137","0,682861325785664",91.2153819334272,77.12658130378249,10.43227961006438,8.820947130569028,46,Latronquière,438
2447,46162,1354.6666666666667,1752.0,560.0,7.61963400466696,7.43540324604255,"0,735296996664609","0,642837397598511",91.43560805600352,89.2248389525106,6.749675791535692,6.586479253384148,46,Lauzès,213
2448,46163,1012.1875,1078.625,945.75,6.94286378935019,7.19584259722488,"0,746277063071734","0,602965606164897",83.31436547220227,86.35011116669855,8.231119774962867,8.531039077907852,46,Laval-de-Cère,294
2449,46165,1343.6666666666667,1234.0,1398.5,6.80731219944431,7.3708258093124,"0,712353784308368","0,687209982520759",81.68774639333172,88.4499097117488,6.079465124782812,6.582727093407254,46,Lavergne,496
2450,46168,1374.900000000002,1458.57142857143,1179.66666666667,8.55816788588013,6.52314458668559,"0,7383083900451","0,620890075079722",102.69801463056154,78.27773504022709,7.46948975420477,5.693340245852569,46,Lentillac-Saint-Blaise,199
2451,46169,2142.600000000002,1873.25,2322.16666666667,8.08410023604492,7.39077340900558,"0,809058910645132","0,750588433344521",97.00920283253905,88.68928090806696,4.527639448919022,4.139329828622556,46,Léobard,231
2452,46170,1423.105263157899,1565.66666666667,1178.71428571429,6.80731219944431,6.99171667170178,"0,712353784308368","0,715516984133898",81.68774639333172,83.90060006042135,5.740105704624056,5.895600433255672,46,Leyme,955
2453,46171,2011.4545454545448,1085.75,2540.42857142857,7.34094363479194,7.39077340900558,"0,639304432492223","0,750588433344521",88.09132361750328,88.68928090806696,4.379483683415603,4.409211289834298,46,Lherm,237
2454,46172,2037.3333333333333,2178.0,1967.0,9.0221057111606,7.60603942836817,"0,788138669401462","0,778444284989951",108.2652685339272,91.27247314041804,5.31406750002915,4.479997045504812,46,Lhospitalet,512
2455,46173,1473.2222222222229,1445.30769230769,1499.14285714286,8.61296086069322,6.66703697191052,"0,822254901241355","0,608040862538914",103.35553032831864,80.00444366292623,7.01561032472183,5.430575405131124,46,Limogne-en-Quercy,852
2456,46175,1892.6000000000008,1676.57142857143,2081.625,8.55816788588013,6.42721510864854,"0,7383083900451","0,682861325785664",102.69801463056154,77.12658130378249,5.42629264665336,4.075165449845844,46,Lissac-et-Mouret,979
2457,46176,1777.6842105263158,1654.0,1947.75,7.1467394529193,6.99171667170178,"0,694311264213314","0,715516984133898",85.7608734350316,83.90060006042135,4.824303041406917,4.7196571564069325,46,Livernon,734
2458,46177,2122.75,2159.5,2049.25,8.83934273091787,6.99171667170178,"0,731628796991","0,715516984133898",106.07211277101445,83.90060006042135,4.996919692427957,3.952448477702101,46,Loubressac,535
2459,46178,1823.2857142857129,2076.0,1486.33333333333,9.07856993881885,7.49715127792428,"0,803474901312752","0,72584688226569",108.9428392658262,89.96581533509135,5.9750832473617805,4.93426864644394,46,Loupiac,276
2460,46180,1795.357142857145,1690.71428571429,1900.0,8.55816788588013,6.52314458668559,"0,7383083900451","0,620890075079722",102.69801463056154,78.27773504022709,5.720199740711597,4.360009113042284,46,Lunan,642
2461,46181,1333.0,570.0,2096.0,7.61963400466696,7.3708258093124,"0,735296996664609","0,687209982520759",91.43560805600352,88.4499097117488,6.859385450562904,6.635402078900886,46,Lunegarde,99
2462,46182,1433.419999999997,1438.70967741935,1424.78947368421,9.0221057111606,7.41940893990361,"0,788138669401462","0,708447147647264",108.2652685339272,89.03290727884331,7.552934138907469,6.211222619946945,46,Luzech,1785
2463,46183,1775.3846153846146,1643.5,1888.42857142857,8.61296086069322,7.43540324604255,"0,822254901241355","0,642837397598511",103.35553032831864,89.2248389525106,5.821585330451227,5.025662505990634,46,Marcilhac-sur-Célé,185
2464,46184,2126.538461538461,2163.5,2067.4,7.34094363479194,7.39077340900558,"0,639304432492223","0,750588433344521",88.09132361750328,88.68928090806696,4.142474975682918,4.170593784788824,46,Marminiac,354
2465,46185,2231.8214285714294,2064.90909090909,2471.30434782609,8.34426162904871,7.43773503864875,"0,788547140303265","0,686157572634259",100.13113954858451,89.252820463785,4.4865211108165415,3.999102227498326,46,Martel,1675
2466,46187,2092.666666666664,1965.47058823529,2401.57142857143,7.59286164202106,7.58760793113095,"0,698584250520768","0,719670132771627",91.11433970425271,91.0512951735714,4.353982464363787,4.350969823522054,46,Mauroux,565
2467,46188,2231.0,1515.33333333333,2946.66666666667,8.08410023604492,7.9553232307563,"0,809058910645132","0,746485158322945",97.00920283253905,95.4638787690756,4.348238585053297,4.278972602827235,46,Maxou,298
2468,46189,1293.6666666666667,1416.25,1048.5,7.1312749996481,7.43773503864875,"0,702652301989459","0,686157572634259",85.5752999957772,89.252820463785,6.614942024924803,6.89921312526037,46,Mayrinhac-Lentour,501
2469,46190,2221.857142857146,2437.16666666667,930.0,7.1467394529193,7.9553232307563,"0,694311264213314","0,746485158322945",85.7608734350316,95.4638787690756,3.859873426639364,4.296580411390267,46,Mechmont,129
2470,46191,1729.8235294117671,1651.375,1799.55555555556,9.0221057111606,7.9553232307563,"0,788138669401462","0,746485158322945",108.2652685339272,95.4638787690756,6.2587464381839695,5.51870622326073,46,Mercuès,1152
2471,46192,1486.6,1347.75,2042.0,7.95356031779601,7.5385017531093,"0,744843572757144","0,68609029424535",95.44272381355212,90.4620210373116,6.420202059299888,6.085162184670497,46,Meyronne,267
2472,46193,2103.699999999998,1520.0,2353.85714285714,7.1312749996481,7.43773503864875,"0,702652301989459","0,686157572634259",85.5752999957772,89.252820463785,4.067847126290692,4.242659146446028,46,Miers,457
2473,46194,2493.333333333333,2544.5,2391.0,9.07856993881885,7.39077340900558,"0,803474901312752","0,750588433344521",108.9428392658262,88.68928090806696,4.3693652111962376,3.5570567209117763,46,Milhac,204
2474,46195,1610.2857142857165,1571.66666666667,1679.8,6.80731219944431,6.99171667170178,"0,712353784308368","0,715516984133898",81.68774639333172,83.90060006042135,5.072872824284256,5.2102927645754855,46,Molières,369
2475,46197,2161.079999999998,2329.53333333333,1908.4,9.0221057111606,7.60603942836817,"0,788138669401462","0,778444284989951",108.2652685339272,91.27247314041804,5.009776062613476,4.223465727340872,46,Le Montat,1228
2476,46199,1883.0,1622.75,2403.5,7.34094363479194,6.51236622169705,"0,639304432492223","0,686900472537616",88.09132361750328,78.1483946603646,4.678243421003892,4.150206832733118,46,Montcabrier,348
2477,46200,1975.57142857143,1579.66666666667,2272.5,8.08410023604492,7.39077340900558,"0,809058910645132","0,750588433344521",97.00920283253905,88.68928090806696,4.910437629819747,4.489297609056824,46,Montcléra,278
2478,46201,1869.47435897436,1749.41025641026,1989.53846153846,7.59286164202106,7.30383769729053,"0,698584250520768","0,741195081587723",91.11433970425271,87.64605236748636,4.873794565133288,4.688272505410085,46,Montcuq-en-Quercy-Blanc,1864
2479,46202,1406.875,1471.25,1342.5,8.61296086069322,8.65988960493519,"0,822254901241355","0,729034152770241",103.35553032831864,103.91867525922228,7.346461507121717,7.386489578620865,46,Montdoumerc,575
2480,46203,2605.333333333333,2326.0,2745.0,7.6012818277856,6.42721510864854,"0,713753713241137","0,682861325785664",91.2153819334272,77.12658130378249,3.501102172470338,2.960334492212736,46,Montet-et-Bouxal,219
2481,46204,1208.2,1158.0,1233.3,7.61963400466696,7.49715127792428,"0,735296996664609","0,72584688226569",91.43560805600352,89.96581533509135,7.56791988544972,7.446268443559953,46,Montfaucon,597
2482,46205,1825.4666666666667,1929.0,1734.875,8.08410023604492,7.39077340900558,"0,809058910645132","0,750588433344521",97.00920283253905,88.68928090806696,5.314213872208333,4.858444283182399,46,Montgesty,323
2483,46206,1514.25,1453.0,1575.5,7.20315414631668,7.30383769729053,"0,703036039376227","0,741195081587723",86.43784975580016,87.64605236748636,5.708294519121688,5.788083365856784,46,Montlauzun,125
2484,46208,1799.5454545454536,1840.5,1690.33333333333,7.95356031779601,7.5385017531093,"0,744843572757144","0,68609029424535",95.44272381355212,90.4620210373116,5.30371286662831,5.026937264008225,46,Montvalent,317
2485,46209,2262.0,1948.5,2418.75,9.07856993881885,7.5385017531093,"0,803474901312752","0,68609029424535",108.9428392658262,90.4620210373116,4.816217474174456,3.9992051740632895,46,Nadaillac-de-Rouge,174
2486,46210,1862.3333333333333,1461.0,2063.0,7.1467394529193,7.9553232307563,"0,694311264213314","0,746485158322945",85.7608734350316,95.4638787690756,4.60502273680141,5.126036089264844,46,Nadillac,74
2487,46211,1715.9999999999984,1723.33333333333,1710.5,8.08410023604492,7.9553232307563,"0,809058910645132","0,746485158322945",97.00920283253905,95.4638787690756,5.653216948283166,5.5631630984309846,46,Nuzéjouls,354
2488,46213,3769.875000000002,5168.0,1439.66666666667,7.1312749996481,7.43773503864875,"0,702652301989459","0,686157572634259",85.5752999957772,89.252820463785,2.269977121145321,2.3675273175844014,46,Padirac,187
2489,46214,1939.5,2153.0,1299.0,9.0221057111606,7.41940893990361,"0,788138669401462","0,708447147647264",108.2652685339272,89.03290727884331,5.582122636448941,4.590508238146084,46,Parnac,392
2490,46215,1894.2777777777776,2301.7,1385.0,7.61963400466696,7.49715127792428,"0,735296996664609","0,72584688226569",91.43560805600352,89.96581533509135,4.826937692489261,4.749346499784862,46,Payrac,681
2491,46216,1872.5263157894728,1751.0,2135.83333333333,8.08410023604492,7.3708258093124,"0,809058910645132","0,687209982520759",97.00920283253905,88.4499097117488,5.180658985379288,4.72356030278045,46,Payrignac,683
2492,46217,1484.2499999999975,1423.33333333333,1667.0,9.0221057111606,8.65988960493519,"0,788138669401462","0,729034152770241",108.2652685339272,103.91867525922228,7.294274450660427,7.001426663919317,46,Pern,437
2493,46218,1740.4,882.0,1955.0,7.34094363479194,7.41940893990361,"0,639304432492223","0,708447147647264",88.09132361750328,89.03290727884331,5.061556172000877,5.115657738384469,46,Pescadoires,189
2494,46219,1916.0,3167.0,665.0,7.61963400466696,7.3708258093124,"0,735296996664609","0,687209982520759",91.43560805600352,88.4499097117488,4.772213364092042,4.616383596646597,46,Peyrilles,356
2495,46220,2083.3181818181843,2168.71428571429,1933.875,7.95356031779601,7.5385017531093,"0,744843572757144","0,68609029424535",95.44272381355212,90.4620210373116,4.5812840614800345,4.342208589489784,46,Pinsac,799
2496,46221,2233.75,2110.33333333333,2357.16666666667,8.55816788588013,6.52314458668559,"0,7383083900451","0,620890075079722",102.69801463056154,78.27773504022709,4.597560811664758,3.5043194198199035,46,Planioles,565
2497,46223,2140.7499999999973,2198.33333333333,1968.0,7.34094363479194,7.41940893990361,"0,639304432492223","0,708447147647264",88.09132361750328,89.03290727884331,4.1149748273970985,4.15895864901756,46,Pontcirq,185
2498,46224,1809.9714285714283,1786.89393939394,1849.02564102564,10.1890401100746,8.56213925136645,"0,788138669401462","0,778444284989951",122.2684813208952,102.7456710163974,6.755271347979183,5.676646017417653,46,Pradines,3703
2499,46225,2120.5494505494507,2125.58490566038,2113.52631578947,9.1662728155915,8.01778086943425,"0,788138669401462","0,708447147647264",109.995273787098,96.213370433211,5.187111942076964,4.537190604457791,46,Prayssac,2549
2500,46226,1434.0,1236.0,1533.0,7.6012818277856,6.42721510864854,"0,713753713241137","0,682861325785664",91.2153819334272,77.12658130378249,6.3609052952180765,5.37842268506154,46,Prendeignes,239
2501,46227,2341.600000000002,2568.0,2190.66666666667,7.45242767223032,6.66703697191052,"0,668003573484317","0,608040862538914",89.42913206676384,80.00444366292623,3.8191463984781246,3.4166571431041235,46,Promilhanes,234
2502,46228,1762.304347826085,1795.07692307692,1719.7,8.83934273091787,7.43773503864875,"0,731628796991","0,686157572634259",106.07211277101445,89.252820463785,6.018944054803087,5.064552020987978,46,Prudhomat,761
2503,46229,1877.6774193548367,1907.22222222222,1836.76923076923,8.83934273091787,7.41213941566877,"0,731628796991","0,66067962489267",106.07211277101445,88.94567298802525,5.649112657884571,4.737004986649233,46,Puybrun,1015
2504,46230,824.6666666666666,659.5,1155.0,8.61296086069322,6.52314458668559,"0,822254901241355","0,620890075079722",103.35553032831864,78.27773504022709,12.533006911275503,9.492045477796331,46,Puyjourdes,94
2505,46231,1835.7236842105265,1886.51282051282,1782.18918918919,8.198063829908,7.41940893990361,"0,639304432492223","0,708447147647264",98.376765958896,89.03290727884331,5.359018179318421,4.850016810516498,46,Puy-l'Évêque,1895
2506,46232,1665.484848484851,1527.34782608696,1983.2,7.1312749996481,7.41213941566877,"0,702652301989459","0,66067962489267",85.5752999957772,88.94567298802525,5.138161423301329,5.340527298638723,46,Le Vignon-en-Quercy,976
2507,46233,1443.5,1667.0,1220.0,7.61963400466696,6.99171667170178,"0,735296996664609","0,715516984133898",91.43560805600352,83.90060006042135,6.334299137928889,5.812303433350976,46,Quissac-en-Quercy,107
2508,46236,1615.4,1581.75,1750.0,7.61963400466696,7.49715127792428,"0,735296996664609","0,72584688226569",91.43560805600352,89.96581533509135,5.6602456392227,5.5692593373214905,46,Reilhaguet,151
2509,46237,1692.7777777777744,1516.28571428571,2310.5,6.80731219944431,6.99171667170178,"0,712353784308368","0,715516984133898",81.68774639333172,83.90060006042135,4.825662734099028,4.956385956966154,46,Reyrevignes,378
2510,46238,2266.0000000000023,2031.66666666667,2617.5,7.95356031779601,7.3708258093124,"0,744843572757144","0,687209982520759",95.44272381355212,88.4499097117488,4.211947211542455,3.903349943148664,46,Rignac,301
2511,46239,1536.5,1618.33333333333,1454.66666666667,7.95356031779601,7.5385017531093,"0,744843572757144","0,68609029424535",95.44272381355212,90.4620210373116,6.211696961506809,5.887537978347647,46,Le Roc,212
2512,46240,2650.812499999998,2286.72727272727,3451.8,7.95356031779601,7.43773503864875,"0,744843572757144","0,686157572634259",95.44272381355212,89.252820463785,3.6005082899508056,3.366998626413036,46,Rocamadour,621
2513,46241,1859.125,1780.75,1937.5,7.61963400466696,7.49715127792428,"0,735296996664609","0,72584688226569",91.43560805600352,89.96581533509135,4.918206578686399,4.8391482732517375,46,Rouffilhac,199
2514,46242,1233.099999999999,1227.0,1247.33333333333,6.80731219944431,6.99171667170178,"0,712353784308368","0,715516984133898",81.68774639333172,83.90060006042135,6.624584088340912,6.804038606797617,46,Rudelle,187
2515,46243,1197.200000000002,1596.66666666667,598.0,7.1312749996481,7.3708258093124,"0,702652301989459","0,687209982520759",85.5752999957772,88.4499097117488,7.147953557949971,7.388064626774862,46,Rueyres,199
2516,46245,1554.8571428571445,1106.5,2152.66666666667,7.1467394529193,7.3708258093124,"0,694311264213314","0,687209982520759",85.7608734350316,88.4499097117488,5.515675432242011,5.68861969847704,46,Sabadel-Lauzès,93
2517,46246,1724.0,2059.0,1389.0,6.80731219944431,6.99171667170178,"0,712353784308368","0,715516984133898",81.68774639333172,83.90060006042135,4.738268352281422,4.866624133435113,46,Saignes,75
2518,46247,1148.2000000000005,862.666666666667,1576.5,7.20315414631668,7.9553232307563,"0,703036039376227","0,746485158322945",86.43784975580016,95.4638787690756,7.528117902438612,8.314220411868627,46,Saillac,154
2519,46250,1561.0,1719.8,767.0,8.08410023604492,7.39077340900558,"0,809058910645132","0,750588433344521",97.00920283253905,88.68928090806696,6.214554954038376,5.681568283668607,46,Saint-Caprais,82
2520,46251,1591.6346153846157,1562.95,1630.75,7.68028309595876,6.98088124587217,"0,712353784308368","0,715516984133898",92.16339715150512,83.77057495046604,5.7904871043052815,5.263178756025172,46,Saint-Céré,3588
2521,46252,1551.2727272727252,1526.83333333333,1580.6,7.1467394529193,7.3708258093124,"0,694311264213314","0,687209982520759",85.7608734350316,88.4499097117488,5.528420111259663,5.701763987513116,46,Les Pechs du Vers,308
2522,46253,1377.2222222222244,1563.0,1324.14285714286,7.61963400466696,7.3708258093124,"0,735296996664609","0,687209982520759",91.43560805600352,88.4499097117488,6.639132492973217,6.422341165032174,46,Saint-Chamarand,191
2523,46254,2184.5,957.0,3412.0,8.61296086069322,6.66703697191052,"0,822254901241355","0,608040862538914",103.35553032831864,80.00444366292623,4.731312901273457,3.66236867305682,46,Saint-Chels,145
2524,46255,1984.23076923077,1496.88888888889,3080.75,7.6012818277856,6.42721510864854,"0,713753713241137","0,682861325785664",91.2153819334272,77.12658130378249,4.59701479020955,3.886976378946199,46,Saint-Cirgues,334
2525,46256,2183.9999999999977,2550.85714285714,900.0,8.61296086069322,7.9553232307563,"0,822254901241355","0,746485158322945",103.35553032831864,95.4638787690756,4.732396077303973,4.3710567201957735,46,Saint-Cirq-Lapopie,210
2526,46257,1872.8,2044.4,1701.2,8.08410023604492,7.39077340900558,"0,809058910645132","0,750588433344521",97.00920283253905,88.68928090806696,5.179901902634508,4.735651479499517,46,Saint-Cirq-Madelon,155
2527,46258,1645.5,1435.4,2696.0,7.95356031779601,7.3708258093124,"0,744843572757144","0,687209982520759",95.44272381355212,88.4499097117488,5.800226302859443,5.375260389653528,46,Saint-Cirq-Souillaguet,173
2528,46259,1059.3333333333333,1276.5,625.0,7.95356031779601,7.3708258093124,"0,744843572757144","0,687209982520759",95.44272381355212,88.4499097117488,9.009697024564392,8.349582414576666,46,Saint-Clair,142
2529,46260,1541.0,1917.0,1165.0,7.6012818277856,7.43540324604255,"0,713753713241137","0,642837397598511",91.2153819334272,89.2248389525106,5.919233091072499,5.790060931376418,46,Sainte-Colombe,244
2530,46262,1866.315789473685,2014.88888888889,1732.6,7.20315414631668,7.30383769729053,"0,703036039376227","0,741195081587723",86.43784975580016,87.64605236748636,4.631469671066561,4.696206979645347,46,Lendou-en-Quercy,632
2531,46263,1485.6,1556.6,1414.6,7.20315414631668,7.60603942836817,"0,703036039376227","0,778444284989951",86.43784975580016,91.27247314041804,5.818379762775994,6.143812139231156,46,Barguelonne-en-Quercy,722
2532,46264,2654.3333333333358,1522.66666666667,3786.0,9.0221057111606,7.3708258093124,"0,788138669401462","0,687209982520759",108.2652685339272,88.4499097117488,4.078812075873181,3.332283425031348,46,Saint-Denis-Catus,210
2533,46265,1510.9999999999984,1439.85714285714,1594.0,7.1312749996481,7.41213941566877,"0,702652301989459","0,66067962489267",85.5752999957772,88.94567298802525,5.663487756173216,5.886543546527157,46,Saint-Denis-lès-Martel,337
2534,46266,1582.111111111111,1751.2,1370.75,8.55816788588013,6.52314458668559,"0,7383083900451","0,620890075079722",102.69801463056154,78.27773504022709,6.491201149484191,4.947676208736876,46,Saint-Félix,544
2535,46267,1726.7142857142842,1588.25,1911.33333333333,8.08410023604492,7.3708258093124,"0,809058910645132","0,687209982520759",97.00920283253905,88.4499097117488,5.618138659946835,5.122440373808573,46,Saint-Germain-du-Bel-Air,614
2536,46268,1723.5925925925922,1630.5,1778.35294117647,7.61963400466696,7.9553232307563,"0,735296996664609","0,746485158322945",91.43560805600352,95.4638787690756,5.304943201134786,5.538656825246668,46,Saint Géry-Vers,934
2537,46270,1599.3636363636354,1077.75,1897.42857142857,7.45242767223032,6.52314458668559,"0,668003573484317","0,620890075079722",89.42913206676384,78.27773504022709,5.591544663982282,4.894305038609097,46,Saint-Jean-de-Laur,248
2538,46271,1332.0833333333308,1148.4,1463.28571428571,8.83934273091787,6.99171667170178,"0,731628796991","0,715516984133898",106.07211277101445,83.90060006042135,7.962873651874732,6.298449801220257,46,Saint-Jean-Lespinasse,427
2539,46273,1725.2631578947364,1717.1875,1768.33333333333,8.83934273091787,6.99171667170178,"0,731628796991","0,715516984133898",106.07211277101445,83.90060006042135,6.148170050790955,4.863061016314845,46,Saint-Laurent-les-Tours,871
2540,46276,1421.2727272727273,1097.0,2286.0,7.45242767223032,7.43540324604255,"0,668003573484317","0,642837397598511",89.42913206676384,89.2248389525106,6.292186598019716,6.277812642174854,46,Saint-Martin-Labouval,198
2541,46277,1550.7142857142874,1802.0,1215.66666666667,7.34094363479194,6.51236622169705,"0,639304432492223","0,686900472537616",88.09132361750328,78.1483946603646,5.680693370083116,5.03950955893645,46,Saint-Martin-le-Redon,199
2542,46279,1418.75,950.0,1575.0,6.80731219944431,6.42721510864854,"0,712353784308368","0,682861325785664",81.68774639333172,77.12658130378249,5.757726618032192,5.43623480555295,46,Saint-Maurice-en-Quercy,208
2543,46280,1995.1250000000011,1934.57142857143,2419.0,8.08410023604492,7.41940893990361,"0,809058910645132","0,708447147647264",97.00920283253905,89.03290727884331,4.862312027193233,4.462522763177407,46,Saint-Médard,194
2544,46281,1724.0,2024.0,1424.0,8.83934273091787,6.99171667170178,"0,731628796991","0,715516984133898",106.07211277101445,83.90060006042135,6.152674754699214,4.866624133435113,46,Saint-Médard-de-Presque,204
2545,46283,1760.22222222222,1774.33333333333,1732.0,8.34426162904871,7.41213941566877,"0,788547140303265","0,66067962489267",100.13113954858451,88.94567298802525,5.688551041139135,5.053093402930364,46,Saint-Michel-de-Bannières,352
2546,46284,1803.400000000002,1660.66666666667,2017.5,8.83934273091787,6.99171667170178,"0,731628796991","0,715516984133898",106.07211277101445,83.90060006042135,5.88178511539394,4.652356662993304,46,Saint-Michel-Loubéjou,424
2547,46286,1567.0,1190.0,2321.0,6.80731219944431,7.19584259722488,"0,712353784308368","0,602965606164897",81.68774639333172,86.35011116669855,5.213002322484475,5.510536768774636,46,Saint-Paul-de-Vern,178
2548,46288,1858.5000000000025,1639.0,1931.66666666667,7.6012818277856,6.42721510864854,"0,713753713241137","0,682861325785664",91.2153819334272,77.12658130378249,4.908010865398283,4.149937116157244,46,Saint-Perdoux,206
2549,46289,1521.599999999998,1381.33333333333,1732.0,8.61296086069322,6.52314458668559,"0,822254901241355","0,620890075079722",103.35553032831864,78.27773504022709,6.79255588382747,5.144435793916087,46,Saint-Pierre-Toirac,168
2550,46290,1753.75,1623.25,1884.25,7.95356031779601,7.49715127792428,"0,744843572757144","0,72584688226569",95.44272381355212,89.96581533509135,5.4422080577934215,5.129911066861945,46,Saint-Projet,362
2551,46292,1425.2,1148.0,1610.0,7.1467394529193,6.99171667170178,"0,694311264213314","0,715516984133898",85.7608734350316,83.90060006042135,6.017462351601992,5.886935171233605,46,Saint-Simon,200
2552,46293,1940.9285714285693,1964.33333333333,1898.8,8.34426162904871,7.5385017531093,"0,788547140303265","0,68609029424535",100.13113954858451,90.4620210373116,5.1589296495793056,4.660759925375792,46,Saint-Sozy,498
2553,46295,1481.0,1048.33333333333,1913.66666666667,8.83934273091787,6.99171667170178,"0,731628796991","0,715516984133898",106.07211277101445,83.90060006042135,7.162195325524271,5.6651316718718,46,Saint-Vincent-du-Pendit,230
2554,46296,1580.3076923076924,1624.0,1482.0,9.0221057111606,7.60603942836817,"0,788138669401462","0,778444284989951",108.2652685339272,91.27247314041804,6.850898028334568,5.775614051915082,46,Saint-Vincent-Rive-d'Olt,441
2555,46297,1643.815789473682,1724.25,1554.44444444444,8.08410023604492,7.39077340900558,"0,809058910645132","0,750588433344521",97.00920283253905,88.68928090806696,5.901464352255645,5.395329663822218,46,Salviac,1244
2556,46299,1287.200000000002,991.0,1484.66666666667,8.61296086069322,7.43540324604255,"0,822254901241355","0,642837397598511",103.35553032831864,89.2248389525106,8.029484954033444,6.931699732171415,46,Sauliac-sur-Célé,119
2557,46301,1740.6000000000008,1608.57142857143,1856.125,7.20315414631668,7.41940893990361,"0,703036039376227","0,708447147647264",86.43784975580016,89.03290727884331,4.965980107767444,5.115069934438886,46,Sauzet,544
2558,46302,965.5,1016.0,915.0,6.94286378935019,6.42721510864854,"0,746277063071734","0,682861325785664",83.31436547220227,77.12658130378249,8.629141944298526,7.988252853835576,46,Sénaillac-Latronquière,131
2559,46303,2145.7500000000027,2072.66666666667,2365.0,7.61963400466696,7.3708258093124,"0,735296996664609","0,687209982520759",91.43560805600352,88.4499097117488,4.261242365420174,4.122097621426014,46,Sénaillac-Lauzès,147
2560,46304,3650.75,6170.0,1131.5,7.95356031779601,7.49715127792428,"0,744843572757144","0,72584688226569",95.44272381355212,89.96581533509135,2.6143319540793573,2.464310493325792,46,Séniergues,147
2561,46305,1803.0,1911.0,1479.0,7.59286164202106,7.58760793113095,"0,698584250520768","0,719670132771627",91.11433970425271,91.0512951735714,5.053485285870922,5.04998863968782,46,Sérignac,337
2562,46307,1696.4117647058863,1653.45454545455,1775.16666666667,9.0221057111606,7.58760793113095,"0,788138669401462","0,719670132771627",108.2652685339272,91.0512951735714,6.382015898875682,5.367287416175006,46,Soturac,650
2563,46308,680.5,467.0,894.0,7.61963400466696,7.3708258093124,"0,735296996664609","0,687209982520759",91.43560805600352,88.4499097117488,13.436533145628731,12.997782470499455,46,Soucirac,106
2564,46309,1442.2916666666645,1415.0303030303,1475.61111111111,8.11464270331703,7.16750244261701,"0,744843572757144","0,72584688226569",97.37571243980436,86.01002931140412,6.751457745356948,5.963428292571724,46,Souillac,3512
2565,46310,1877.5,1837.0,1918.0,8.08410023604492,7.3708258093124,"0,809058910645132","0,687209982520759",97.00920283253905,88.4499097117488,5.166934904529377,4.71104712179754,46,Soulomès,136
2566,46311,1209.228571428573,1158.26315789474,1269.75,6.94286378935019,7.19584259722488,"0,746277063071734","0,602965606164897",83.31436547220227,86.35011116669855,6.889877351622227,7.140925479844163,46,Sousceyrac-en-Quercy,1355
2567,46312,1533.2857142857142,1415.4,1828.0,8.34426162904871,7.43773503864875,"0,788547140303265","0,686157572634259",100.13113954858451,89.252820463785,6.530494520079117,5.821016894125547,46,Strenquels,270
2568,46313,1416.8,1459.33333333333,1398.57142857143,7.1312749996481,7.41213941566877,"0,702652301989459","0,66067962489267",85.5752999957772,88.94567298802525,6.040040937025495,6.2779272295331205,46,Tauriac,473
2569,46314,1395.6666666666667,1218.0,1617.75,6.80731219944431,6.99171667170178,"0,712353784308368","0,715516984133898",81.68774639333172,83.90060006042135,5.852955318366256,6.011507049946597,46,Terrou,214
2570,46315,1160.599999999998,634.5,1511.33333333333,6.94286378935019,7.19584259722488,"0,746277063071734","0,602965606164897",83.31436547220227,86.35011116669855,7.17855983734296,7.440126759150327,46,Teyssieu,166
2571,46316,2291.6874999999973,2159.08333333333,2689.5,8.08410023604492,7.39077340900558,"0,809058910645132","0,750588433344521",97.00920283253905,88.68928090806696,4.233090368234725,3.870042530147198,46,Thédirac,305
2572,46317,1779.4666666666649,1384.28571428571,2125.25,7.1312749996481,7.43773503864875,"0,702652301989459","0,686157572634259",85.5752999957772,89.252820463785,4.809042034829385,5.0157062301692505,46,Thégra,502
2573,46318,1722.8333333333333,1903.0,1362.5,6.80731219944431,7.3708258093124,"0,712353784308368","0,687209982520759",81.68774639333172,88.4499097117488,4.7414770084162745,5.133979474417073,46,Thémines,254
2574,46320,1721.5,1708.25,1734.75,8.61296086069322,7.9553232307563,"0,822254901241355","0,746485158322945",103.35553032831864,95.4638787690756,6.003806583114647,5.545389414410432,46,Tour-de-Faure,334
2575,46321,1395.66666666667,1162.66666666667,1628.66666666667,7.59286164202106,7.58760793113095,"0,698584250520768","0,719670132771627",91.11433970425271,91.0512951735714,6.528373993617328,6.523856831161059,46,Touzac,367
2576,46322,1881.1250000000011,1726.0,2139.66666666667,9.0221057111606,7.60603942836817,"0,788138669401462","0,778444284989951",108.2652685339272,91.27247314041804,5.755346855415091,4.852015317451949,46,Trespoux-Rassiels,849
2577,46323,1943.4999999999973,1833.0,1980.33333333333,7.1467394529193,7.9553232307563,"0,694311264213314","0,746485158322945",85.7608734350316,95.4638787690756,4.412702517881744,4.911956715671506,46,Ussel,98
2578,46324,1333.6666666666667,1296.0,1352.5,8.08410023604492,7.3708258093124,"0,809058910645132","0,687209982520759",97.00920283253905,88.4499097117488,7.273871744504302,6.63208520707939,46,Uzech,203
2579,46328,1980.3333333333333,2197.25,1546.5,7.20315414631668,7.9553232307563,"0,703036039376227","0,746485158322945",86.43784975580016,95.4638787690756,4.364813150435962,4.82059647041284,46,Varaire,368
2580,46329,1917.857142857143,1853.25,2004.0,7.20315414631668,7.9553232307563,"0,703036039376227","0,746485158322945",86.43784975580016,95.4638787690756,4.507001477024962,4.977632412540254,46,Vaylats,329
2581,46330,1500.292682926831,1377.5,1642.47368421053,7.1312749996481,7.41213941566877,"0,702652301989459","0,66067962489267",85.5752999957772,88.94567298802525,5.703907042246816,5.9285547413659625,46,Vayrac,1302
2582,46332,1401.0,1017.0,1785.0,8.55816788588013,6.52314458668559,"0,7383083900451","0,620890075079722",102.69801463056154,78.27773504022709,7.330336518955142,5.587275877246759,46,Viazac,354
2583,46333,1374.0,1789.5,958.5,8.61296086069322,8.42205800426854,"0,822254901241355","0,704116289716419",103.35553032831864,101.06469605122248,7.522236559557398,7.355509174033659,46,Vidaillac,186
2584,46334,2107.959183673467,2231.0,1999.11538461538,7.95356031779601,7.3708258093124,"0,744843572757144","0,687209982520759",95.44272381355212,88.4499097117488,4.527731113238512,4.1959972658298925,46,Le Vigan,1604
2585,46335,2282.0,2269.1,2314.25,9.0221057111606,7.41940893990361,"0,788138669401462","0,708447147647264",108.2652685339272,89.03290727884331,4.744315010250974,3.9015296791780583,46,Villesèque,409
2586,46336,2460.5,2655.75,1679.5,9.0221057111606,7.41940893990361,"0,788138669401462","0,708447147647264",108.2652685339272,89.03290727884331,4.400132840232766,3.6184884080001343,46,Vire-sur-Lot,377
2587,46337,1743.1428571428587,1694.66666666667,1779.5,8.34426162904871,7.49715127792428,"0,788547140303265","0,72584688226569",100.13113954858451,89.96581533509135,5.744287631864374,5.1611269246487375,46,Mayrac,264
2588,46339,1617.2857142857142,1705.25,1500.0,8.83934273091787,6.99171667170178,"0,731628796991","0,715516984133898",106.07211277101445,83.90060006042135,6.558650202253345,5.187741369339718,46,Saint-Jean-Lagineste,397
2589,46340,1807.3333333333333,1909.5,1756.25,9.0221057111606,7.9553232307563,"0,788138669401462","0,746485158322945",108.2652685339272,95.4638787690756,5.990332084134667,5.282029441298908,46,Saint-Pierre-Lafeuille,402
2590,48001,1628.0,2221.0,1035.0,7.02831324194728,6.67031501909787,"0,711480532622473","0,710098926828929",84.33975890336735,80.04378022917444,5.18057487121421,4.916694117271158,48,Albaret-le-Comtal,140
2591,48002,1792.4444444444468,2049.66666666667,1278.0,8.23559431646865,6.37733914558165,"0,697781496141683","0,770802596299521",98.8271317976238,76.5280697469798,5.513539463046199,4.2694807074313,48,Albaret-Sainte-Marie,574
2592,48003,1140.0,1115.75,1237.0,7.23034912433472,8.14741233068757,"0,684230249255959","0,702060763792701",86.76418949201664,97.76894796825084,7.61089381508918,8.576223505986917,48,Allenc,274
2593,48004,1574.75,1731.8,1313.0,7.60458747026525,8.14741233068757,"0,714923441401196","0,702060763792701",91.255049643183,97.76894796825084,5.79489122992113,6.208537734132456,48,Altier,222
2594,48005,1726.5,1310.0,2143.0,8.45439722021715,6.67031501909787,"0,769112601928602","0,710098926828929",101.4527666426058,80.04378022917444,5.876210057492372,4.636187676175757,48,Antrenas,335
2595,48008,1477.428571428571,1244.0,1570.8,7.23034912433472,6.37733914558165,"0,684230249255959","0,770802596299521",86.76418949201664,76.5280697469798,5.872648679598884,5.179815202367614,48,Arzenc-de-Randon,194
2596,48009,1532.0227272727243,1590.10344827586,1419.73333333333,8.74144571391316,6.67031501909787,"0,769112601928602","0,710098926828929",104.89734856695792,80.04378022917444,6.846983840356862,5.224712323404415,48,Peyre en Aubrac,2417
2597,48010,953.875,989.857142857143,702.0,6.82236177274155,6.37166696775055,"0,721081199448379","0,646455765663435",81.86834127289859,76.4600036130066,8.582711704667654,8.015725709658666,48,Auroux,371
2598,48012,1285.25,919.5,1651.0,7.02831324194728,6.67031501909787,"0,711480532622473","0,710098926828929",84.33975890336735,80.04378022917444,6.562128683397576,6.227876306490912,48,Les Monts-Verts,323
2599,48013,1575.058823529413,1318.77777777778,1863.375,8.43709980986379,6.37733914558165,"0,785739613660051","0,770802596299521",101.24519771836547,76.5280697469798,6.428026446116716,4.858743597619718,48,Badaroux,1002
2600,48015,1841.8999999999976,1765.33333333333,1956.75,7.0455644755369,7.73330042532905,"0,779320297898563","0,741809085040585",84.5467737064428,92.7996051039486,4.590193479908947,5.038254253974088,48,Pied-de-Borne,199
2601,48016,1594.7,1505.4,1684.0,8.45439722021715,6.41662753384697,"0,769112601928602","0,665391626855589",101.4527666426058,76.99953040616364,6.361871614887177,4.828464940500636,48,Balsièges,602
2602,48017,1807.2105263157891,1357.0,2212.4,7.48999700928688,6.52034579031579,"0,729744805016218","0,684869111304838",89.87996411144256,78.24414948378949,4.973408620780525,4.329553659877101,48,Banassac-Canilhac,1106
2603,48018,1574.5555555555557,1573.6,1575.75,8.45439722021715,6.37733914558165,"0,769112601928602","0,770802596299521",101.4527666426058,76.5280697469798,6.443263706043696,4.8602965755614855,48,Barjac,809
2604,48019,1631.384615384617,1734.77777777778,1398.75,7.39943213468797,6.14322539197853,"0,813032634773633","0,665391626855589",88.79318561625564,73.71870470374236,5.442811264670512,4.518781408660174,48,Barre-des-Cévennes,207
2605,48020,1557.599999999998,1678.0,1477.33333333333,8.43709980986379,6.41662753384697,"0,785739613660051","0,665391626855589",101.24519771836547,76.99953040616364,6.50007689511849,4.943472676307379,48,Bassurels,63
2606,48021,1239.833333333335,1105.5,1374.16666666667,7.60458747026525,7.73330042532905,"0,714923441401196","0,741809085040585",91.255049643183,92.7996051039486,7.360267480294357,7.4848451488599395,48,La Bastide-Puylaurent,183
2607,48025,1662.8571428571456,1664.66666666667,1652.0,8.45439722021715,6.37733914558165,"0,769112601928602","0,770802596299521",101.4527666426058,76.5280697469798,6.101111396032985,4.6022035071207705,48,Les Bessons,445
2608,48026,2234.0,1957.0,2511.0,7.02831324194728,6.37733914558165,"0,711480532622473","0,770802596299521",84.33975890336735,76.5280697469798,3.775280165772934,3.425607419291844,48,Blavignac,264
2609,48027,1390.5945945945923,1314.0,1471.44444444444,7.60458747026525,8.14741233068757,"0,714923441401196","0,702060763792701",91.255049643183,97.76894796825084,6.5623043551227855,7.030729757492978,48,Mont Lozère et Goulet,1135
2610,48028,1416.6666666666667,1833.25,583.5,7.60458747026525,6.14322539197853,"0,714923441401196","0,665391626855589",91.255049643183,73.71870470374236,6.441532915989387,5.203673273205343,48,Les Bondons,148
2611,48029,1088.5,408.0,1769.0,7.23034912433472,8.14741233068757,"0,684230249255959","0,702060763792701",86.76418949201664,97.76894796825084,7.97098663224774,8.9819887889987,48,Le Born,159
2612,48030,1643.2,1651.0,1612.0,8.45439722021715,6.37733914558165,"0,769112601928602","0,770802596299521",101.4527666426058,76.5280697469798,6.174097288376692,4.657258382849306,48,Brenoux,396
2613,48032,914.0,933.0,895.0,7.48999700928688,6.67031501909787,"0,729744805016218","0,710098926828929",89.87996411144256,80.04378022917444,9.833694104096562,8.757525189187575,48,Le Buisson,227
2614,48034,1613.6346153846157,1538.14285714286,1701.70833333333,7.48999700928688,6.52034579031579,"0,729744805016218","0,684869111304838",89.87996411144256,78.24414948378949,5.570031979638672,4.848938460900563,48,La Canourgue,2189
2615,48036,2240.285714285714,1989.0,2340.8,7.60458747026525,6.14322539197853,"0,714923441401196","0,665391626855589",91.255049643183,73.71870470374236,4.0733665827208325,3.290593884237958,48,Cassagnas,127
2616,48038,1104.2352941176473,979.666666666667,1244.375,7.23034912433472,6.37733914558165,"0,684230249255959","0,770802596299521",86.76418949201664,76.5280697469798,7.857400497359273,6.930413305447775,48,Bel-Air-Val-d'Ance,548
2617,48039,1510.1379310344828,1579.0,1454.1875,8.43709980986379,6.41662753384697,"0,785739613660051","0,665391626855589",101.24519771836547,76.99953040616364,6.704367570517877,5.098840895507936,48,Chanac,1464
2618,48041,2673.5,2625.0,2722.0,7.23034912433472,6.37733914558165,"0,684230249255959","0,770802596299521",86.76418949201664,76.5280697469798,3.245340919843525,2.8624675424342545,48,Chastanier,80
2619,48042,2140.5833333333358,2115.0,2166.16666666667,8.43709980986379,6.37733914558165,"0,785739613660051","0,770802596299521",101.24519771836547,76.5280697469798,4.72979473126634,3.5751035035767385,48,Chastel-Nouvel,968
2620,48043,1069.500000000002,1077.16666666667,1058.0,7.23034912433472,6.37733914558165,"0,684230249255959","0,770802596299521",86.76418949201664,76.5280697469798,8.11259368789308,7.155499742588093,48,Châteauneuf-de-Randon,525
2621,48045,1338.2857142857126,1450.0,1189.33333333333,7.60458747026525,8.14741233068757,"0,714923441401196","0,702060763792701",91.255049643183,97.76894796825084,6.818801745327517,7.305536248695098,48,Chaudeyrac,296
2622,48046,1022.0,923.0,1071.5,7.02831324194728,6.37733914558165,"0,711480532622473","0,770802596299521",84.33975890336735,76.5280697469798,8.252422593284477,7.488069446866908,48,Chaulhac,62
2623,48050,1677.0625000000018,1545.66666666667,1846.0,8.43709980986379,6.14322539197853,"0,785739613660051","0,665391626855589",101.24519771836547,73.71870470374236,6.037055727998532,4.3957040780377765,48,Bédouès-Cocurès,460
2624,48051,1849.176470588237,1688.45454545455,2143.83333333333,7.60458747026525,6.41662753384697,"0,714923441401196","0,665391626855589",91.255049643183,76.99953040616364,4.934902162915478,4.163990383333696,48,Le Collet-de-Dèze,726
2625,48053,1087.8,1064.5,1122.75,7.60458747026525,8.14741233068757,"0,714923441401196","0,702060763792701",91.255049643183,97.76894796825084,8.388954738295919,8.987768704564337,48,Cubières,199
2626,48056,1701.3333333333333,1532.5,1836.4,8.43709980986379,6.52034579031579,"0,785739613660051","0,684869111304838",101.24519771836547,78.24414948378949,5.950932467772266,4.598989977495464,48,Esclanèdes,438
2627,48058,1426.0000000000025,1250.0,1484.66666666667,7.02831324194728,6.67031501909787,"0,711480532622473","0,710098926828929",84.33975890336735,80.04378022917444,5.914429095607798,5.613168319016431,48,La Fage-Montivernoux,136
2628,48059,858.6666666666666,681.0,1214.0,7.02831324194728,6.67031501909787,"0,711480532622473","0,710098926828929",84.33975890336735,80.04378022917444,9.82217689092011,9.321868815509449,48,La Fage-Saint-Julien,310
2629,48061,1667.1351351351348,1520.75,1839.35294117647,8.97984496940982,6.14322539197853,"0,785739613660051","0,665391626855589",107.75813963291785,73.71870470374236,6.46367156218462,4.421879375589242,48,Florac Trois Rivières,2163
2630,48064,1128.7142857142885,1209.66666666667,643.0,7.02831324194728,6.67031501909787,"0,711480532622473","0,710098926828929",84.33975890336735,80.04378022917444,7.472197346203898,7.0915891862323726,48,Fournels,376
2631,48065,1675.8000000000022,2145.66666666667,971.0,8.43709980986379,6.14322539197853,"0,785739613660051","0,665391626855589",101.24519771836547,73.71870470374236,6.041603873873097,4.399015676318311,48,Fraissinet-de-Fourques,83
2632,48067,2050.5,2601.0,1500.0,8.43709980986379,6.41662753384697,"0,785739613660051","0,665391626855589",101.24519771836547,76.99953040616364,4.937585843373103,3.755158761578329,48,Gabriac,104
2633,48070,1159.105263157894,1276.11111111111,1053.8,7.23034912433472,6.37733914558165,"0,684230249255959","0,770802596299521",86.76418949201664,76.5280697469798,7.4854452179463165,6.602339940937279,48,Grandrieu,764
2634,48072,1136.25,1248.0,801.0,8.45439722021715,6.52034579031579,"0,769112601928602","0,684869111304838",101.4527666426058,78.24414948378949,8.928736338183128,6.88617377195067,48,Grèzes,219
2635,48073,1831.5,2139.0,909.0,7.48999700928688,6.67031501909787,"0,729744805016218","0,710098926828929",89.87996411144256,80.04378022917444,4.907450947935712,4.370394770907696,48,Les Hermaux,105
2636,48074,1478.8,1430.0,1491.0,7.39943213468797,6.14322539197853,"0,813032634773633","0,665391626855589",88.79318561625564,73.71870470374236,6.004408007590996,4.985035481724531,48,Hures-la-Parade,237
2637,48075,1834.923076923078,1231.27272727273,2277.6,8.43709980986379,6.14322539197853,"0,785739613660051","0,665391626855589",101.24519771836547,73.71870470374236,5.5176807677485975,4.017536518607572,48,Ispagnac,924
2638,48079,1367.1818181818164,1157.75,1486.85714285714,7.08188074988148,6.37733914558165,"0,81093080251129","0,770802596299521",84.98256899857776,76.5280697469798,6.215893736181638,5.5975049352801305,48,Lajo,119
2639,48080,1391.4074074074088,1454.0,1338.77272727273,7.35163898746082,8.14741233068757,"0,684230249255959","0,702060763792701",88.21966784952984,97.76894796825084,6.340318973427659,7.026622644651752,48,Langogne,3055
2640,48081,1980.5,2871.5,1089.5,8.43709980986379,8.14741233068757,"0,785739613660051","0,702060763792701",101.24519771836547,97.76894796825084,5.112102889086872,4.936579044092444,48,Lanuéjols,379
2641,48083,723.6249999999998,568.5,775.333333333333,7.08188074988148,6.67031501909787,"0,81093080251129","0,710098926828929",84.98256899857776,80.04378022917444,11.744006771266578,11.06150011804104,48,Les Laubies,155
2642,48086,1174.1666666666667,724.0,1264.2,7.60458747026525,8.14741233068757,"0,714923441401196","0,702060763792701",91.255049643183,97.76894796825084,7.771899188915514,8.326666966777928,48,Luc,212
2643,48087,1428.75,1535.75,1321.75,8.45439722021715,6.67031501909787,"0,769112601928602","0,710098926828929",101.4527666426058,80.04378022917444,7.100806064224378,5.602364320502148,48,Prinsuéjols-Malbouzon,258
2644,48088,1707.8333333333333,1269.75,2584.0,7.39943213468797,6.52034579031579,"0,813032634773633","0,684869111304838",88.79318561625564,78.24414948378949,5.199171598492573,4.581486258443808,48,La Malène,138
2645,48089,1655.857142857143,1713.5,1632.8,7.08188074988148,5.56366493631088,"0,81093080251129","0,581569476927373",84.98256899857776,66.76397923573056,5.132240384695404,4.0319890833415055,48,Le Malzieu-Forain,512
2646,48090,1368.9444444444432,1368.5,1369.83333333333,7.02831324194728,6.37733914558165,"0,711480532622473","0,770802596299521",84.33975890336735,76.5280697469798,6.160933648231052,5.590297696707267,48,Le Malzieu-Ville,762
2647,48092,1436.899159663867,1411.85964912281,1459.91935483871,9.29227049354826,6.67031501909787,"0,769112601928602","0,710098926828929",111.50724592257912,80.04378022917444,7.7602694087916335,5.5705913453174425,48,Marvejols,4974
2648,48094,2069.08695652174,2359.92857142857,1616.66666666667,7.67782728792633,6.52034579031579,"0,761280293865421","0,684869111304838",92.13392745511597,78.24414948378949,4.452878462391868,3.781578596161209,48,Massegros Causses Gorges,964
2649,48095,1958.9999999999995,1881.21951219512,2042.92105263158,9.64945159327939,8.65175593518899,"0,81093080251129","0,770802596299521",115.79341911935268,103.82107122226788,5.910843242437606,5.29969735693047,48,Mende,13121
2650,48096,1538.2500000000036,1431.92307692308,1735.71428571429,7.39943213468797,6.14322539197853,"0,813032634773633","0,665391626855589",88.79318561625564,73.71870470374236,5.772350763286555,4.792374757272367,48,Meyrueis,892
2651,48097,1385.0000000000002,737.666666666667,2356.0,7.17082089510038,6.41662753384697,"0,82125273973313","0,665391626855589",86.04985074120455,76.99953040616364,6.212985613083361,5.559532881311453,48,Moissac-Vallée-Française,223
2652,48098,1444.5,853.0,2036.0,7.39943213468797,6.41662753384697,"0,813032634773633","0,665391626855589",88.79318561625564,76.99953040616364,6.146984120197692,5.3305316999767145,48,Molezon,102
2653,48099,1705.0571428571404,1563.6875,1824.10526315789,7.48999700928688,6.67031501909787,"0,729744805016218","0,710098926828929",89.87996411144256,80.04378022917444,5.271375477823105,4.6944925314964046,48,Bourgs sur Colagne,2122
2654,48103,1924.875,1918.0,1945.5,8.45439722021715,6.52034579031579,"0,769112601928602","0,684869111304838",101.4527666426058,78.24414948378949,5.270615839605471,4.064895096242067,48,Montrodat,1243
2655,48104,1616.3076923076924,1679.5,1515.2,8.45439722021715,6.52034579031579,"0,769112601928602","0,684869111304838",101.4527666426058,78.24414948378949,6.276822607813989,4.84091920468905,48,Nasbinals,609
2656,48105,1895.0,1781.0,2123.0,7.23034912433472,6.37733914558165,"0,684230249255959","0,770802596299521",86.76418949201664,76.5280697469798,4.578585197467897,4.0384205671229445,48,Naussac-Fontanes,384
2657,48107,1273.6666666666667,667.0,1577.0,8.45439722021715,6.52034579031579,"0,769112601928602","0,684869111304838",101.4527666426058,78.24414948378949,7.965409576755231,6.143220320632516,48,Palhers,197
2658,48111,1293.1,1231.0,1438.0,7.23034912433472,8.14741233068757,"0,684230249255959","0,702060763792701",86.76418949201664,97.76894796825084,6.709781880134302,7.560818805061547,48,Pelouse,231
2659,48112,1053.1428571428555,1012.33333333333,1083.75,7.60458747026525,8.14741233068757,"0,714923441401196","0,702060763792701",91.255049643183,97.76894796825084,8.665020991620752,9.283540908542552,48,Pierrefiche,163
2660,48116,1872.3571428571413,1923.1875,1804.58333333333,7.60458747026525,6.41662753384697,"0,714923441401196","0,665391626855589",91.255049643183,76.99953040616364,4.8738057261838135,4.112438201221882,48,Pont de Montvert - Sud Mont Lozère,553
2661,48117,1302.5,1067.0,1538.0,7.0455644755369,8.14741233068757,"0,779320297898563","0,702060763792701",84.5467737064428,97.76894796825084,6.49111506383438,7.506253202936725,48,Pourcharesses,132
2662,48119,1566.9,2062.2,1071.6,7.60458747026525,7.73330042532905,"0,714923441401196","0,741809085040585",91.255049643183,92.7996051039486,5.8239230099676425,5.92249697517063,48,Prévenchères,276
2663,48121,1215.0,920.0,1510.0,8.45439722021715,6.37733914558165,"0,769112601928602","0,770802596299521",101.4527666426058,76.5280697469798,8.35002194589348,6.298606563537432,48,Prunières,237
2664,48124,883.0,689.0,1077.0,7.48999700928688,6.67031501909787,"0,729744805016218","0,710098926828929",89.87996411144256,80.04378022917444,10.178931382949328,9.06498077340594,48,Recoules-de-Fumas,102
2665,48126,1096.5,1126.25,1066.75,8.45439722021715,6.67031501909787,"0,769112601928602","0,710098926828929",101.4527666426058,80.04378022917444,9.25241829845926,7.29993435742585,48,Lachamp-Ribennes,385
2666,48127,1495.7073170731703,1325.0,1736.70588235294,7.08188074988148,6.37733914558165,"0,81093080251129","0,770802596299521",84.98256899857776,76.5280697469798,5.681764609193283,5.116513697127019,48,Monts-de-Randon,1232
2667,48128,1272.571428571429,1221.0,1311.25,8.45439722021715,6.37733914558165,"0,769112601928602","0,770802596299521",101.4527666426058,76.5280697469798,7.972265003348008,6.013656131891093,48,Rimeize,631
2668,48129,1402.875,1427.0,1330.5,7.23034912433472,8.14741233068757,"0,684230249255959","0,702060763792701",86.76418949201664,97.76894796825084,6.184741298548812,6.96918456514307,48,Rocles,250
2669,48131,1540.000000000002,2109.0,1160.66666666667,7.65675919580528,6.52034579031579,"0,774282081534991","0,684869111304838",91.88111034966336,78.24414948378949,5.966305866861249,5.080788927518791,48,Le Rozier,134
2670,48132,1348.6521739130426,1313.25,1403.72222222222,8.45439722021715,6.37733914558165,"0,769112601928602","0,770802596299521",101.4527666426058,76.5280697469798,7.522530167896885,5.674411180826386,48,Saint-Alban-sur-Limagnole,1415
2671,48136,1667.8000000000022,1411.5,1838.66666666667,7.17082089510038,6.41662753384697,"0,82125273973313","0,665391626855589",86.04985074120455,76.99953040616364,5.159482596306778,4.616832378352533,48,Saint-André-de-Lancize,165
2672,48137,1987.875,1497.25,2478.5,8.45439722021715,6.41662753384697,"0,769112601928602","0,665391626855589",101.4527666426058,76.99953040616364,5.103578778474794,3.873459367725015,48,Saint-Bauzile,610
2673,48139,1155.0,1165.6,1141.75,6.82236177274155,6.37166696775055,"0,721081199448379","0,646455765663435",81.86834127289859,76.4600036130066,7.088168075575635,6.619913732727844,48,Saint Bonnet-Laval,259
2674,48140,1496.6883116883082,1548.92682926829,1437.19444444444,9.00946799098745,6.67031501909787,"0,711480532622473","0,710098926828929",108.1136158918494,80.04378022917444,7.223522429322245,5.348059419190808,48,Saint-Chély-d'Apcher,4580
2675,48141,1858.5,1983.0,1734.0,7.39943213468797,6.14322539197853,"0,813032634773633","0,665391626855589",88.79318561625564,73.71870470374236,4.777680151533799,3.9665700674599065,48,Mas-Saint-Chély,108
2676,48144,2515.5,3036.0,2411.4,7.39943213468797,6.41662753384697,"0,813032634773633","0,665391626855589",88.79318561625564,76.99953040616364,3.529842401759318,3.061002997661047,48,Sainte-Croix-Vallée-Française,310
2677,48146,1783.4864864864874,1801.5,1766.42105263158,8.43709980986379,6.14322539197853,"0,785739613660051","0,665391626855589",101.24519771836547,73.71870470374236,5.676813280364184,4.13340416438871,48,Gorges du Tarn Causses,937
2678,48147,1584.6,1466.6,1820.6,8.43709980986379,8.14741233068757,"0,785739613660051","0,702060763792701",101.24519771836547,97.76894796825084,6.389322082441342,6.169944968335912,48,Saint-Étienne-du-Valdonnez,687
2679,48148,2060.0624999999973,2093.0,2034.44444444444,7.17082089510038,6.41662753384697,"0,82125273973313","0,665391626855589",86.04985074120455,76.99953040616364,4.177050489546054,3.737727879914505,48,Saint-Étienne-Vallée-Française,517
2680,48152,3305.0000000000023,2135.66666666667,5059.0,7.17082089510038,7.06641953117677,"0,82125273973313","0,704560464429316",86.04985074120455,84.79703437412124,2.603626346178653,2.565719648233621,48,Ventalon en Cévennes,263
2681,48153,1152.3333333333333,1395.0,667.0,8.45439722021715,6.37733914558165,"0,769112601928602","0,770802596299521",101.4527666426058,76.5280697469798,8.804116283708922,6.6411399838281575,48,Saint-Gal,92
2682,48155,2291.800000000002,1765.16666666667,2642.88888888889,7.39943213468797,6.41662753384697,"0,813032634773633","0,665391626855589",88.79318561625564,76.99953040616364,3.874386317141792,3.359784030289012,48,Saint-Germain-de-Calberte,486
2683,48156,1450.6249999999982,1633.0,1367.72727272727,7.48999700928688,6.67031501909787,"0,729744805016218","0,710098926828929",89.87996411144256,80.04378022917444,6.195947547535902,5.517882307913799,48,Saint-Germain-du-Teil,882
2684,48158,2123.8,2253.0,1607.0,7.17082089510038,6.41662753384697,"0,82125273973313","0,665391626855589",86.04985074120455,76.99953040616364,4.051692755495082,3.625554685288805,48,Saint-Hilaire-de-Lavit,104
2685,48160,1500.0,1547.0,1382.5,7.23034912433472,6.37733914558165,"0,684230249255959","0,770802596299521",86.76418949201664,76.5280697469798,5.7842792994677765,5.10187131646532,48,Saint-Jean-la-Fouillouse,131
2686,48161,1337.5,1094.0,1581.0,7.02831324194728,6.52034579031579,"0,711480532622473","0,684869111304838",84.33975890336735,78.24414948378949,6.305776366606905,5.850029867946877,48,Saint-Juéry,56
2687,48163,2266.5,2415.0,2118.0,7.60458747026525,7.06641953117677,"0,714923441401196","0,704560464429316",91.255049643183,84.79703437412124,4.02625412059047,3.741320731265,48,Saint-Julien-des-Points,122
2688,48165,855.6666666666666,783.5,1000.0,7.48999700928688,6.52034579031579,"0,729744805016218","0,684869111304838",89.87996411144256,78.24414948378949,10.504086183651255,9.144232506870608,48,Saint-Laurent-de-Muret,196
2689,48166,1373.6666666666667,1833.0,1144.0,7.60458747026525,6.14322539197853,"0,714923441401196","0,665391626855589",91.255049643183,73.71870470374236,6.643172747623124,5.366564283213469,48,Cans et Cévennes,301
2690,48167,1586.3333333333333,1410.0,1674.5,7.02831324194728,6.52034579031579,"0,711480532622473","0,684869111304838",84.33975890336735,78.24414948378949,5.316647966171508,4.932390175485784,48,Saint-Laurent-de-Veyrès,36
2691,48169,1880.2500000000025,1923.66666666667,1750.0,7.08188074988148,5.56366493631088,"0,81093080251129","0,581569476927373",84.98256899857776,66.76397923573056,4.519748384447687,3.55080330997104,48,Saint-Léger-du-Malzieu,221
2692,48170,2017.3750000000011,1888.8,2231.66666666667,7.17082089510038,6.41662753384697,"0,82125273973313","0,665391626855589",86.04985074120455,76.99953040616364,4.265436556971535,3.816817914674445,48,Saint-Martin-de-Boubaux,200
2693,48171,1954.833333333335,1615.66666666667,2294.0,7.39943213468797,6.41662753384697,"0,813032634773633","0,665391626855589",88.79318561625564,76.99953040616364,4.542238159242334,3.938930705405247,48,Saint-Martin-de-Lansuscle,194
2694,48173,2227.5,1928.5,2377.0,7.17082089510038,6.41662753384697,"0,82125273973313","0,665391626855589",86.04985074120455,76.99953040616364,3.863068495676972,3.4567690418030814,48,Saint-Michel-de-Dèze,231
2695,48174,1518.1999999999998,2479.5,877.333333333333,7.08188074988148,5.56366493631088,"0,81093080251129","0,581569476927373",84.98256899857776,66.76397923573056,5.597587208442746,4.39757470924322,48,Saint-Paul-le-Froid,136
2696,48175,1795.3333333333333,1893.0,1600.0,7.48999700928688,6.52034579031579,"0,729744805016218","0,684869111304838",89.87996411144256,78.24414948378949,5.006310663466909,4.358196220782928,48,Saint-Pierre-de-Nogaret,185
2697,48178,2180.571428571427,2504.375,1981.30769230769,7.17082089510038,6.41662753384697,"0,82125273973313","0,665391626855589",86.04985074120455,76.99953040616364,3.946206467429457,3.531162951016417,48,Saint-Privat-de-Vallongue,251
2698,48185,1460.2,1536.75,1154.0,7.48999700928688,6.52034579031579,"0,729744805016218","0,684869111304838",89.87996411144256,78.24414948378949,6.155318731094546,5.358454285973804,48,Les Salelles,171
2699,48187,743.5,560.5,926.5,8.45439722021715,6.52034579031579,"0,769112601928602","0,684869111304838",101.4527666426058,78.24414948378949,13.645294773719678,10.523759177375856,48,Les Salces,90
2700,48188,1384.200000000003,1648.71428571429,767.0,8.45439722021715,6.37733914558165,"0,769112601928602","0,770802596299521",101.4527666426058,76.5280697469798,7.329343060439646,5.528685865263664,48,Serverette,253
2701,48190,2482.5,3000.0,1965.0,8.23559431646865,6.6608672241038,"0,697781496141683","0,775505076035366",98.8271317976238,79.9304066892456,3.980951935453124,3.2197545494157342,48,Termes,221
2702,48193,1803.6666666666667,673.0,2029.8,8.43709980986379,6.14322539197853,"0,785739613660051","0,665391626855589",101.24519771836547,73.71870470374236,5.613298709205257,4.08715790262848,48,Vebron,225
2703,48194,1453.9166666666667,1338.0,1616.2,7.60458747026525,7.06641953117677,"0,714923441401196","0,704560464429316",91.255049643183,84.79703437412124,6.276497940724456,5.832317375419583,48,Vialas,479
2704,48198,2044.588235294115,1748.8,2167.83333333333,7.60458747026525,7.73330042532905,"0,714923441401196","0,741809085040585",91.255049643183,92.7996051039486,4.4632482994824585,4.538791894721009,48,Villefort,635
2705,65001,2505.0,2381.6,2813.5,8.45764565647514,8.42353719137337,"0,709879955768431","0,690279473538824",101.49174787770168,101.08244629648044,4.051566781544977,4.035227397065087,65,Adast,305
2706,65002,1865.7499999999973,1978.08333333333,1528.75,8.70257990224572,7.87735436731306,"0,74333093498076","0,645369557164986",104.43095882694864,94.52825240775672,5.597264308023518,5.066501535991256,65,Adé,846
2707,65003,2835.583333333333,2767.9,3174.0,8.47225639656891,7.03251888168524,"0,373536370401462","0,529945744326809",101.66707675882694,84.39022658022287,3.5854025365325275,2.976115199584666,65,Adervielle-Pouchergues,152
2708,65004,2180.9090909090887,2100.0,2248.33333333333,8.70257990224572,8.42353719137337,"0,74333093498076","0,690279473538824",104.43095882694864,101.08244629648044,4.788414118784645,4.634876653861134,65,Agos-Vidalos,404
2709,65005,2066.1428571428555,2219.33333333333,1951.25,8.08802658105303,8.72662497511508,"0,738053095755921","0,625342412278307",97.05631897263638,104.71949970138095,4.697464100176003,5.06835717285257,65,Allier,451
2710,65007,1950.3749999999973,1499.7,2272.28571428571,8.86851177276567,7.37018941855296,"0,875996438887023","0,564296619350868",106.42214127318805,88.44227302263552,5.456496380090401,4.534629136583254,65,Andrest,1372
2711,65009,1006.5,1180.0,833.0,7.42378448460729,8.72662497511508,"0,796006140708261","0,625342412278307",89.08541381528748,104.71949970138095,8.85100981771361,10.40432187793154,65,Anères,176
2712,65010,1525.2,1917.0,1264.0,8.08802658105303,8.72662497511508,"0,738053095755921","0,625342412278307",97.05631897263638,104.71949970138095,6.363514225848176,6.865951986715247,65,Angos,234
2713,65012,1253.0,2090.0,834.5,7.42378448460729,7.03251888168524,"0,796006140708261","0,529945744326809",89.08541381528748,84.39022658022287,7.109769658043694,6.7350539968254495,65,Anla,85
2714,65013,565.5,583.0,548.0,8.90137180144808,7.37018941855296,"0,798510385718213","0,564296619350868",106.81646161737696,88.44227302263552,18.888852629067543,15.639659243613709,65,Ansost,59
2715,65014,1401.6666666666667,1200.0,1805.0,7.42378448460729,7.03251888168524,"0,796006140708261","0,529945744326809",89.08541381528748,84.39022658022287,6.355677561138227,6.020705820229932,65,Antichan,40
2716,65015,1042.75,1082.5,1003.0,7.16501462110856,6.30555718894013,"0,707328839413505","0,468627955694727",85.98017545330272,75.66668626728156,8.24552150115586,7.256455168284015,65,Antin,99
2717,65016,2024.6000000000024,2024.66666666667,2024.5,8.1141438397925,9.1349754031671,"0,643116604949092","0,625342412278307",97.36972607751,109.6197048380052,4.809331526104411,5.414388266225679,65,Antist,190
2718,65017,2337.53125,2237.45714285714,2458.31034482759,8.47225639656891,8.42353719137337,"0,373536370401462","0,690279473538824",101.66707675882694,101.08244629648044,4.3493355119349495,4.324324917430749,65,Aragnouet,291
2719,65018,2015.5714285714291,2066.0,1830.66666666667,8.45764565647514,8.17635920519886,"0,709879955768431","0,772619824514368",101.49174787770168,98.11631046238632,5.035383337897169,4.867915325230023,65,Arbéost,79
2720,65019,1622.533333333332,1911.33333333333,1430.0,8.08802658105303,8.9115622751128,"0,738053095755921","0,672868418625837",97.05631897263638,106.9387473013536,5.981776582256336,6.590850560934774,65,Arcizac-Adour,612
2721,65020,1481.8,1627.0,901.0,7.82473001606648,7.87735436731306,"0,810235655050773","0,645369557164986",93.89676019279776,94.52825240775672,6.336668929194072,6.379285491142983,65,Arcizac-ez-Angles,261
2722,65021,2587.1111111111118,2605.0,2564.75,8.45764565647514,8.05699133833444,"0,709879955768431","0,686619818420153",101.49174787770168,96.68389606001328,3.922975995959952,3.737137367033669,65,Arcizans-Avant,399
2723,65024,2525.333333333333,2544.0,2488.0,8.1141438397925,9.1349754031671,"0,643116604949092","0,625342412278307",97.36972607751,109.6197048380052,3.8557177697007656,4.340801405940016,65,Argelès-Bagnères,104
2724,65025,2513.4299065420573,2284.69230769231,2729.69090909091,9.69570295417354,8.42353719137337,"0,709879955768431","0,690279473538824",116.34843545008246,101.08244629648044,4.629070225799655,4.021693464909403,65,Argelès-Gazost,2956
2725,65028,1049.7142857142858,904.666666666667,1158.5,9.12969107794915,6.84304690365783,"0,697626544767089","0,612625720550421",109.5562929353898,82.11656284389396,10.436772598635391,7.822753673207099,65,Arné,188
2726,65029,1979.4285714285716,1936.5,1996.6,8.45764565647514,8.05699133833444,"0,709879955768431","0,686619818420153",101.49174787770168,96.68389606001328,5.127325600057101,4.884434702800902,65,Arras-en-Lavedan,507
2727,65031,2234.894736842104,2167.0,2318.76470588235,7.85364025480845,7.03251888168524,"0,643116604949092","0,529945744326809",94.2436830577014,84.39022658022287,4.216918206665398,3.776026905833869,65,Arreau,751
2728,65032,2385.5416666666665,2024.93333333333,2986.55555555556,8.19545878163975,8.05699133833444,"0,725860728574569","0,686619818420153",98.345505379677,96.68389606001328,4.122564981943738,4.052911647320348,65,Arrens-Marsous,716
2729,65033,1695.0,1768.0,1622.0,8.70257990224572,8.42353719137337,"0,74333093498076","0,690279473538824",104.43095882694864,101.08244629648044,6.161118514864227,5.963566153184687,65,Arrodets-ez-Angles,116
2730,65035,1425.111111111111,1951.4,767.25,8.90137180144808,7.37018941855296,"0,798510385718213","0,564296619350868",106.81646161737696,88.44227302263552,7.495307613881122,6.205991401869015,65,Artagnan,526
2731,65036,3028.1428571428573,2661.0,3946.0,7.82473001606648,8.42353719137337,"0,810235655050773","0,690279473538824",93.89676019279776,101.08244629648044,3.100803516297515,3.338100316438001,65,Artalens-Souin,138
2732,65040,1344.3043478260836,1420.25,1328.31578947368,7.82473001606648,8.42353719137337,"0,810235655050773","0,690279473538824",93.89676019279776,101.08244629648044,6.984784386410795,7.519312606549552,65,Aspin-en-Lavedan,309
2733,65041,1810.166666666669,1798.71428571429,1826.2,9.12969107794915,8.72662497511508,"0,697626544767089","0,625342412278307",109.5562929353898,104.71949970138095,6.052276563965915,5.785075022634057,65,Asque,128
2734,65042,1753.818181818181,1815.33333333333,1711.23076923077,9.12969107794915,9.1349754031671,"0,697626544767089","0,625342412278307",109.5562929353898,109.6197048380052,6.246730366417626,6.25034601502207,65,Asté,584
2735,65044,1941.0,2046.5,1730.0,7.16501462110856,6.67978639563648,"0,707328839413505","0,468627955694727",85.98017545330272,80.15743674763776,4.429684464363871,4.129697926204933,65,Aubarède,292
2736,65045,2483.0,2583.66666666667,2382.33333333333,8.45764565647514,8.05699133833444,"0,709879955768431","0,686619818420153",101.49174787770168,96.68389606001328,4.08746467489737,3.893833913008992,65,Aucun,257
2737,65047,1709.7906976744164,1665.10784313725,1750.12389380531,8.54144301473436,9.48102194233043,"0,707328839413505","0,672868418625837",102.49731617681232,113.77226330796518,5.994728847000088,6.654163194519264,65,Aureilhan,8157
2738,65048,1644.9999999999975,1632.33333333333,1664.0,8.86851177276567,7.72383999772839,"0,875996438887023","0,648927197066249",106.42214127318805,92.68607997274069,6.469431080436971,5.634412156397617,65,Aurensan,781
2739,65049,1355.4999999999986,1565.33333333333,1229.6,7.40932593773868,7.37018941855296,"0,774317336276807","0,564296619350868",88.91191125286417,88.44227302263552,6.559344245877113,6.524697382710116,65,Auriébat,242
2740,65050,2558.75,2745.0,2000.0,8.47225639656891,7.03251888168524,"0,373536370401462","0,529945744326809",101.66707675882694,84.39022658022287,3.973310278801248,3.298103627952042,65,Avajan,83
2741,65051,1033.0,733.0,1333.0,9.12969107794915,7.03251888168524,"0,697626544767089","0,529945744326809",109.5562929353898,84.39022658022287,10.605643072157774,8.169431421125157,65,Aventignan,213
2742,65054,1363.2727272727273,1724.25,1157.0,9.12969107794915,8.72662497511508,"0,697626544767089","0,625342412278307",109.5562929353898,104.71949970138095,8.036271154236383,7.681478372333893,65,Avezac-Prat-Lahitte,592
2743,65055,2345.090909090907,2408.33333333333,2269.2,8.45764565647514,7.87735436731306,"0,709879955768431","0,645369557164986",101.49174787770168,94.52825240775672,4.327838527890834,4.030899273086233,65,Ayros-Arbouix,356
2744,65056,1618.2,1449.0,1660.5,8.70257990224572,8.12177641359173,"0,74333093498076","0,691436830660379",104.43095882694864,97.46131696310076,6.453526067664606,6.022822701959013,65,Ayzac-Ost,475
2745,65057,1825.1428571428569,1736.90909090909,1922.2,8.86851177276567,7.87735436731306,"0,875996438887023","0,645369557164986",106.42214127318805,94.52825240775672,5.8308937767088,5.179224850143215,65,Azereix,990
2746,65059,1938.634469696972,1885.48484848485,2006.9696969697,8.3532706981792,7.69428403266685,"0,643116604949092","0,529945744326809",100.2392483781504,92.3314083920022,5.170611063870065,4.762703327277293,65,Bagnères-de-Bigorre,7328
2747,65061,1151.0,948.0,1252.5,8.90137180144808,7.37018941855296,"0,798510385718213","0,564296619350868",106.81646161737696,88.44227302263552,9.28031812488071,7.6839507404548675,65,Barbachen,45
2748,65062,1842.935064935066,1847.8125,1834.86206896552,8.08802658105303,8.9115622751128,"0,738053095755921","0,672868418625837",97.05631897263638,106.9387473013536,5.266399279024845,5.802632406102788,65,Barbazan-Debat,3562
2749,65064,1950.3333333333333,2353.0,1749.0,8.47225639656891,8.42353719137337,"0,373536370401462","0,690279473538824",101.66707675882694,101.08244629648044,5.212805166236213,5.1828292409749,65,Bareilles,41
2750,65065,1340.200000000002,1747.5,1068.66666666667,7.82473001606648,8.12177641359173,"0,810235655050773","0,691436830660379",93.89676019279776,97.46131696310076,7.006175212117416,7.272147214080033,65,Barlest,322
2751,65069,1535.7096774193549,1495.0,1621.2,7.42378448460729,8.72662497511508,"0,796006140708261","0,625342412278307",89.08541381528748,104.71949970138095,5.800928074177982,6.818964628610939,65,La Barthe-de-Neste,1274
2752,65070,2192.6,2088.0,2349.5,8.70257990224572,8.12177641359173,"0,74333093498076","0,691436830660379",104.43095882694864,97.46131696310076,4.762882369194046,4.445011263481746,65,Bartrès,525
2753,65072,1814.7333333333331,1814.68,1814.8,8.86851177276567,7.72383999772839,"0,875996438887023","0,648927197066249",106.42214127318805,92.68607997274069,5.864340469115096,5.10742147456416,65,Bazet,1891
2754,65073,1229.5,1149.0,1310.0,8.90137180144808,7.37018941855296,"0,798510385718213","0,564296619350868",106.81646161737696,88.44227302263552,8.68779679685864,7.193352828193211,65,Bazillac,376
2755,65075,2376.8,2028.0,2900.0,8.47225639656891,8.42353719137337,"0,373536370401462","0,690279473538824",101.66707675882694,101.08244629648044,4.277477144009884,4.2528797667654175,65,Bazus-Aure,150
2756,65077,2852.9999999999977,3083.44444444444,2161.66666666667,8.47225639656891,8.05699133833444,"0,373536370401462","0,686619818420153",101.66707675882694,96.68389606001328,3.5635147829942877,3.388850194883048,65,Beaucens,441
2757,65078,2163.933333333334,2089.0,2213.88888888889,9.12969107794915,7.69428403266685,"0,697626544767089","0,529945744326809",109.5562929353898,92.3314083920022,5.062831245666369,4.266832391262924,65,Beaudéan,404
2758,65079,1694.1428571428555,1776.5,1584.33333333333,8.08802658105303,8.43837109808308,"0,738053095755921","0,625342412278307",97.05631897263638,101.26045317699696,5.728933576258161,5.97709058300851,65,Bégole,194
2759,65081,2253.5,2213.0,2375.0,9.12969107794915,8.72662497511508,"0,697626544767089","0,625342412278307",109.5562929353898,104.71949970138095,4.8616060765648905,4.646971364605324,65,Benqué-Molère,140
2760,65083,1934.9090909090885,1684.0,2078.28571428571,8.08802658105303,8.72662497511508,"0,738053095755921","0,625342412278307",97.05631897263638,104.71949970138095,5.016066099882549,5.412114718639316,65,Bernac-Debat,757
2761,65084,1973.4999999999973,1879.33333333333,2256.0,8.1141438397925,8.72662497511508,"0,643116604949092","0,625342412278307",97.36972607751,104.71949970138095,4.933859948189011,5.306283237972186,65,Bernac-Dessus,289
2762,65085,1706.25,1597.0,1815.5,7.40932593773868,6.30555718894013,"0,774317336276807","0,468627955694727",88.91191125286417,75.66668626728156,5.210954505662369,4.434677583430421,65,Bernadets-Debat,104
2763,65087,1351.6363636363635,1321.4,1654.0,8.64648467864198,7.21898499682526,"0,653507028132275","0,618753574850219",103.75781614370376,86.62781996190313,7.67645935956915,6.409106938262943,65,Bertren,158
2764,65089,2289.285714285714,2406.5,2242.4,8.45764565647514,8.05699133833444,"0,709879955768431","0,686619818420153",101.49174787770168,96.68389606001328,4.433336880773241,4.22332151276189,65,Betpouey,85
2765,65092,1774.9999999999966,1813.28571428571,1641.0,8.1141438397925,7.03251888168524,"0,643116604949092","0,529945744326809",97.36972607751,84.39022658022287,5.485618370563954,4.754378962266087,65,Beyrède-Jumet-Camous,212
2766,65093,1239.857142857143,1356.75,1084.0,7.42378448460729,7.03251888168524,"0,796006140708261","0,529945744326809",89.08541381528748,84.39022658022287,7.185135346318843,6.806447586836734,65,Bize,214
2767,65094,1515.33333333333,1219.33333333333,1811.33333333333,9.12969107794915,6.84304690365783,"0,697626544767089","0,612625720550421",109.5562929353898,82.11656284389396,7.229847752005503,5.419042862553506,65,Bizous,129
2768,65095,1015.6666666666666,1047.0,1000.0,8.08802658105303,6.30555718894013,"0,738053095755921","0,468627955694727",97.05631897263638,75.66668626728156,9.55592244561566,7.449952701077936,65,Bonnefont,326
2769,65097,1823.0,2051.0,1595.0,9.12969107794915,6.67978639563648,"0,697626544767089","0,468627955694727",109.5562929353898,80.15743674763776,6.009670484662085,4.397006952695434,65,Bonrepos,199
2770,65098,2422.5000000000027,2397.66666666667,2497.0,8.70257990224572,8.42353719137337,"0,74333093498076","0,690279473538824",104.43095882694864,101.08244629648044,4.310875493372488,4.172650001918693,65,Boô-Silhen,324
2771,65099,2859.4285714285684,1417.0,3099.83333333333,8.47225639656891,7.03251888168524,"0,373536370401462","0,529945744326809",101.66707675882694,84.39022658022287,3.555503283931801,2.951296892793569,65,Bordères-Louron,144
2772,65100,1858.0736842105268,1875.69090909091,1833.85,9.33433294657921,8.04098513885694,"0,875996438887023","0,648927197066249",112.01199535895051,96.49182166628329,6.028393615969168,5.193110611610727,65,Bordères-sur-l'Échez,5514
2773,65101,1377.6666666666667,1164.0,1484.5,8.08802658105303,8.43837109808308,"0,738053095755921","0,625342412278307",97.05631897263638,101.26045317699696,7.044978391432594,7.350141774279962,65,Bordes,764
2774,65103,1872.3333333333333,2168.0,1724.5,8.90137180144808,6.67978639563648,"0,798510385718213","0,468627955694727",106.81646161737696,80.15743674763776,5.704991718927023,4.2811520427793,65,Bouilh-Péreuilh,121
2775,65104,1804.0,1918.0,1766.0,8.86851177276567,8.9115622751128,"0,875996438887023","0,672868418625837",106.42214127318805,106.9387473013536,5.899231777892906,5.9278684756847895,65,Boulin,309
2776,65105,2159.5999999999976,2607.33333333333,1488.0,8.08802658105303,8.72662497511508,"0,738053095755921","0,625342412278307",97.05631897263638,104.71949970138095,4.494180356206543,4.84902295338864,65,Bourg-de-Bigorre,197
2777,65106,3393.7,3007.0,3559.42857142857,8.47225639656891,8.42353719137337,"0,373536370401462","0,690279473538824",101.66707675882694,101.08244629648044,2.995759105366619,2.9785321712726662,65,Bourisp,193
2778,65108,1899.5454545454568,2033.5,1869.77777777778,8.86851177276567,8.9115622751128,"0,875996438887023","0,672868418625837",106.42214127318805,106.9387473013536,5.602505642522456,5.629701939769745,65,Bours,907
2779,65109,950.0,1200.0,700.0,7.42378448460729,7.21898499682526,"0,796006140708261","0,618753574850219",89.08541381528748,86.62781996190313,9.377411980556577,9.118717890726646,65,Bramevaque,30
2780,65112,2512.2499999999973,2355.83333333333,2981.5,8.45764565647514,8.42353719137337,"0,709879955768431","0,690279473538824",101.49174787770168,101.08244629648044,4.039874529911506,4.023582298596102,65,Bun,158
2781,65113,1108.5,923.0,1294.0,8.08802658105303,6.67978639563648,"0,738053095755921","0,468627955694727",97.05631897263638,80.15743674763776,8.755644472046583,7.231162539254647,65,Burg,282
2782,65116,2562.7142857142826,2916.0,2366.44444444444,8.47225639656891,7.03251888168524,"0,373536370401462","0,529945744326809",101.66707675882694,84.39022658022287,3.967163929493224,3.2930017618683363,65,Cadéac,313
2783,65119,1068.4444444444443,1288.5,628.333333333333,8.90137180144808,7.37018941855296,"0,798510385718213","0,564296619350868",106.81646161737696,88.44227302263552,9.997380975004086,8.277666984231695,65,Caixon,357
2784,65121,1527.5454545454572,1362.71428571429,1816.0,8.90137180144808,7.72383999772839,"0,798510385718213","0,648927197066249",106.81646161737696,92.68607997274069,6.9926862928711815,6.067647918229754,65,Camalès,388
2785,65123,2474.949494949494,2607.48148148148,2315.91111111111,9.12969107794915,7.69428403266685,"0,697626544767089","0,529945744326809",109.5562929353898,92.3314083920022,4.426607215983837,3.730638082935361,65,Campan,1290
2786,65125,1392.399999999998,1676.0,1203.33333333333,8.08802658105303,6.84304690365783,"0,738053095755921","0,612625720550421",97.05631897263638,82.11656284389396,6.97043370961193,5.897483686002159,65,Campistrous,321
2787,65126,1213.5,1479.0,417.0,7.16501462110856,6.30555718894013,"0,707328839413505","0,468627955694727",85.98017545330272,75.66668626728156,7.0853049405276245,6.235408839495803,65,Campuzan,148
2788,65127,1397.602941176473,1361.66666666667,1445.93103448276,8.45878704822203,6.84304690365783,"0,738053095755921","0,612625720550421",101.50544457866437,82.11656284389396,7.262824196206915,5.875528766043519,65,Capvern,1312
2789,65129,1312.6551724137946,1186.7,1592.55555555556,7.99205479115859,6.30555718894013,"0,663017401767114","0,468627955694727",95.90465749390307,75.66668626728156,7.306157741148989,5.764399353117301,65,Castelnau-Magnoac,778
2790,65130,1249.1666666666645,1265.07692307692,1207.8,8.05764382431615,7.29656464222771,"0,718751940205777","0,747373874604005",96.6917258917938,87.55877570673252,7.740498403612592,7.0093749731874055,65,Castelnau-Rivière-Basse,651
2791,65133,2273.4000000000024,2004.5,2452.66666666667,8.86851177276567,7.72383999772839,"0,875996438887023","0,648927197066249",106.42214127318805,92.68607997274069,4.6811885841993455,4.076980732503764,65,Castéra-Lou,229
2792,65138,3536.1788856304984,3469.32142857143,3626.55172413793,8.47225639656891,8.42353719137337,"0,373536370401462","0,690279473538824",101.66707675882694,101.08244629648044,2.8750546860612163,2.8585218555326994,65,Cauterets,878
2793,65141,1927.0,1736.0,2500.0,8.1141438397925,8.42353719137337,"0,643116604949092","0,690279473538824",97.36972607751,101.08244629648044,5.05291780371095,5.24558621154543,65,Cazaux-Fréchet-Anéran-Camors,68
2794,65142,1209.0,1509.0,909.0,7.16501462110856,6.67978639563648,"0,707328839413505","0,468627955694727",85.98017545330272,80.15743674763776,7.111677043283931,6.630060938597002,65,Chelle-Debat,218
2795,65144,3359.75,2413.5,4306.0,8.70257990224572,7.87735436731306,"0,74333093498076","0,645369557164986",104.43095882694864,94.52825240775672,3.1082955227903457,2.813550187000721,65,Cheust,87
2796,65146,1528.0,1589.25,1283.0,8.86851177276567,7.72383999772839,"0,875996438887023","0,648927197066249",106.42214127318805,92.68607997274069,6.964799821543719,6.065842930153185,65,Chis,308
2797,65147,2120.0,2188.5,2051.5,8.1141438397925,9.1349754031671,"0,643116604949092","0,625342412278307",97.36972607751,109.6197048380052,4.592911607429717,5.170740794245528,65,Cieutat,617
2798,65150,2159.714285714286,2098.5,2527.0,9.12969107794915,6.84304690365783,"0,697626544767089","0,612625720550421",109.5562929353898,82.11656284389396,5.072721593780451,3.8021956601882367,65,Clarens,519
2799,65151,1612.5,1607.5,1617.5,7.16501462110856,6.67978639563648,"0,707328839413505","0,468627955694727",85.98017545330272,80.15743674763776,5.332103904080789,4.9710038293108685,65,Collongues,156
2800,65154,1767.0,2126.0,1408.0,7.42378448460729,7.03251888168524,"0,796006140708261","0,529945744326809",89.08541381528748,84.39022658022287,5.041619344385256,4.775904164132591,65,Créchets,47
2801,65156,1963.0,1892.25,2104.5,8.86851177276567,7.72383999772839,"0,875996438887023","0,648927197066249",106.42214127318805,92.68607997274069,5.421403019520531,4.721654608901715,65,Dours,225
2802,65158,1646.5,1394.0,1899.0,7.42378448460729,7.03251888168524,"0,796006140708261","0,529945744326809",89.08541381528748,84.39022658022287,5.410593004268903,5.125431313709255,65,Esbareich,79
2803,65159,1780.7142857142885,2657.0,1634.66666666667,9.12969107794915,6.84304690365783,"0,697626544767089","0,612625720550421",109.5562929353898,82.11656284389396,6.152379065765964,4.611439549998049,65,Escala,362
2804,65160,1596.6666666666667,1899.0,992.0,8.86851177276567,9.30389352585429,"0,875996438887023","0,653699203275778",106.42214127318805,111.64672231025148,6.6652698083416295,6.992487827364393,65,Escaunets,120
2805,65161,1422.0000000000016,1324.75,1551.66666666667,8.90137180144808,7.72383999772839,"0,798510385718213","0,648927197066249",106.81646161737696,92.68607997274069,7.5117061615595535,6.518008436901586,65,Escondeaux,284
2806,65165,3062.4000000000024,3353.0,2868.66666666667,8.1141438397925,7.03251888168524,"0,643116604949092","0,529945744326809",97.36972607751,84.39022658022287,3.179523448194551,2.755689216961299,65,Esparros,166
2807,65166,1401.6666666666667,1152.5,1900.0,8.1141438397925,8.72662497511508,"0,643116604949092","0,625342412278307",97.36972607751,104.71949970138095,6.946710540607135,7.471070133273314,65,Espèche,43
2808,65168,2837.5806451612857,2949.82352941176,2701.28571428571,8.47225639656891,8.42353719137337,"0,373536370401462","0,690279473538824",101.66707675882694,101.08244629648044,3.582878849000898,3.562275717831977,65,Esquièze-Sère,429
2809,65169,3333.285714285716,2760.66666666667,3762.75,8.47225639656891,8.42353719137337,"0,373536370401462","0,690279473538824",101.66707675882694,101.08244629648044,3.050055874991592,3.0325167105617057,65,Estaing,97
2810,65170,1136.5,1597.0,676.0,7.16501462110856,6.30555718894013,"0,707328839413505","0,468627955694727",85.98017545330272,75.66668626728156,7.565347598178858,6.657869447187116,65,Estampures,77
2811,65173,3108.4,2977.0,3305.5,8.45764565647514,8.42353719137337,"0,709879955768431","0,690279473538824",101.49174787770168,101.08244629648044,3.265080037244296,3.251912440370623,65,Esterre,192
2812,65174,1446.2,1505.0,1407.0,8.05764382431615,7.37018941855296,"0,718751940205777","0,564296619350868",96.6917258917938,88.44227302263552,6.685916601562287,6.115493916652989,65,Estirac,107
2813,65175,1686.0,1670.0,1750.0,8.1141438397925,7.03251888168524,"0,643116604949092","0,529945744326809",97.36972607751,84.39022658022287,5.775191345048043,5.005351517213694,65,Ferrère,40
2814,65176,1038.6666666666667,1025.8,1054.75,8.45764565647514,8.05699133833444,"0,709879955768431","0,686619818420153",101.49174787770168,96.68389606001328,9.771349282192077,9.308462393454422,65,Ferrières,87
2815,65177,1168.5000000000025,1168.0,1168.66666666667,7.16501462110856,6.30555718894013,"0,707328839413505","0,468627955694727",85.98017545330272,75.66668626728156,7.358166491510701,6.475540117011674,65,Fontrailles,171
2816,65181,1610.0,1333.0,1887.0,8.08802658105303,8.43837109808308,"0,738053095755921","0,625342412278307",97.05631897263638,101.26045317699696,6.028342793331452,6.289469141428381,65,Fréchou-Fréchet,176
2817,65182,2466.6363636363662,2294.71428571429,2767.5,9.78112956755765,8.05699133833444,"0,779790185640507","0,686619818420153",117.3735548106918,96.68389606001328,4.758445814755496,3.919665560977941,65,Gaillagos,132
2818,65183,1222.4374999999986,1160.33333333333,1259.7,8.08802658105303,6.67978639563648,"0,738053095755921","0,468627955694727",97.05631897263638,80.15743674763776,7.939573104771123,6.557180775920065,65,Galan,707
2819,65184,1255.3333333333333,750.0,1508.0,9.12969107794915,6.67978639563648,"0,697626544767089","0,468627955694727",109.5562929353898,80.15743674763776,8.727267095224892,6.385350776497963,65,Galez,179
2820,65185,2392.4,1952.0,2686.0,8.70257990224572,8.71872793608513,"0,74333093498076","0,694596195756775",104.43095882694864,104.62473523302155,4.365112808349299,4.3732124742109,65,Gardères,452
2821,65186,1523.5,1102.0,1945.0,7.42378448460729,7.21898499682526,"0,796006140708261","0,618753574850219",89.08541381528748,86.62781996190313,5.847418038417295,5.686105675215171,65,Gaudent,38
2822,65187,2040.3333333333333,2032.0,2057.0,9.12969107794915,6.84304690365783,"0,697626544767089","0,612625720550421",109.5562929353898,82.11656284389396,5.369529142397802,4.024664083183824,65,Gaussan,98
2823,65189,1780.3333333333333,1928.5,1484.0,8.86851177276567,7.37018941855296,"0,875996438887023","0,564296619350868",106.42214127318805,88.44227302263552,5.977652571045948,4.967736735965299,65,Gayan,280
2824,65190,1414.3333333333333,450.0,1896.5,7.42378448460729,8.72662497511508,"0,796006140708261","0,625342412278307",89.08541381528748,104.71949970138095,6.298756574260252,7.404159771485809,65,Gazave,72
2825,65191,1800.333333333335,2038.66666666667,1562.0,7.82473001606648,8.42353719137337,"0,810235655050773","0,690279473538824",93.89676019279776,101.08244629648044,5.215520840185021,5.614651710598798,65,Gazost,133
2826,65192,2063.631578947367,1750.0,2601.28571428571,8.47225639656891,8.42353719137337,"0,373536370401462","0,690279473538824",101.66707675882694,101.08244629648044,4.926609855945607,4.898279679749878,65,Gavarnie-Gèdre,349
2827,65193,1301.3333333333333,1270.0,1364.0,7.42378448460729,7.03251888168524,"0,796006140708261","0,529945744326809",89.08541381528748,84.39022658022287,6.845702905887871,6.4849047064720455,65,Gembrie,95
2828,65194,1023.0,787.0,1259.0,9.12969107794915,7.03251888168524,"0,697626544767089","0,529945744326809",109.5562929353898,84.39022658022287,10.709315047447683,8.249289010774476,65,Générest,95
2829,65195,3385.5294117647086,3531.55555555556,3221.25,8.47225639656891,7.03251888168524,"0,373536370401462","0,529945744326809",101.66707675882694,84.39022658022287,3.0029890275220774,2.492674448107495,65,Génos,133
2830,65197,1882.6666666666667,1439.5,2769.0,7.82473001606648,8.42353719137337,"0,810235655050773","0,690279473538824",93.89676019279776,101.08244629648044,4.9874341462180105,5.369110107815888,65,Ger,163
2831,65198,1909.5925925925949,2256.92307692308,1587.07142857143,8.08802658105303,9.1349754031671,"0,738053095755921","0,625342412278307",97.05631897263638,109.6197048380052,5.082566791949377,5.740476018980464,65,Gerde,1222
2832,65199,2743.9999999999995,2781.97619047619,2704.125,8.47225639656891,7.03251888168524,"0,373536370401462","0,529945744326809",101.66707675882694,84.39022658022287,3.705068395000982,3.075445575081009,65,Germ,33
2833,65200,2344.0,2344.0,2344.0,7.82473001606648,8.42353719137337,"0,810235655050773","0,690279473538824",93.89676019279776,101.08244629648044,4.005834479214921,4.312391053604115,65,Germs-sur-l'Oussouet,102
2834,65201,2395.600000000002,2546.66666666667,2169.0,8.70257990224572,8.42353719137337,"0,74333093498076","0,690279473538824",104.43095882694864,101.08244629648044,4.359281968064307,4.219504353668407,65,Geu,188
2835,65202,2399.0,3068.5,2064.25,8.70257990224572,8.12177641359173,"0,74333093498076","0,691436830660379",104.43095882694864,97.46131696310076,4.3531037443496725,4.062580948857889,65,Gez,341
2836,65205,2238.0,1172.0,3304.0,8.1141438397925,7.03251888168524,"0,643116604949092","0,529945744326809",97.36972607751,84.39022658022287,4.350747367180965,3.770787604120772,65,Gouaux,55
2837,65206,2020.666666666665,1613.33333333333,2428.0,8.08802658105303,8.9115622751128,"0,738053095755921","0,672868418625837",97.05631897263638,106.9387473013536,4.803183057042386,5.292250773739047,65,Goudon,245
2838,65209,2500.5,2483.0,2518.0,8.1141438397925,7.03251888168524,"0,643116604949092","0,529945744326809",97.36972607751,84.39022658022287,3.8940102410521895,3.3749340763936364,65,Grézian,86
2839,65210,2177.5,3119.0,1236.0,8.45764565647514,8.42353719137337,"0,709879955768431","0,690279473538824",101.49174787770168,101.08244629648044,4.660929868091926,4.642133010171318,65,Grust,37
2840,65211,2945.799999999998,3114.33333333333,2693.0,8.1141438397925,8.42353719137337,"0,643116604949092","0,690279473538824",97.36972607751,101.08244629648044,3.3053746377048703,3.4314089991337,65,Guchan,153
2841,65212,2738.846153846154,2710.6,2756.5,8.47225639656891,8.42353719137337,"0,373536370401462","0,690279473538824",101.66707675882694,101.08244629648044,3.712040437760849,3.6906945705778567,65,Guchen,320
2842,65213,1634.75,1842.0,1427.5,7.40932593773868,6.78941090807091,"0,774317336276807","0,636537908478611",88.91191125286417,81.47293089685093,5.438869016844421,4.983815928848504,65,Guizerix,117
2843,65217,1542.6666666666667,1284.0,2060.0,7.42378448460729,7.03251888168524,"0,796006140708261","0,529945744326809",89.08541381528748,84.39022658022287,5.774767533402386,5.4704122675166085,65,Hautaget,62
2844,65218,1515.3529411764682,1519.33333333333,1505.8,9.12969107794915,7.03251888168524,"0,697626544767089","0,529945744326809",109.5562929353898,84.39022658022287,7.22975420170657,5.569014602941622,65,Hèches,601
2845,65220,2291.7499999999973,2773.0,2131.33333333333,8.83280266787946,7.87735436731306,"0,802512458964374","0,645369557164986",105.99363201455353,94.52825240775672,4.625008487599155,4.124719206185528,65,Hibarette,235
2846,65221,2189.3750000000014,1715.8,2978.66666666667,8.08802658105303,9.1349754031671,"0,738053095755921","0,625342412278307",97.05631897263638,109.6197048380052,4.433060529723612,5.006894882695067,65,Hiis,271
2847,65223,2276.29411764706,2515.0,1838.66666666667,8.83280266787946,8.9115622751128,"0,802512458964374","0,672868418625837",105.99363201455353,106.9387473013536,4.656411980896216,4.697931891678968,65,Horgues,1226
2848,65226,1905.4166666666667,1768.625,2061.75,9.82541557214545,7.72383999772839,"0,875996438887023","0,648927197066249",117.9049868657454,92.68607997274069,6.187884725077388,4.864347079260389,65,Ibos,3062
2849,65228,1642.0,1064.5,2797.0,8.1141438397925,7.03251888168524,"0,643116604949092","0,529945744326809",97.36972607751,84.39022658022287,5.9299467769494525,5.139477867248653,65,Ilhet,121
2850,65230,1310.999999999997,1258.0,1319.83333333333,7.42378448460729,7.21898499682526,"0,796006140708261","0,618753574850219",89.08541381528748,86.62781996190313,6.7952260728671,6.607766587483091,65,Izaourt,263
2851,65234,1929.799999999998,2359.5,1643.33333333333,8.47225639656891,8.42353719137337,"0,373536370401462","0,690279473538824",101.66707675882694,101.08244629648044,5.268270119122554,5.237975245957123,65,Jézeau,105
2852,65235,1860.5312500000011,2077.04166666667,1730.625,8.86851177276567,8.4941196221782,"0,875996438887023","0,645369557164986",106.42214127318805,101.9294354661384,5.719986765779288,5.478512412309029,65,Juillan,4116
2853,65236,2088.428571428572,2306.25,1798.0,8.70257990224572,7.87735436731306,"0,74333093498076","0,645369557164986",104.43095882694864,94.52825240775672,5.000456336197007,4.526286112964614,65,Julos,468
2854,65237,1712.1666666666667,1783.2,1357.0,7.82473001606648,7.87735436731306,"0,810235655050773","0,645369557164986",93.89676019279776,94.52825240775672,5.484089955775202,5.5209725926851,65,Juncalas,171
2855,65238,1963.2,2571.0,1811.25,7.82473001606648,7.87735436731306,"0,810235655050773","0,645369557164986",93.89676019279776,94.52825240775672,4.782842308109095,4.815008781976198,65,Labassère,237
2856,65239,1094.0,1121.0,1067.0,9.12969107794915,7.03251888168524,"0,697626544767089","0,529945744326809",109.5562929353898,84.39022658022287,10.014286374350077,7.713914678265345,65,Labastide,154
2857,65240,1164.588235294119,1272.77777777778,1042.875,7.40932593773868,7.37018941855296,"0,774317336276807","0,564296619350868",88.91191125286417,88.44227302263552,7.634622140108543,7.594295592407326,65,Labatut-Rivière,393
2858,65241,1858.7142857142876,1501.66666666667,2126.5,9.12969107794915,8.72662497511508,"0,697626544767089","0,625342412278307",109.5562929353898,104.71949970138095,5.894197606238783,5.633975081928107,65,Laborde,87
2859,65242,1262.75,1264.5,1261.0,8.90137180144808,7.72383999772839,"0,798510385718213","0,648927197066249",106.81646161737696,92.68607997274069,8.459034774688337,7.340018212056279,65,Lacassagne,253
2860,65243,1483.3636363636365,1609.5,1147.0,7.40932593773868,7.37018941855296,"0,774317336276807","0,564296619350868",88.91191125286417,88.44227302263552,5.993938982542783,5.962278625047441,65,Lafitole,457
2861,65244,1849.3999999999976,1534.5,2059.33333333333,8.70257990224572,8.12177641359173,"0,74333093498076","0,691436830660379",104.43095882694864,97.46131696310076,5.646748071101372,5.269888448313014,65,Lagarde,538
2862,65245,1739.7499999999986,1509.6,2123.33333333333,8.08802658105303,8.72662497511508,"0,738053095755921","0,625342412278307",97.05631897263638,104.71949970138095,5.578750910914583,6.019226883252251,65,Lagrange,259
2863,65247,1241.5,1190.0,1293.0,7.82473001606648,7.87735436731306,"0,810235655050773","0,645369557164986",93.89676019279776,94.52825240775672,7.563170373966795,7.614035634938117,65,Arrayou-Lahitte,100
2864,65248,1224.599999999998,1187.33333333333,1280.5,6.93944669947492,7.37018941855296,"0,823403010791707","0,564296619350868",83.27336039369904,88.44227302263552,6.800045761366909,7.222135637974495,65,Lahitte-Toupière,277
2865,65251,1754.8723404255295,1749.0,1759.61538461538,8.83280266787946,8.9115622751128,"0,802512458964374","0,672868418625837",105.99363201455353,106.9387473013536,6.039962541597282,6.093819182050735,65,Laloubère,1922
2866,65252,1780.7333333333331,1755.8,1793.2,8.83280266787946,8.12177641359173,"0,802512458964374","0,691436830660379",105.99363201455353,97.46131696310076,5.952246191525225,5.473100050340727,65,Lamarque-Pontacq,888
2867,65254,1263.0,952.0,1574.0,7.40932593773868,6.67978639563648,"0,774317336276807","0,468627955694727",88.91191125286417,80.15743674763776,7.039739608302785,6.3465903996546125,65,Laméac,153
2868,65257,2371.6,2403.0,2363.75,8.83280266787946,7.87735436731306,"0,802512458964374","0,645369557164986",105.99363201455353,94.52825240775672,4.469287907511955,3.985842992399929,65,Lanne,614
2869,65258,1309.6701570680627,1337.94059405941,1277.94444444444,9.4696705179654,7.60502267863989,"0,697626544767089","0,612625720550421",113.6360462155848,91.26027214367868,8.676692035953538,6.968187497528505,65,Lannemezan,5988
2870,65262,1065.9,1058.0,1077.75,8.90137180144808,7.37018941855296,"0,798510385718213","0,564296619350868",106.81646161737696,88.44227302263552,10.021246047225532,8.297426871435924,65,Larreule,390
2871,65263,2251.0,1071.0,3431.0,7.16501462110856,6.30555718894013,"0,707328839413505","0,468627955694727",85.98017545330272,75.66668626728156,3.819643511919268,3.361469847502513,65,Larroque,99
2872,65265,1983.375,2228.75,1738.0,8.08802658105303,8.9115622751128,"0,738053095755921","0,672868418625837",97.05631897263638,106.9387473013536,4.893493110109605,5.391756339640946,65,Laslades,364
2873,65266,1165.0,943.5,1608.0,9.12969107794915,6.84304690365783,"0,697626544767089","0,612625720550421",109.5562929353898,82.11656284389396,9.40397364252273,7.048632003767722,65,Lassales,37
2874,65267,2365.636363636366,2242.14285714286,2581.75,8.47225639656891,8.42353719137337,"0,373536370401462","0,690279473538824",101.66707675882694,101.08244629648044,4.297662917328012,4.272949462997786,65,Lau-Balagnas,519
2875,65271,1405.8,1424.0,1378.5,8.70257990224572,7.87735436731306,"0,74333093498076","0,645369557164986",104.43095882694864,94.52825240775672,7.428578661754776,6.724160791560444,65,Lézignan,365
2876,65272,744.0,852.0,636.0,8.08802658105303,8.43837109808308,"0,738053095755921","0,625342412278307",97.05631897263638,101.26045317699696,13.04520416298876,13.610275964650128,65,Lhez,77
2877,65273,1483.0,1456.2,1617.0,8.90137180144808,7.37018941855296,"0,798510385718213","0,564296619350868",106.81646161737696,88.44227302263552,7.202728362601279,5.963740594918107,65,Liac,199
2878,65277,1319.0,1180.0,1353.75,9.12969107794915,7.03251888168524,"0,697626544767089","0,529945744326809",109.5562929353898,84.39022658022287,8.306011594798317,6.398045987886496,65,Lombrès,92
2879,65279,1753.75,2086.0,1643.0,7.42378448460729,7.03251888168524,"0,796006140708261","0,529945744326809",89.08541381528748,84.39022658022287,5.079709982339985,4.811987260454619,65,Lortet,216
2880,65280,1836.7142857142856,1986.5,938.0,8.70257990224572,8.12177641359173,"0,74333093498076","0,691436830660379",104.43095882694864,97.46131696310076,5.685748711119549,5.30628621561566,65,Loubajac,440
2881,65281,1764.857142857143,2146.0,1479.0,8.08802658105303,8.72662497511508,"0,738053095755921","0,625342412278307",97.05631897263638,104.71949970138095,5.4993866991132805,5.933596389102045,65,Loucrup,263
2882,65282,4215.590909090909,3884.68,4651.0,8.1141438397925,7.03251888168524,"0,643116604949092","0,529945744326809",97.36972607751,84.39022658022287,2.3097527292682143,2.00185996222346,65,Loudenvielle,357
2883,65283,2615.0,2289.0,3104.0,8.47225639656891,7.03251888168524,"0,373536370401462","0,529945744326809",101.66707675882694,84.39022658022287,3.8878423234733055,3.227159716260913,65,Loudervielle,53
2884,65284,2014.9999999999984,1531.0,2637.28571428571,8.83280266787946,7.87735436731306,"0,802512458964374","0,645369557164986",105.99363201455353,94.52825240775672,5.260229876652785,4.691228407332844,65,Louey,1132
2885,65286,1486.2948717948718,1431.22429906542,1544.63696369637,8.81970414992031,9.16667535857741,"0,810235655050773","0,690279473538824",105.83644979904372,110.00010430292892,7.120824528663955,7.400961033397845,65,Lourdes,13552
2886,65287,1344.0625000000014,1306.5,1406.66666666667,8.90285703343936,7.21898499682526,"0,802812402032766","0,618753574850219",106.83428440127231,86.62781996190313,7.948609860127205,6.445222596561027,65,Loures-Barousse,656
2887,65288,1650.0,1129.0,1910.5,7.16501462110856,6.30555718894013,"0,707328839413505","0,468627955694727",85.98017545330272,75.66668626728156,5.210919724442589,4.58585977377464,65,Lubret-Saint-Luc,62
2888,65289,1054.3333333333333,1303.5,556.0,7.16501462110856,6.30555718894013,"0,707328839413505","0,468627955694727",85.98017545330272,75.66668626728156,8.154932859940189,7.176732810681148,65,Luby-Betmont,106
2889,65290,1191.5,1190.0,1193.0,8.1141438397925,8.43837109808308,"0,643116604949092","0,625342412278307",97.36972607751,101.26045317699696,8.172029045531684,8.49856929727209,65,Luc,176
2890,65291,2250.5,1243.0,3258.0,7.82473001606648,7.87735436731306,"0,810235655050773","0,645369557164986",93.89676019279776,94.52825240775672,4.172262172530449,4.200322257620828,65,Lugagnan,169
2891,65292,1760.857142857143,1487.0,1966.25,8.70257990224572,8.12177641359173,"0,74333093498076","0,691436830660379",104.43095882694864,97.46131696310076,5.930688883568396,5.534879269363178,65,Luquet,435
2892,65293,1064.25,1221.0,907.5,7.16501462110856,6.84304690365783,"0,707328839413505","0,612625720550421",85.98017545330272,82.11656284389396,8.078945309213317,7.7159091232223584,65,Lustar,99
2893,65294,1433.0,1152.2,2135.0,8.08802658105303,8.72662497511508,"0,738053095755921","0,625342412278307",97.05631897263638,104.71949970138095,6.772946194880418,7.307711074764896,65,Lutilhous,219
2894,65295,2710.990099009903,2662.03278688525,2785.65,8.47225639656891,8.42353719137337,"0,373536370401462","0,690279473538824",101.66707675882694,101.08244629648044,3.750182518038608,3.728617317097446,65,Luz-Saint-Sauveur,926
2895,65296,2090.428571428572,2427.0,1838.0,8.05764382431615,7.16667975697859,"0,718751940205777","0,694650404738854",96.6917258917938,86.00015708374309,4.625449882064898,4.113996443560456,65,Madiran,436
2896,65299,1232.1666666666667,642.0,1527.25,8.86851177276567,7.72383999772839,"0,875996438887023","0,648927197066249",106.42214127318805,92.68607997274069,8.636992393333262,7.522203162943919,65,Marsac,236
2897,65300,1121.0,1026.0,1168.5,9.12969107794915,9.1349754031671,"0,697626544767089","0,625342412278307",109.5562929353898,109.6197048380052,9.77308589967795,9.778742626048636,65,Marsas,67
2898,65301,1402.0000000000016,1408.66666666667,1397.0,8.90137180144808,6.67978639563648,"0,798510385718213","0,468627955694727",106.81646161737696,80.15743674763776,7.618863168143855,5.717363534068308,65,Marseillan,271
2899,65303,1477.11111111111,1483.66666666667,1473.83333333333,8.08802658105303,8.43837109808308,"0,738053095755921","0,625342412278307",97.05631897263638,101.26045317699696,6.570685051555048,6.855303735466927,65,Mascaras,384
2900,65304,1470.7741935483862,1438.39393939394,1507.62068965517,8.44503126512009,7.37018941855296,"0,823403010791707","0,564296619350868",101.34037518144108,88.44227302263552,6.890274226048768,6.013314172263243,65,Maubourguet,2257
2901,65305,1349.142857142855,1436.85714285714,1261.42857142857,7.42378448460729,7.21898499682526,"0,796006140708261","0,618753574850219",89.08541381528748,86.62781996190313,6.603111993932797,6.420952347875083,65,Mauléon-Barousse,103
2902,65306,1846.6,2819.5,1198.0,9.12969107794915,8.72662497511508,"0,697626544767089","0,625342412278307",109.5562929353898,104.71949970138095,5.932865424855941,5.6709357576833614,65,Mauvezin,247
2903,65307,1322.8181818181818,1288.0,1364.6,7.42378448460729,8.72662497511508,"0,796006140708261","0,625342412278307",89.08541381528748,104.71949970138095,6.734516885218627,7.916394039689304,65,Mazères-de-Neste,350
2904,65308,1146.5,1033.0,1260.0,7.16501462110856,6.30555718894013,"0,707328839413505","0,468627955694727",85.98017545330272,75.66668626728156,7.499361138534908,6.5997981916512485,65,Mazerolles,112
2905,65311,1225.3333333333333,1338.0,1000.0,8.90137180144808,7.72383999772839,"0,798510385718213","0,648927197066249",106.81646161737696,92.68607997274069,8.717339087381147,7.56415233727481,65,Mingot,101
2906,65313,1517.2307692307722,1558.55555555556,1424.25,8.83280266787946,8.9115622751128,"0,802512458964374","0,672868418625837",105.99363201455353,106.9387473013536,6.985992781328295,7.048284906294839,65,Momères,753
2907,65314,1265.75,1207.75,1323.75,7.40932593773868,7.37018941855296,"0,774317336276807","0,564296619350868",88.91191125286417,88.44227302263552,7.024444894557707,6.987341340915309,65,Monfaucon,211
2908,65315,1384.2857142857122,1483.33333333333,1206.0,7.99205479115859,6.84304690365783,"0,663017401767114","0,612625720550421",95.90465749390307,82.11656284389396,6.928097032583308,5.932053043418561,65,Monléon-Magnoac,613
2909,65316,1305.0,1447.5,1162.5,9.12969107794915,6.84304690365783,"0,697626544767089","0,612625720550421",109.5562929353898,82.11656284389396,8.39511823259692,6.292456922903751,65,Monlong,110
2910,65318,896.3333333333334,706.0,991.5,8.08802658105303,6.67978639563648,"0,738053095755921","0,468627955694727",97.05631897263638,80.15743674763776,10.82815012710707,8.942815553845788,65,Montastruc,239
2911,65320,1945.3333333333355,1857.71428571429,2022.0,8.08802658105303,9.1349754031671,"0,738053095755921","0,625342412278307",97.05631897263638,109.6197048380052,4.989187061650254,5.635008816209995,65,Montgaillard,829
2912,65322,1242.1250000000025,1207.16666666667,1347.0,9.12969107794915,8.72662497511508,"0,697626544767089","0,625342412278307",109.5562929353898,104.71949970138095,8.820069875043943,8.430673217379953,65,Montoussé,256
2913,65327,1290.142857142857,1546.75,948.0,9.12969107794915,7.03251888168524,"0,697626544767089","0,529945744326809",109.5562929353898,84.39022658022287,8.491795488292865,6.541153649225558,65,Nestier,207
2914,65328,2126.0,1306.0,2536.0,7.82473001606648,7.87735436731306,"0,810235655050773","0,645369557164986",93.89676019279776,94.52825240775672,4.416592671345144,4.446295974024305,65,Neuilh,95
2915,65329,1279.1250000000014,1187.66666666667,1334.0,9.12969107794915,7.21898499682526,"0,697626544767089","0,618753574850219",109.5562929353898,86.62781996190313,8.564940325252786,6.772428023993202,65,Nistos,216
2916,65330,1296.375,983.0,1609.75,8.90137180144808,7.37018941855296,"0,798510385718213","0,564296619350868",106.81646161737696,88.44227302263552,8.239626776000538,6.822275423595451,65,Nouilhan,232
2917,65331,1905.6888888888889,1813.29166666667,2011.28571428571,8.83280266787946,7.87735436731306,"0,802512458964374","0,645369557164986",105.99363201455353,94.52825240775672,5.561958860785145,4.960319229382263,65,Odos,3376
2918,65334,1397.2499999999975,1238.33333333333,1874.0,7.82473001606648,8.12177641359173,"0,810235655050773","0,691436830660379",93.89676019279776,97.46131696310076,6.720111661678148,6.975223973025653,65,Omex,240
2919,65335,2532.0000000000027,2959.0,2389.66666666667,8.08802658105303,9.1349754031671,"0,738053095755921","0,625342412278307",97.05631897263638,109.6197048380052,3.833187953105698,4.329372228989143,65,Ordizan,531
2920,65338,1980.0,2050.0,1770.0,8.1141438397925,9.1349754031671,"0,643116604949092","0,625342412278307",97.36972607751,109.6197048380052,4.917662933207576,5.536348729192182,65,Orignac,254
2921,65339,1918.857142857143,2126.5,1642.0,7.82473001606648,8.9115622751128,"0,810235655050773","0,672868418625837",93.89676019279776,106.9387473013536,4.893368979672307,5.57304370986804,65,Orincles,369
2922,65340,1886.369565217388,1933.04545454545,1843.58333333333,8.86851177276567,7.72383999772839,"0,875996438887023","0,648927197066249",106.42214127318805,92.68607997274069,5.641637950245651,4.913463495264747,65,Orleix,1971
2923,65343,1995.75,2268.0,1723.5,7.82473001606648,8.12177641359173,"0,810235655050773","0,691436830660379",93.89676019279776,97.46131696310076,4.704835785684467,4.883443164880409,65,Ossen,238
2924,65344,1880.6458333333333,1826.92,1939.04347826087,8.83280266787946,7.87735436731306,"0,802512458964374","0,645369557164986",105.99363201455353,94.52825240775672,5.636023015917148,5.026371831011424,65,Ossun,2400
2925,65347,1364.0,1446.5,1199.0,7.42378448460729,7.03251888168524,"0,796006140708261","0,529945744326809",89.08541381528748,84.39022658022287,6.531188696135446,6.186966758080856,65,Ourde,48
2926,65348,1296.6666666666667,1153.5,1583.0,8.70257990224572,7.87735436731306,"0,74333093498076","0,645369557164986",104.43095882694864,94.52825240775672,8.053801451949766,7.290096586716456,65,Ourdis-Cotdoussan,44
2927,65350,2033.2,1976.875,2070.75,8.86851177276567,7.72383999772839,"0,875996438887023","0,648927197066249",106.42214127318805,92.68607997274069,5.2342190277979554,4.558630728543216,65,Oursbelille,1231
2928,65351,2886.6666666666665,2208.5,4243.0,7.82473001606648,7.87735436731306,"0,810235655050773","0,645369557164986",93.89676019279776,94.52825240775672,3.2527746025218622,3.274650776250233,65,Ousté,35
2929,65352,2112.75,1569.0,2656.5,8.70257990224572,8.12177641359173,"0,74333093498076","0,691436830660379",104.43095882694864,97.46131696310076,4.942892383242156,4.613007547655935,65,Ouzous,212
2930,65353,1683.3333333333333,1207.0,2636.0,8.08802658105303,8.43837109808308,"0,738053095755921","0,625342412278307",97.05631897263638,101.26045317699696,5.765721919166518,6.015472465960214,65,Ozon,254
2931,65360,1686.5,1786.0,1388.0,8.70257990224572,8.12177641359173,"0,74333093498076","0,691436830660379",104.43095882694864,97.46131696310076,6.192170698307065,5.778909988917922,65,Peyrouse,280
2932,65362,1868.0,1673.09523809524,2160.35714285714,8.70089835424985,8.42353719137337,"0,709879955768431","0,690279473538824",104.4107802509982,101.08244629648044,5.589442197590909,5.411265861695956,65,Pierrefitte-Nestalas,1121
2933,65363,1286.1666666666667,1372.0,1166.0,8.90285703343936,6.84304690365783,"0,802812402032766","0,612625720550421",106.83428440127231,82.11656284389396,8.306410605256367,6.38459734434837,65,Pinas,454
2934,65366,1750.9166666666667,1671.375,1910.0,8.70257990224572,8.12177641359173,"0,74333093498076","0,691436830660379",104.43095882694864,97.46131696310076,5.964359173401474,5.566302429951973,65,Poueyferré,858
2935,65367,1061.0,1302.0,820.0,8.08802658105303,8.43837109808308,"0,738053095755921","0,625342412278307",97.05631897263638,101.26045317699696,9.147626670371007,9.543869290951644,65,Poumarous,159
2936,65369,2060.090909090909,2135.42857142857,1928.25,8.86851177276567,6.67978639563648,"0,875996438887023","0,468627955694727",106.42214127318805,80.15743674763776,5.165895388575388,3.8909659954283375,65,Pouyastruc,668
2937,65370,2364.722222222222,2303.75,2413.5,8.08802658105303,9.1349754031671,"0,738053095755921","0,625342412278307",97.05631897263638,109.6197048380052,4.104343337266427,4.635627128119567,65,Pouzac,1144
2938,65372,1698.75,1860.6,1429.0,8.90137180144808,7.37018941855296,"0,798510385718213","0,564296619350868",106.81646161737696,88.44227302263552,6.287944760404826,5.206314821052864,65,Pujo,680
2939,65373,1154.8571428571456,526.0,1259.66666666667,7.16501462110856,6.30555718894013,"0,707328839413505","0,468627955694727",85.98017545330272,75.66668626728156,7.445091887346829,6.552038642639407,65,Puntous,163
2940,65374,1169.000000000002,1009.66666666667,1408.0,7.16501462110856,6.30555718894013,"0,707328839413505","0,468627955694727",85.98017545330272,75.66668626728156,7.355019285996799,6.472770424917146,65,Puydarrieux,231
2941,65375,1134.2631578947369,1183.90476190476,1072.94117647059,8.36612482554515,6.67978639563648,"0,774317336276807","0,468627955694727",100.3934979065418,80.15743674763776,8.850988168643191,7.066917072085366,65,Rabastens-de-Bigorre,1494
2942,65377,2346.4999999999973,3889.0,1832.33333333333,8.90285703343936,6.84304690365783,"0,802812402032766","0,612625720550421",106.83428440127231,82.11656284389396,4.552920707490835,3.4995338949027937,65,Réjaumont,158
2943,65378,1944.3333333333333,2468.0,1682.5,9.12969107794915,8.43837109808308,"0,697626544767089","0,625342412278307",109.5562929353898,101.26045317699696,5.634645616426701,5.207978047848291,65,Ricaud,66
2944,65379,1733.5,2000.0,1467.0,8.1141438397925,8.42353719137337,"0,643116604949092","0,690279473538824",97.36972607751,101.08244629648044,5.616944106,5.831118909517188,65,Ris,14
2945,65382,1191.571428571429,1399.25,914.666666666667,7.42378448460729,7.21898499682526,"0,796006140708261","0,618753574850219",89.08541381528748,86.62781996190313,7.476296567641917,7.270048432242199,65,Sacoué,87
2946,65383,2588.0000000000023,2023.0,2964.66666666667,7.40932593773868,6.78941090807091,"0,774317336276807","0,636537908478611",88.91191125286417,81.47293089685093,3.4355452570658462,3.148103975921594,65,Sadournin,197
2947,65386,2069.2,1829.0,2129.25,7.82473001606648,7.87735436731306,"0,810235655050773","0,645369557164986",93.89676019279776,94.52825240775672,4.537829122018064,4.568347786959053,65,Saint-Créac,105
2948,65387,2040.3333333333333,3024.0,1548.5,6.93944669947492,7.16667975697859,"0,823403010791707","0,694650404738854",83.27336039369904,86.00015708374309,4.081360581295493,4.21500524834552,65,Saint-Lanne,124
2949,65388,3223.17359413203,3106.39732142857,3364.56756756757,9.20386258413329,8.42353719137337,"0,373536370401462","0,690279473538824",110.44635100959948,101.08244629648044,3.4266336510907545,3.136115488179314,65,Saint-Lary-Soulan,855
2950,65389,1340.2368421052636,1361.86956521739,1307.06666666667,7.42378448460729,8.72662497511508,"0,796006140708261","0,625342412278307",89.08541381528748,104.71949970138095,6.646990368907544,7.813507016930384,65,Saint-Laurent-de-Neste,995
2951,65390,1693.7,1628.0,1710.125,8.86851177276567,8.12177641359173,"0,875996438887023","0,691436830660379",106.42214127318805,97.46131696310076,6.283411541193129,5.754343565159164,65,Saint-Lézer,442
2952,65392,2091.66666666667,2086.66666666667,2096.66666666667,8.83280266787946,8.9115622751128,"0,802512458964374","0,672868418625837",105.99363201455353,106.9387473013536,5.067424638145976,5.112609432734028,65,Saint-Martin,443
2953,65393,2396.2,2003.25,3968.0,8.45764565647514,7.87735436731306,"0,709879955768431","0,645369557164986",101.49174787770168,94.52825240775672,4.235529082618383,3.944923312234234,65,Saint-Pastous,154
2954,65395,1241.2777777777778,1167.45,1333.5625,8.70257990224572,8.12177641359173,"0,74333093498076","0,691436830660379",104.43095882694864,97.46131696310076,8.413182020700333,7.851692724055917,65,Saint-Pé-de-Bigorre,1169
2955,65396,3016.4,2101.0,3931.8,8.45764565647514,8.05699133833444,"0,709879955768431","0,686619818420153",101.49174787770168,96.68389606001328,3.364664761891715,3.2052743687844205,65,Saint-Savin,373
2956,65397,1124.0,1290.0,958.0,7.40932593773868,6.67978639563648,"0,774317336276807","0,468627955694727",88.91191125286417,80.15743674763776,7.910312389044855,7.13144455050158,65,Saint-Sever-de-Rustan,162
2957,65398,1583.7500000000014,1450.3,1806.16666666667,8.64648467864198,7.03251888168524,"0,653507028132275","0,529945744326809",103.75781614370376,84.39022658022287,6.551401177187287,5.328506808538141,65,Saléchan,246
2958,65399,3194.0,3459.0,3061.5,8.45764565647514,8.42353719137337,"0,709879955768431","0,690279473538824",101.49174787770168,101.08244629648044,3.177575074442758,3.164760372463383,65,Saligos,91
2959,65400,1220.8333333333333,1256.75,1149.0,9.78112956755765,8.12177641359173,"0,779790185640507","0,691436830660379",117.3735548106918,97.46131696310076,9.614216093708546,7.983179546465592,65,Salles,253
2960,65401,1886.600000000002,1836.88888888889,1961.16666666667,8.83280266787946,8.9115622751128,"0,802512458964374","0,672868418625837",105.99363201455353,106.9387473013536,5.618235556798124,5.66833177681297,65,Salles-Adour,593
2961,65404,916.5,754.0,1079.0,7.99205479115859,6.78941090807091,"0,663017401767114","0,636537908478611",95.90465749390307,81.47293089685093,10.464228859127449,8.889572383726232,65,Sariac-Magnoac,163
2962,65405,1928.3333333333333,2336.0,1724.5,9.12969107794915,8.72662497511508,"0,697626544767089","0,625342412278307",109.5562929353898,104.71949970138095,5.681398077894027,5.4305704253092975,65,Sarlabous,79
2963,65406,1453.2,1550.0,1429.0,8.86851177276567,7.72383999772839,"0,875996438887023","0,648927197066249",106.42214127318805,92.68607997274069,7.323296261573632,6.378067710758372,65,Sarniguet,264
2964,65408,1661.7391304347864,1497.21428571429,1917.66666666667,9.12969107794915,7.03251888168524,"0,697626544767089","0,529945744326809",109.5562929353898,84.39022658022287,6.59286953823642,5.078428077826064,65,Sarrancolin,565
2965,65409,1411.7142857142858,1254.5,1474.6,8.90137180144808,7.37018941855296,"0,798510385718213","0,564296619350868",106.81646161737696,88.44227302263552,7.566436261097336,6.264884751654004,65,Sarriac-Bigorre,277
2966,65410,1581.77777777778,1490.66666666667,1764.0,7.16501462110856,8.9115622751128,"0,707328839413505","0,672868418625837",85.98017545330272,106.9387473013536,5.435667175328206,6.760668205339849,65,Sarrouilles,555
2967,65412,1566.8,1731.5,1457.0,7.40932593773868,7.37018941855296,"0,774317336276807","0,564296619350868",88.91191125286417,88.44227302263552,5.674745420785306,5.644771063481971,65,Sauveterre,162
2968,65413,3538.6666666666665,4106.0,3084.8,8.45764565647514,8.42353719137337,"0,709879955768431","0,690279473538824",101.49174787770168,101.08244629648044,2.8680787832809447,2.85651223520574,65,Sazos,157
2969,65415,2512.0,2823.0,2356.5,8.70257990224572,8.12177641359173,"0,74333093498076","0,691436830660379",104.43095882694864,97.46131696310076,4.157283392792541,3.879829496938725,65,Ségus,264
2970,65416,1322.3333333333333,1900.0,1033.5,7.42378448460729,7.21898499682526,"0,796006140708261","0,618753574850219",89.08541381528748,86.62781996190313,6.736986172066107,6.55113334725761,65,Seich,89
2971,65417,1725.5660377358506,1674.62921348315,1790.32857142857,8.72555755378701,8.42513792924122,"0,707328839413505","0,648927197066249",104.70669064544413,101.10165515089464,6.067961953101015,5.859042942427873,65,Séméac,5293
2972,65418,1668.5000000000025,1827.66666666667,1191.0,8.90137180144808,7.72383999772839,"0,798510385718213","0,648927197066249",106.81646161737696,92.68607997274069,6.401945556929986,5.555054238701859,65,Sénac,295
2973,65421,1029.6666666666667,859.5,1370.0,7.82473001606648,7.87735436731306,"0,810235655050773","0,645369557164986",93.89676019279776,94.52825240775672,9.119141488455591,9.18047126006054,65,Sère-Lanso,45
2974,65424,3119.4444444444443,3139.4,3094.5,8.47225639656891,8.05699133833444,"0,373536370401462","0,686619818420153",101.66707675882694,96.68389606001328,3.259140483809234,3.0993947089585734,65,Sers,113
2975,65425,1471.4000000000017,1271.25,1700.14285714286,8.86851177276567,8.12177641359173,"0,875996438887023","0,691436830660379",106.42214127318805,97.46131696310076,7.232713148918576,6.623713263769245,65,Siarrouy,467
2976,65427,1243.9999999999975,1636.0,1113.33333333333,8.64648467864198,7.21898499682526,"0,653507028132275","0,618753574850219",103.75781614370376,86.62781996190313,8.340660461712536,6.963651122339495,65,Siradan,292
2977,65429,1199.142857142857,873.0,1329.6,8.05764382431615,7.37018941855296,"0,718751940205777","0,564296619350868",96.6917258917938,88.44227302263552,8.063403398171987,7.3754576025547856,65,Sombrun,203
2978,65431,1271.75,1207.75,1399.75,8.1141438397925,8.42353719137337,"0,643116604949092","0,690279473538824",97.36972607751,101.08244629648044,7.6563574662874,7.948295364378255,65,Sost,100
2979,65433,1769.179104477609,1808.97222222222,1722.96774193548,8.83280266787946,7.72383999772839,"0,802512458964374","0,648927197066249",105.99363201455353,92.68607997274069,5.991119369785378,5.238931419558472,65,Soues,3040
2980,65435,1625.1666666666667,1660.6,1448.0,8.45764565647514,8.42353719137337,"0,709879955768431","0,690279473538824",101.49174787770168,101.08244629648044,6.245005509857554,6.219820303342043,65,Soulom,293
2981,65436,2267.200000000002,2236.66666666667,2313.0,7.16501462110856,8.9115622751128,"0,707328839413505","0,672868418625837",85.98017545330272,106.9387473013536,3.79235071688879,4.7167760806877865,65,Souyeaux,311
2982,65439,1911.124999999996,1936.28571428571,1735.0,8.86851177276567,8.12177641359173,"0,875996438887023","0,691436830660379",106.42214127318805,97.46131696310076,5.5685599462718685,5.099683012000835,65,Tarasteix,273
2983,65440,1551.798603026774,1544.38888888889,1559.61602870813,9.2801008235877,8.30391984401634,"0,802512458964374","0,648927197066249",111.3612098830524,99.64703812819609,7.176266924447736,6.421389859085781,65,Tarbes,45450
2984,65441,802.5,938.0,667.0,7.42378448460729,7.21898499682526,"0,796006140708261","0,618753574850219",89.08541381528748,86.62781996190313,11.100986145207164,10.794743920486372,65,Thèbe,93
2985,65442,1460.6666666666667,1535.0,1367.75,7.88472297309753,6.78941090807091,"0,752805500851526","0,636537908478611",94.61667567717036,81.47293089685093,6.477636399623711,5.57779079622439,65,Thermes-Magnoac,236
2986,65444,2945.833333333333,3614.0,1609.5,7.42378448460729,7.21898499682526,"0,796006140708261","0,618753574850219",89.08541381528748,86.62781996190313,3.0241158862332385,2.9406897865426807,65,Tibiran-Jaunac,331
2987,65445,2059.1111111111118,2200.25,1946.2,8.08802658105303,8.72662497511508,"0,738053095755921","0,625342412278307",97.05631897263638,104.71949970138095,4.71350566994241,5.0856653211333285,65,Tilhouse,231
2988,65446,2107.5833333333358,2014.16666666667,2201.0,8.86851177276567,7.72383999772839,"0,875996438887023","0,648927197066249",106.42214127318805,92.68607997274069,5.049486755281543,4.397742120409975,65,Tostat,551
2989,65447,1869.3666666666625,2222.47058823529,1407.61538461538,8.39917944311433,8.43837109808308,"0,738053095755921","0,625342412278307",100.79015331737196,101.26045317699696,5.391673828072191,5.416832073803811,65,Tournay,1317
2990,65449,1738.2,1753.5,1677.0,7.99205479115859,6.84304690365783,"0,663017401767114","0,612625720550421",95.90465749390307,82.11656284389396,5.517469652163333,4.72422982648107,65,Tournous-Devant,87
2991,65450,3283.5,3314.0,3253.0,8.47225639656891,8.42353719137337,"0,373536370401462","0,690279473538824",101.66707675882694,101.08244629648044,3.096302017932905,3.078496917815759,65,Tramezaïgues,35
2992,65451,2016.0000000000032,1608.2,2242.55555555556,8.08802658105303,9.1349754031671,"0,738053095755921","0,625342412278307",97.05631897263638,109.6197048380052,4.814301536341083,5.437485359028027,65,Trébons,771
2993,65452,1142.6216216216249,1118.55555555556,1207.6,7.4726961469799,6.30555718894013,"0,774317336276807","0,468627955694727",89.6723537637588,75.66668626728156,7.8479482679922095,6.622199758472479,65,Trie-sur-Baïse,1019
2994,65455,1222.2352941176464,1185.7,1274.42857142857,7.42378448460729,8.72662497511508,"0,796006140708261","0,625342412278307",89.08541381528748,104.71949970138095,7.288728630570257,8.567867431530837,65,Tuzaguet,433
2995,65456,1695.8000000000022,1937.66666666667,1333.0,8.90285703343936,6.84304690365783,"0,802812402032766","0,612625720550421",106.83428440127231,82.11656284389396,6.299934214015343,4.842349501350032,65,Uglas,280
2996,65460,1477.3138686131388,1440.0,1526.64406779661,9.27689844168623,7.64882301324796,"0,798510385718213","0,564296619350868",111.32278130023477,91.78587615897553,7.535486105247323,6.213024740987612,65,Vic-en-Bigorre,5091
2997,65462,1399.88888888889,1448.0,1303.66666666667,8.90137180144808,7.37018941855296,"0,798510385718213","0,564296619350868",106.81646161737696,88.44227302263552,7.630352841942948,6.317806629127066,65,Vidouze,235
2998,65463,2319.4,1556.0,2510.25,8.45764565647514,8.42353719137337,"0,709879955768431","0,690279473538824",101.49174787770168,101.08244629648044,4.375775971272816,4.358129097890853,65,Viella,84
2999,65464,1924.2857142857167,2007.66666666667,1424.0,8.08802658105303,8.72662497511508,"0,738053095755921","0,625342412278307",97.05631897263638,104.71949970138095,5.043758224264689,5.441993302967079,65,Vielle-Adour,497
3000,65465,3488.1739130434767,3495.24324324324,3480.0,8.47225639656891,8.42353719137337,"0,373536370401462","0,690279473538824",101.66707675882694,101.08244629648044,2.914621784729796,2.8978614259598285,65,Vielle-Aure,315
3001,65467,3001.0,3174.5,2654.0,7.82473001606648,8.42353719137337,"0,810235655050773","0,690279473538824",93.89676019279776,101.08244629648044,3.128849056741012,3.368292112511844,65,Vier-Bordes,100
3002,65470,1570.9999999999975,1454.33333333333,1921.0,7.82473001606648,8.42353719137337,"0,810235655050773","0,690279473538824",93.89676019279776,101.08244629648044,5.976878433659956,6.434274111806531,65,Viger,148
3003,65471,3804.4583333333335,3437.0,3988.1875,8.47225639656891,8.42353719137337,"0,373536370401462","0,690279473538824",101.66707675882694,101.08244629648044,2.672314107584135,2.656947124662436,65,Vignec,209
3004,65473,2349.0769230769247,2240.66666666667,2442.0,8.45764565647514,8.42353719137337,"0,709879955768431","0,690279473538824",101.49174787770168,101.08244629648044,4.320494866756569,4.303070934096028,65,Villelongue,363
3005,65474,891.5,811.0,972.0,7.16501462110856,6.30555718894013,"0,707328839413505","0,468627955694727",85.98017545330272,75.66668626728156,9.6444391983514,8.487569968287332,65,Villembits,113
3006,65481,2486.1940298507425,2388.84615384615,2621.78571428571,8.47225639656891,8.42353719137337,"0,373536370401462","0,690279473538824",101.66707675882694,101.08244629648044,4.089265581774825,4.065750503895663,65,Barèges,139
3007,65482,1633.8749999999986,1634.8,1632.33333333333,9.12969107794915,6.84304690365783,"0,697626544767089","0,612625720550421",109.5562929353898,82.11656284389396,6.70530444100007,5.025877918683744,65,Cantaous,444
3008,66002,2774.905263157896,2667.63043478261,2875.61224489796,10.9814260920523,10.3134463881542,"0,828919329912941","0,722619810671618",131.7771131046276,123.7613566578504,4.748886920725456,4.460020970842354,66,Alénya,3763
3009,66003,1485.3005464480905,1453.60931899642,1518.04814814815,10.010387669111,8.57919726598592,"0,574410038230457","0,773001130299233",120.124652029332,102.95036719183103,8.087565329225455,6.931281849860213,66,Amélie-les-Bains-Palalda,3599
3010,66004,3544.82258064516,3377.08527131783,3726.65546218487,10.1262067723994,8.57919726598592,"0,725249477558553","0,773001130299233",121.5144812687928,102.95036719183103,3.4279425416737523,2.904245977046728,66,Les Angles,594
3011,66005,3314.761904761903,2672.71428571429,3635.78571428571,8.56738996126048,7.72465669534667,"0,738443972705019","0,687306582108781",102.80867953512576,92.69588034416005,3.1015403968361466,2.7964566689087227,66,Angoustrine-Villeneuve-des-Escaldes,577
3012,66006,1104.6666666666667,1142.0,1086.0,8.14919391702509,7.45175301530805,"0,799676288361958","0,65680155285795",97.79032700430108,89.4210361836966,8.852473778301245,8.094843347950809,66,Ansignan,173
3013,66007,1859.0,2076.25,1424.5,8.90394115202002,6.84806335901046,"0,769846725675058","0,658650533365657",106.84729382424024,82.17676030812552,5.747568253052192,4.420481996133702,66,Arboussols,131
3014,66008,3606.546218487396,3554.23412698413,3665.39732142857,11.3993110111176,10.5634715771185,"0,78870032116713","0,720178382899089",136.7917321334112,126.761658925422,3.792873398716136,3.514765962949076,66,Argelès-sur-Mer,11078
3015,66009,1787.485981308408,1640.11538461538,1926.81818181818,8.9762136605905,6.84806335901046,"0,574410038230457","0,658650533365657",107.714563927086,82.17676030812552,6.026036850271734,4.5973373311702055,66,Arles-sur-Tech,2840
3016,66011,2508.186567164182,2487.23529411765,2529.77272727273,9.71661900459595,9.10350386401662,"0,822818610442404","0,718906867806369",116.5994280551514,109.24204636819944,4.648754186853875,4.3554194810839455,66,Bages,4573
3017,66012,2331.7903225806454,2380.03225806452,2283.54838709677,10.9594380509617,9.40752827446914,"0,820817592867344","0,727807671932416",131.51325661154038,112.89033929362968,5.640012111637537,4.841358942114974,66,Baho,3335
3018,66013,1587.833333333335,1940.0,1235.66666666667,8.74967584101949,6.84806335901046,"0,780158423237753","0,658650533365657",104.99611009223388,82.17676030812552,6.612539734999503,5.175402139695104,66,Baillestavy,118
3019,66014,2050.695652173915,2025.40740740741,2086.63157894737,10.3201626663872,6.91113046478908,"0,755886178908366","0,731687831289342",123.8419519966464,82.93356557746895,6.039021532296283,4.044167426285427,66,Baixas,2830
3020,66015,2510.0000000000005,2462.61904761905,2548.26923076923,9.88812492973178,9.73726580562355,"0,822818610442404","0,718906867806369",118.65749915678136,116.8471896674826,4.727390404652644,4.655266520616837,66,Banyuls-dels-Aspres,1412
3021,66016,3620.2887029288713,3514.92700729927,3761.80392156863,11.6094996574893,10.0941573365875,"0,810271759604014","0,720178382899089",139.3139958898716,121.12988803905,3.848146027060338,3.3458626639652795,66,Banyuls-sur-Mer,4644
3022,66017,3397.8218954248387,3234.044546851,3583.89354275742,12.4285057040775,10.52884467309,"0,729249644693923","0,631640317881751",149.14206844893,126.34613607708,4.389343321665845,3.718444932243354,66,Le Barcarès,6242
3023,66018,999.8,845.0,1619.0,9.87027176780239,8.60426598906752,"0,81345879882918","0,795318686224174",118.44326121362867,103.25119186881022,11.846695460454958,10.327184623805785,66,La Bastide,62
3024,66019,1111.090909090909,941.4,1252.5,9.00869923174221,7.45175301530805,"0,751452160689445","0,65680155285795",108.10439078090651,89.4210361836966,9.72957207159198,8.04803958452514,66,Bélesta,246
3025,66020,3625.742616033755,3419.39024390244,3848.38596491228,10.1262067723994,7.72465669534667,"0,725249477558553","0,687306582108781",121.5144812687928,92.69588034416005,3.351437047170187,2.55660398877296,66,Bolquère,836
3026,66021,2434.4285714285675,2432.91397849462,2436.14634146341,10.8404402361482,9.87361671644805,"0,815394783755734","0,701377832061786",130.08528283377842,118.4834005973766,5.343565400131744,4.866990224644314,66,Bompas,7816
3027,66022,6985.0,12963.0,1007.0,8.74967584101949,6.84806335901046,"0,780158423237753","0,658650533365657",104.99611009223388,82.17676030812552,1.5031654988150878,1.1764747359788907,66,Boule-d'Amont,65
3028,66023,1582.9487179487191,1405.875,1866.26666666667,8.74967584101949,7.45175301530805,"0,780158423237753","0,65680155285795",104.99611009223388,89.4210361836966,6.632944510564702,5.649016621307466,66,Bouleternère,967
3029,66024,2355.3062200956933,2225.56730769231,2483.80952380952,10.5449536394698,9.35591908744653,"0,818374332526146","0,706278153342333",126.5394436736376,112.27102904935836,5.372526196126483,4.766727489251776,66,Le Boulou,5453
3030,66025,2650.7115384615395,2545.55172413793,2783.30434782609,8.56738996126048,7.72465669534667,"0,738443972705019","0,687306582108781",102.80867953512576,92.69588034416005,3.878531407261139,3.4970187815291403,66,Bourg-Madame,1269
3031,66026,2705.590909090908,2716.12,2691.73684210526,9.88812492973178,9.73726580562355,"0,822818610442404","0,718906867806369",118.65749915678136,116.8471896674826,4.385640813549706,4.318730864849922,66,Brouilla,1622
3032,66027,3140.428571428573,2894.57142857143,3632.14285714286,10.1262067723994,7.72465669534667,"0,725249477558553","0,687306582108781",121.5144812687928,92.69588034416005,3.869359818412178,2.951695229991903,66,La Cabanasse,715
3033,66028,2613.442148760329,2631.11111111111,2591.14953271028,11.7491317905241,10.4287682846641,"0,746764555813846","0,722619810671618",140.98958148628918,125.1452194159692,5.394784864595787,4.788520743622776,66,Cabestany,10621
3034,66030,1961.6666666666667,2032.0,1821.0,10.1967102931379,9.36046338342009,"0,760656975920966","0,75533732066249",122.3605235176548,112.32556060104108,6.237579788495571,5.726026878557743,66,Calce,228
3035,66032,1970.0,2000.0,1955.0,9.87027176780239,8.60426598906752,"0,81345879882918","0,795318686224174",118.44326121362867,103.25119186881022,6.0123482849557695,5.241177252223869,66,Calmeilles,63
3036,66033,2592.764705882353,2506.1,2716.57142857143,8.74967584101949,9.36046338342009,"0,780158423237753","0,75533732066249",104.99611009223388,112.32556060104108,4.049581122962034,4.332269733007459,66,Camélas,475
3037,66034,1594.8750000000025,1790.5,1529.66666666667,8.90394115202002,6.08034104987485,"0,769846725675058","0,730219105533966",106.84729382424024,72.9640925984982,6.699414927454507,4.574909795344343,66,Campôme,125
3038,66036,1565.25,1887.0,1243.5,10.1262067723994,6.08034104987485,"0,725249477558553","0,730219105533966",121.5144812687928,72.9640925984982,7.763263457517508,4.661497690368836,66,Canaveilles,43
3039,66037,3658.245214220599,3517.74035087719,3810.21442125237,12.7234022370077,11.6974280922799,"0,788166861424748","0,701377832061786",152.6808268440924,140.3691371073588,4.173608325942184,3.837062003435571,66,Canet-en-Roussillon,13254
3040,66038,2785.383647798743,2770.30487804878,2801.44155844156,11.1803893658388,9.83404371453126,"0,85220865970128","0,795318686224174",134.1646723900656,118.00852457437512,4.816739428196701,4.236706303192234,66,Canohès,6672
3041,66039,1060.999999999999,884.333333333333,1212.42857142857,8.14919391702509,7.45175301530805,"0,799676288361958","0,65680155285795",97.79032700430108,89.4210361836966,9.216807446211233,8.42799587028244,66,Caramany,130
3042,66041,1992.8965517241363,2180.84615384615,1840.1875,10.1967102931379,9.36046338342009,"0,760656975920966","0,75533732066249",122.3605235176548,112.32556060104108,6.13983316955392,5.636296600737436,66,Cases-de-Pène,1000
3043,66042,1560.15384615385,1352.71428571429,1802.16666666667,9.00869923174221,7.45175301530805,"0,751452160689445","0,65680155285795",108.10439078090651,89.4210361836966,6.929085298056311,5.731552462222921,66,Cassagnes,290
3044,66044,2843.333333333333,3042.75,2683.8,8.74967584101949,9.36046338342009,"0,780158423237753","0,75533732066249",104.99611009223388,112.32556060104108,3.6927119610398784,3.950488649509064,66,Castelnou,292
3045,66045,1817.576923076925,1833.38461538462,1801.76923076923,8.90394115202002,6.08034104987485,"0,769846725675058","0,730219105533966",106.84729382424024,72.9640925984982,5.878556910997827,4.014360639822568,66,Catllar,742
3046,66046,1303.0322580645204,1358.55555555556,1226.15384615385,7.87906743832947,6.16294501135393,"0,77888501719521","0,631135439120523",94.54880925995364,73.95534013624716,7.2560605215095135,5.675633866969487,66,Caudiès-de-Fenouillèdes,591
3047,66047,2783.6666666666665,2995.5,2360.0,10.1262067723994,6.08034104987485,"0,725249477558553","0,730219105533966",121.5144812687928,72.9640925984982,4.3652669597219305,2.6211504944976003,66,Caudiès-de-Conflent,22
3048,66048,2479.6571428571447,2502.90243902439,2446.79310344828,11.4274587837786,10.0941573365875,"0,810271759604014","0,720178382899089",137.1295054053432,121.12988803905,5.530180081563128,4.884945017014734,66,Cerbère,1228
3049,66049,2607.309701492536,2618.86111111111,2593.89516129032,11.1005091590111,9.84152957694404,"0,81345879882918","0,773001130299233",133.2061099081332,118.09835492332849,5.108948500896551,4.529510048450475,66,Céret,7763
3050,66050,2477.7969924812014,2559.98630136986,2377.8,11.4208939867749,10.5641029822688,"0,815394783755734","0,73099825275608",137.0507278412988,126.7692357872256,5.531152400990679,5.116207509005093,66,Claira,4856
3051,66051,1855.0,2013.8,1061.0,8.90394115202002,8.57919726598592,"0,769846725675058","0,773001130299233",106.84729382424024,102.95036719183103,5.759961931225889,5.549885023818385,66,Clara-Villerach,275
3052,66052,2218.1250000000014,1865.6,2805.66666666667,8.90394115202002,8.57919726598592,"0,769846725675058","0,773001130299233",106.84729382424024,102.95036719183103,4.817009583510405,4.641323964692296,66,Codalet,361
3053,66053,4998.862068965519,4951.4140625,5057.25961538462,12.4214215700192,10.0941573365875,"0,78870032116713","0,720178382899089",149.0570588402304,121.12988803905,2.981819797862052,2.423149236124393,66,Collioure,2669
3054,66055,2269.4583333333303,2390.30769230769,2126.63636363636,9.00869923174221,6.84806335901046,"0,751452160689445","0,658650533365657",108.10439078090651,82.17676030812552,4.763444615531899,3.620985637900041,66,Corbère,796
3055,66056,2086.7000000000003,2023.05882352941,2169.92307692308,8.74967584101949,9.36046338342009,"0,780158423237753","0,75533732066249",104.99611009223388,112.32556060104108,5.031682086175965,5.382928097045146,66,Corbère-les-Cabanes,1176
3056,66057,1778.1111111111106,1942.18181818182,1520.28571428571,7.99671249603216,6.08034104987485,"0,792290458008145","0,730219105533966",95.96054995238592,72.9640925984982,5.396769040626592,4.103460809763694,66,Corneilla-de-Conflent,537
3057,66058,2081.891304347825,2094.86956521739,2068.91304347826,10.1967102931379,9.36046338342009,"0,760656975920966","0,75533732066249",122.3605235176548,112.32556060104108,5.877373293318287,5.395361437288305,66,Corneilla-la-Rivière,2050
3058,66059,2571.894117647058,2615.88095238095,2528.93023255814,10.3576932024898,10.3134463881542,"0,828919329912941","0,722619810671618",124.2923184298776,123.7613566578504,4.832715218602724,4.812070442895045,66,Corneilla-del-Vercol,2716
3059,66060,1405.4444444444443,1073.0,1671.4,9.93244617918669,6.84806335901046,"0,574410038230457","0,658650533365657",119.18935415024026,82.17676030812552,8.480545397676991,5.847030142881886,66,Corsavy,268
3060,66062,2697.4999999999977,2485.5,2838.83333333333,8.56738996126048,7.72465669534667,"0,738443972705019","0,687306582108781",102.80867953512576,92.69588034416005,3.8112578140917823,3.4363625706824887,66,Dorres,183
3061,66063,2410.0,2531.0,2289.0,12.1289756000727,9.73726580562355,"0,78870032116713","0,718906867806369",145.5477072008724,116.8471896674826,6.039323950243667,4.848431106534548,66,Les Cluses,262
3062,66064,2900.588235294118,2675.57142857143,3058.1,10.1262067723994,7.72465669534667,"0,725249477558553","0,687306582108781",121.5144812687928,92.69588034416005,4.18930476895047,3.1957614395674723,66,Égat,431
3063,66065,2434.0888888888903,2385.63703703704,2482.54074074074,10.6757624283204,9.63439365946676,"0,770357736629271","0,714330967182544",128.10914913984482,115.61272391360112,5.263125341257521,4.749733029116117,66,Elne,9581
3064,66066,2645.4594594594587,2467.52631578947,2833.27777777778,8.56738996126048,7.72465669534667,"0,738443972705019","0,687306582108781",102.80867953512576,92.69588034416005,3.886231526531593,3.5039614768128184,66,Enveitg,633
3065,66067,2961.95,2763.3,3160.6,10.1262067723994,7.72465669534667,"0,725249477558553","0,687306582108781",121.5144812687928,92.69588034416005,4.102516290578598,3.129555878531374,66,Err,730
3066,66068,1597.0,1557.25,1636.75,8.74967584101949,8.57919726598592,"0,780158423237753","0,773001130299233",104.99611009223388,102.95036719183103,6.574584226188722,6.446485109068945,66,Escaro,129
3067,66069,2222.136363636363,2425.77777777778,2009.02325581395,10.1975680241548,9.13166442319043,"0,755886178908366","0,731687831289342",122.3708162898576,109.57997307828516,5.5068994996151694,4.931289315610027,66,Espira-de-l'Agly,3643
3068,66070,1106.0000000000011,1047.33333333333,1131.14285714286,8.90394115202002,8.57919726598592,"0,769846725675058","0,773001130299233",106.84729382424024,102.95036719183103,9.660695644144678,9.30835146399918,66,Espira-de-Conflent,226
3069,66071,1536.0786516853923,1656.38775510204,1388.7,9.07381469416062,7.47019361262566,"0,751452160689445","0,631135439120523",108.88577632992744,89.64232335150791,7.088554756649828,5.835789935180204,66,Estagel,2147
3070,66072,2947.3488372093,3036.75,2869.60869565217,10.1262067723994,7.72465669534667,"0,725249477558553","0,687306582108781",121.5144812687928,92.69588034416005,4.122840151620766,3.145059694797757,66,Estavar,466
3071,66073,1971.8749999999984,2011.33333333333,1948.2,8.90394115202002,8.57919726598592,"0,769846725675058","0,773001130299233",106.84729382424024,102.95036719183103,5.41856323672851,5.2209377973670295,66,Estoher,155
3072,66074,2114.6250000000014,2109.2,2123.66666666667,8.90394115202002,6.08034104987485,"0,769846725675058","0,730219105533966",106.84729382424024,72.9640925984982,5.052777387207669,3.450450675580689,66,Eus,396
3073,66075,3374.806451612906,2946.07142857143,3727.88235294118,10.1262067723994,8.57919726598592,"0,725249477558553","0,773001130299233",121.5144812687928,102.95036719183103,3.600635562691837,3.050556192418929,66,Eyne,156
3074,66078,1870.3999999999976,1927.5,1832.33333333333,8.90394115202002,8.57919726598592,"0,769846725675058","0,773001130299233",106.84729382424024,102.95036719183103,5.7125370949658025,5.504189862694139,66,Fillols,212
3075,66079,2228.1111111111118,1877.75,2508.4,8.90394115202002,8.57919726598592,"0,769846725675058","0,773001130299233",106.84729382424024,102.95036719183103,4.795420358141735,4.620522139961499,66,Finestret,205
3076,66080,1360.5454545454536,1370.33333333333,1356.875,10.1262067723994,8.57919726598592,"0,725249477558553","0,773001130299233",121.5144812687928,102.95036719183103,8.931306253886955,7.566845109649487,66,Fontpédrouse,123
3077,66081,2235.3,2154.25,2559.5,7.99671249603216,7.72465669534667,"0,792290458008145","0,687306582108781",95.96054995238592,92.69588034416005,4.292960674289175,4.146910049843871,66,Fontrabiouse,139
3078,66082,2804.3555555555563,2806.0,2801.88888888889,10.1262067723994,7.72465669534667,"0,725249477558553","0,687306582108781",121.5144812687928,92.69588034416005,4.333062582883509,3.305425382331612,66,Formiguères,507
3079,66083,1242.3333333333333,1286.0,1220.5,8.14919391702509,6.84806335901046,"0,799676288361958","0,658650533365657",97.79032700430108,82.17676030812552,7.871504722642965,6.614711052438331,66,Fosse,46
3080,66084,1957.5744680851053,1968.31818181818,1948.12,8.74967584101949,8.83718120125293,"0,780158423237753","0,706278153342333",104.99611009223388,106.04617441503515,5.363581912413316,5.417223004485201,66,Fourques,1352
3081,66085,1441.3333333333333,1514.6,1075.0,10.1262067723994,8.57919726598592,"0,725249477558553","0,773001130299233",121.5144812687928,102.95036719183103,8.430699440480536,7.14271742774036,66,Fuilla,442
3082,66088,1623.2696629213526,1596.94047619048,1646.79787234043,9.83382005228363,8.67596205675334,"0,799676288361958","0,65680155285795",118.00584062740356,104.11154468104009,7.269638761992987,6.413693735498849,66,Ille-sur-Têt,5619
3083,66089,2211.75,1048.0,2378.0,8.74967584101949,6.84806335901046,"0,780158423237753","0,658650533365657",104.99611009223388,82.17676030812552,4.747196115846451,3.71546333483104,66,Joch,403
3084,66090,1455.6666666666667,1914.5,538.0,10.1262067723994,6.08034104987485,"0,725249477558553","0,730219105533966",121.5144812687928,72.9640925984982,8.34768591267182,5.0124176275588415,66,Jujols,44
3085,66091,1288.25,1056.0,1520.5,10.1262067723994,8.57919726598592,"0,725249477558553","0,773001130299233",121.5144812687928,102.95036719183103,9.43252328886418,7.991489787838621,66,Lamanère,56
3086,66092,1419.166666666665,1440.33333333333,1398.0,8.14919391702509,7.45175301530805,"0,799676288361958","0,65680155285795",97.79032700430108,89.4210361836966,6.890686576932557,6.3009538121219055,66,Lansac,93
3087,66093,3125.82105263158,2916.25,3339.85106382979,12.1289756000727,9.3731953223373,"0,78870032116713","0,714330967182544",145.5477072008724,112.4783438680476,4.656303248016647,3.598361581618814,66,Laroque-des-Albères,2275
3088,66094,3067.1617647058806,3021.73684210526,3124.7,11.8169901570906,10.3134463881542,"0,788166861424748","0,722619810671618",141.8038818850872,123.7613566578504,4.623293219054758,4.035044974868427,66,Latour-Bas-Elne,3271
3089,66095,2550.6428571428573,2402.26666666667,2721.84615384615,8.56738996126048,7.72465669534667,"0,738443972705019","0,687306582108781",102.80867953512576,92.69588034416005,4.030696780900502,3.634216373514354,66,Latour-de-Carol,486
3090,66096,1362.1794871794878,1423.22727272727,1283.17647058824,8.14919391702509,7.45175301530805,"0,799676288361958","0,65680155285795",97.79032700430108,89.4210361836966,7.178960476551041,6.564556068073724,66,Latour-de-France,1059
3091,66097,2336.200000000002,2172.66666666667,2581.5,8.14919391702509,7.45175301530805,"0,799676288361958","0,65680155285795",97.79032700430108,89.4210361836966,4.1858713724981165,3.827627608239728,66,Lesquerde,146
3092,66098,2809.2499999999973,2929.58333333333,2448.25,10.1262067723994,8.57919726598592,"0,725249477558553","0,773001130299233",121.5144812687928,102.95036719183103,4.325513260435807,3.664692255649413,66,La Llagonne,225
3093,66099,2597.5714285714284,2244.2,3481.0,8.74967584101949,8.83718120125293,"0,780158423237753","0,706278153342333",104.99611009223388,106.04617441503515,4.042087502863319,4.0825123516759945,66,Llauro,317
3094,66100,2092.285714285716,2182.75,1971.66666666667,10.1262067723994,8.57919726598592,"0,725249477558553","0,773001130299233",121.5144812687928,102.95036719183103,5.807738419237667,4.920473647021827,66,Llo,160
3095,66101,2558.7872340425542,2605.66666666667,2509.86956521739,8.74967584101949,8.60426598906752,"0,780158423237753","0,795318686224174",104.99611009223388,103.25119186881022,4.103354460087467,4.035161286375758,66,Llupia,2212
3096,66103,1434.3333333333314,1282.75,1636.44444444444,8.90394115202002,8.57919726598592,"0,769846725675058","0,773001130299233",106.84729382424024,102.95036719183103,7.449265198064633,7.177576146304753,66,Marquixanes,596
3097,66104,2202.879999999997,2236.63636363636,2176.35714285714,8.90394115202002,8.57919726598592,"0,769846725675058","0,773001130299233",106.84729382424024,102.95036719183103,4.850345630458327,4.6734441817907095,66,Los Masos,984
3098,66105,3996.944444444444,4263.81818181818,3577.57142857143,10.1262067723994,8.57919726598592,"0,725249477558553","0,773001130299233",121.5144812687928,102.95036719183103,3.0401843947991805,2.575726748840029,66,Matemale,285
3099,66106,2297.1413043478246,2093.3,2539.80952380952,9.89062031646715,9.3731953223373,"0,818374332526146","0,714330967182544",118.6874437976058,112.4783438680476,5.166745448917956,4.896448627481409,66,Maureillas-las-Illas,2903
3100,66107,1183.171428571426,1103.05882352941,1258.83333333333,7.87906743832947,6.16294501135393,"0,77888501719521","0,631135439120523",94.54880925995364,73.95534013624716,7.991133573442767,6.250602266954809,66,Maury,792
3101,66108,1992.4845360824747,2037.08510638298,1950.56,9.57817693432185,7.91102286391139,"0,751452160689445","0,658650533365657",114.9381232118622,94.93227436693668,5.7685829490977065,4.764517498017217,66,Millas,4396
3102,66109,2040.25,2548.66666666667,1531.83333333333,8.90394115202002,6.08034104987485,"0,769846725675058","0,730219105533966",106.84729382424024,72.9640925984982,5.236970656745019,3.576232941967808,66,Molitg-les-Bains,252
3103,66111,2332.8,2251.25,2659.0,9.00869923174221,7.45175301530805,"0,751452160689445","0,65680155285795",108.10439078090651,89.4210361836966,4.634104543077267,3.8332062835946754,66,Montalba-le-Château,160
3104,66112,3009.0,3262.4,2692.25,9.87027176780239,8.60426598906752,"0,81345879882918","0,795318686224174",118.44326121362867,103.25119186881022,3.936299807697862,3.4314121591495588,66,Montauriol,255
3105,66113,2082.86666666667,1967.66666666667,2255.66666666667,9.93244617918669,8.83718120125293,"0,574410038230457","0,706278153342333",119.18935415024026,106.04617441503515,5.722370810273025,5.09135683585291,66,Montbolo,183
3106,66114,2583.181818181817,2601.88888888889,2553.47058823529,10.9803945964678,10.3134463881542,"0,85220865970128","0,722619810671618",131.7647351576136,123.7613566578504,5.100869564433398,4.791043192807865,66,Montescot,1632
3107,66115,2976.728813559321,2834.48148148148,3096.75,12.1289756000727,9.73726580562355,"0,78870032116713","0,718906867806369",145.5477072008724,116.8471896674826,4.889518539206087,3.925355549193163,66,Montesquieu-des-Albères,1309
3108,66116,2380.2499999999973,2219.33333333333,2863.0,9.93244617918669,8.57919726598592,"0,574410038230457","0,773001130299233",119.18935415024026,102.95036719183103,5.00743006617962,4.325191353506193,66,Montferrer,218
3109,66117,2028.6,2085.0,1991.0,10.1262067723994,8.57919726598592,"0,725249477558553","0,773001130299233",121.5144812687928,102.95036719183103,5.990066117952913,5.0749466228843065,66,Mont-Louis,151
3110,66118,1320.411764705884,1058.66666666667,1614.875,9.00869923174221,7.45175301530805,"0,751452160689445","0,65680155285795",108.10439078090651,89.4210361836966,8.187172643450833,6.7722083802861865,66,Montner,335
3111,66119,1762.588235294119,1838.18181818182,1624.0,7.99671249603216,6.08034104987485,"0,792290458008145","0,730219105533966",95.96054995238592,72.9640925984982,5.444297654487249,4.1395994332347765,66,Mosset,318
3112,66120,2897.3333333333358,3178.0,2616.66666666667,8.56738996126048,7.72465669534667,"0,738443972705019","0,687306582108781",102.80867953512576,92.69588034416005,3.548389767664254,3.199351599545329,66,Nahuja,76
3113,66121,1851.9024390243887,1650.20833333333,2136.64705882353,8.14919391702509,6.84806335901046,"0,799676288361958","0,658650533365657",97.79032700430108,82.17676030812552,5.280533409514735,4.437423839207077,66,Néfiach,1395
3114,66122,1790.5,1322.33333333333,2258.66666666667,10.1262067723994,8.57919726598592,"0,725249477558553","0,773001130299233",121.5144812687928,102.95036719183103,6.786622801943189,5.749811069077412,66,Nohèdes,60
3115,66123,1219.0,690.0,2277.0,10.1262067723994,6.08034104987485,"0,725249477558553","0,730219105533966",121.5144812687928,72.9640925984982,9.968374181197111,5.98556953228041,66,Nyer,150
3116,66124,2936.644549763034,2681.34529147982,3222.73366834171,11.2375520293157,7.72465669534667,"0,738443972705019","0,687306582108781",134.85062435178838,92.69588034416005,4.591996820407491,3.156523670923672,66,Font-Romeu-Odeillo-Via,1944
3117,66125,1049.458333333333,991.428571428571,1130.7,8.74967584101949,8.57919726598592,"0,780158423237753","0,773001130299233",104.99611009223388,102.95036719183103,10.004790734162915,9.809857516194649,66,Olette,343
3118,66126,2363.3750000000014,2389.6,2319.66666666667,9.87027176780239,8.83718120125293,"0,81345879882918","0,706278153342333",118.44326121362867,106.04617441503515,5.011615220336536,4.487065083409746,66,Oms,359
3119,66127,2041.7777777777776,2045.25,2037.4375,8.56840325048792,8.75358303981912,"0,788577399146268","0,631640317881751",102.82083900585503,105.04299647782943,5.035848667025987,5.144683110037359,66,Opoul-Périllos,1235
3120,66128,1010.8,646.0,1102.0,10.1262067723994,6.08034104987485,"0,725249477558553","0,730219105533966",121.5144812687928,72.9640925984982,12.02161468824622,7.218449999851425,66,Oreilla,28
3121,66129,2472.7678571428573,2288.55172413793,2670.62962962963,10.1214908708025,9.3731953223373,"0,770357736629271","0,714330967182544",121.45789044963,112.4783438680476,4.911819364635695,4.548681896812179,66,Ortaffa,1912
3122,66130,2836.7837837837847,2811.5,2856.04761904762,10.1262067723994,7.72465669534667,"0,725249477558553","0,687306582108781",121.5144812687928,92.69588034416005,4.283529889144855,3.2676399545868664,66,Osséja,1480
3123,66132,3612.454545454543,3490.72222222222,3758.53333333333,10.1262067723994,7.72465669534667,"0,725249477558553","0,687306582108781",121.5144812687928,92.69588034416005,3.363764989699076,2.566008213467955,66,Palau-de-Cerdagne,420
3124,66133,2466.1521739130435,2373.8,2639.3125,10.0618682276002,9.34038175774263,"0,770357736629271","0,720178382899089",120.7424187312024,112.08458109291156,4.895984116812241,4.544917474215184,66,Palau-del-Vidre,3270
3125,66134,2127.777777777778,2319.04,1693.09090909091,9.88812492973178,8.83718120125293,"0,822818610442404","0,706278153342333",118.65749915678136,106.04617441503515,5.576592649665965,4.983893314544733,66,Passa,1094
3126,66136,1816.9143652322828,1799.84148891677,1834.81842105263,10.7796211615157,10.1420434411817,"0,796459157617375","0,727807671932416",129.3554539381884,121.7045212941804,7.119512972844539,6.698418132580571,66,Perpignan,122506
3127,66137,1490.999999999998,1471.11111111111,1520.83333333333,9.89062031646715,9.3731953223373,"0,818374332526146","0,714330967182544",118.6874437976058,112.4783438680476,7.960257799973572,7.543819172907294,66,Le Perthus,567
3128,66138,2081.0192307692337,1939.68181818182,2184.66666666667,10.6278913387404,9.40752827446914,"0,820817592867344","0,727807671932416",127.5346960648848,112.89033929362968,6.128472730054615,5.424761944746689,66,Peyrestortes,1826
3129,66139,1126.0000000000025,1250.0,1084.66666666667,8.14919391702509,6.08034104987485,"0,799676288361958","0,730219105533966",97.79032700430108,72.9640925984982,8.684753730399722,6.4799371757103055,66,Pézilla-de-Conflent,37
3130,66140,2502.6299999999983,2491.01818181818,2516.82222222222,10.0663266674811,8.91204066586426,"0,751452160689445","0,65680155285795",120.7959200097732,106.94448799037112,4.826759049870468,4.273284024820737,66,Pézilla-la-Rivière,4106
3131,66141,2358.242320819115,2304.79640718563,2429.07936507937,10.7440274414949,10.6530985991824,"0,796459157617375","0,73099825275608",128.9283292979388,127.8371831901888,5.467136611014455,5.420867145908299,66,Pia,11274
3132,66142,2064.4,1500.0,2205.5,10.1262067723994,6.08034104987485,"0,725249477558553","0,730219105533966",121.5144812687928,72.9640925984982,5.886188784576283,3.534397045073542,66,Planès,56
3133,66143,1963.3333333333333,3710.0,1090.0,9.00869923174221,7.45175301530805,"0,751452160689445","0,65680155285795",108.10439078090651,89.4210361836966,5.506165914137853,4.554551927862305,66,Planèzes,98
3134,66144,2567.3684210526303,2595.11764705882,2532.16417910448,10.9564646571345,9.79190357344786,"0,85220865970128","0,795318686224174",131.477575885614,117.5028428813743,5.121102791772585,4.576781498044512,66,Pollestres,5580
3135,66145,2397.9466666666704,2240.92307692308,2568.05555555556,10.5219846101294,9.5919437943791,"0,826376843600163","0,795318686224174",126.26381532155278,115.1033255325492,5.2654972304729855,4.80007863112951,66,Ponteilla,3055
3136,66146,1665.200000000002,1193.66666666667,2372.5,8.56738996126048,7.72465669534667,"0,738443972705019","0,687306582108781",102.80867953512576,92.69588034416005,6.1739538514968535,5.566651473946669,66,Porta,104
3137,66147,2182.368421052632,1931.125,2365.09090909091,8.56738996126048,7.72465669534667,"0,738443972705019","0,687306582108781",102.80867953512576,92.69588034416005,4.7108764287167215,4.247489995270808,66,Porté-Puymorens,103
3138,66148,2967.954337899546,2778.01666666667,3198.18181818182,11.1503390251089,10.0941573365875,"0,810271759604014","0,720178382899089",133.8040683013068,121.12988803905,4.508292684718372,4.081258478011995,66,Port-Vendres,4057
3139,66149,1719.4604651162758,1820.17708333333,1638.21008403361,9.7082121365064,8.00393019918775,"0,769846725675058","0,730219105533966",116.4985456380768,96.047162390253,6.775296553863993,5.585889547263185,66,Prades,6424
3140,66150,1615.480769230772,1364.18181818182,1799.76666666667,10.1262067723994,8.57919726598592,"0,725249477558553","0,773001130299233",121.5144812687928,102.95036719183103,7.52187730013358,6.3727386393371885,66,Prats-de-Mollo-la-Preste,1128
3141,66153,946.3333333333334,750.0,1044.5,9.87027176780239,8.60426598906752,"0,81345879882918","0,795318686224174",118.44326121362867,103.25119186881022,12.516019149027333,10.910657823403684,66,Prunet-et-Belpuig,45
3142,66154,3110.1428571428573,3051.57692307692,3176.34782608696,7.99671249603216,6.08034104987485,"0,792290458008145","0,730219105533966",95.96054995238592,72.9640925984982,3.0854065025341115,2.3460045390174424,66,Puyvalador,58
3143,66155,1367.0,1275.0,1390.0,8.74967584101949,6.08034104987485,"0,780158423237753","0,730219105533966",104.99611009223388,72.9640925984982,7.680768843616232,5.337534206181288,66,Py,80
3144,66156,805.4,766.75,960.0,8.14919391702509,6.84806335901046,"0,799676288361958","0,658650533365657",97.79032700430108,82.17676030812552,12.141833499416574,10.203223281366467,66,Rabouillet,88
3145,66158,1140.0,804.0,1644.0,8.14919391702509,7.45175301530805,"0,799676288361958","0,65680155285795",97.79032700430108,89.4210361836966,8.578098860026412,7.843950542429526,66,Rasiguères,168
3146,66159,2267.7500000000014,2357.8,2117.66666666667,10.1262067723994,6.55154285869723,"0,725249477558553","0,612429932898961",121.5144812687928,78.61851430436676,5.35837201052994,3.4668069365832523,66,Réal,76
3147,66160,2789.395348837209,2583.74074074074,3136.4375,9.87027176780239,8.57919726598592,"0,81345879882918","0,773001130299233",118.44326121362867,102.95036719183103,4.246198419417422,3.690777187061242,66,Reynès,1256
3148,66161,1552.7872340425554,1489.72,1624.45454545455,7.99671249603216,6.08034104987485,"0,792290458008145","0,730219105533966",95.96054995238592,72.9640925984982,6.179890447872914,4.6989111578759,66,Ria-Sirach,1315
3149,66162,2227.928571428574,2108.66666666667,2442.6,8.14919391702509,6.84806335901046,"0,799676288361958","0,658650533365657",97.79032700430108,82.17676030812552,4.389293636177788,3.688482717174044,66,Rigarda,703
3150,66165,1674.049999999997,1818.85714285714,1596.07692307692,8.14919391702509,7.45175301530805,"0,799676288361958","0,65680155285795",97.79032700430108,89.4210361836966,5.841541591009902,5.341598887948195,66,Rodès,730
3151,66166,1630.0666666666682,1862.75,1364.14285714286,10.1262067723994,8.57919726598592,"0,725249477558553","0,773001130299233",121.5144812687928,102.95036719183103,7.45457126101955,6.315715135894092,66,Sahorre,402
3152,66167,2851.66129032258,2794.21428571429,2898.97058823529,10.1262067723994,8.57919726598592,"0,725249477558553","0,773001130299233",121.5144812687928,102.95036719183103,4.261182128507522,3.610189174331616,66,Saillagouse,1190
3153,66168,2877.1703703703747,2848.54237288136,2899.39473684211,10.417312933446,10.0941573365875,"0,770357736629271","0,720178382899089",125.007755201352,121.12988803905,4.344815881906219,4.210035293233507,66,Saint-André,3452
3154,66169,1406.4,1551.0,1310.0,8.14919391702509,7.45175301530805,"0,799676288361958","0,65680155285795",97.79032700430108,89.4210361836966,6.953237130567483,6.35815103695226,66,Saint-Arnac,102
3155,66171,3884.2688941925217,3701.88379204893,4082.07960199005,12.2022917232322,11.4209856033606,"0,788166861424748","0,722619810671618",146.4275006787864,137.0518272403272,3.769757055123404,3.528381555799013,66,Saint-Cyprien,12136
3156,66172,2396.783950617281,2369.12849162011,2430.92413793103,11.3765674138473,9.95904384438438,"0,820817592867344","0,727807671932416",136.5188089661676,119.50852613261256,5.69591635203531,4.986203537529266,66,Saint-Estève,11850
3157,66173,2340.0322580645184,2366.69230769231,2320.77777777778,10.1967102931379,9.36046338342009,"0,760656975920966","0,75533732066249",122.3605235176548,112.32556060104108,5.22901011710246,4.800171459770708,66,Saint-Féliu-d'Amont,1289
3158,66174,2163.3648648648677,2099.66666666667,2223.71052631579,10.4037131622106,8.81510771890371,"0,760656975920966","0,727807671932416",124.8445579465272,105.7812926268445,5.7708507692864615,4.889664907886541,66,Saint-Féliu-d'Avall,2981
3159,66175,2868.366336633665,2806.74074074074,2939.17021276596,9.91278069962897,9.3731953223373,"0,822818610442404","0,714330967182544",118.95336839554764,112.4783438680476,4.147077270999916,3.9213381649170023,66,Saint-Génis-des-Fontaines,3015
3160,66176,2373.829268292685,2578.61363636364,2136.71052631579,11.1683988794045,8.75358303981912,"0,815394783755734","0,631640317881751",134.020786552854,105.04299647782943,5.645763507214862,4.425044289447947,66,Saint-Hippolyte,3222
3161,66177,2556.074999999998,2616.83333333333,2464.9375,9.88812492973178,9.73726580562355,"0,822818610442404","0,718906867806369",118.65749915678136,116.8471896674826,4.6421759594996805,4.571352157799858,66,Saint-Jean-Lasseille,1594
3162,66178,2449.624999999999,2380.30769230769,2509.7,9.88812492973178,8.83718120125293,"0,822818610442404","0,706278153342333",118.65749915678136,106.04617441503515,4.843904644865293,4.329077896210039,66,Saint-Jean-Pla-de-Corts,2312
3163,66179,1447.0892857142858,1486.03448275862,1405.25925925926,8.74967584101949,8.57919726598592,"0,780158423237753","0,773001130299233",104.99611009223388,102.95036719183103,7.255676006225672,7.11430650535254,66,Saint-Laurent-de-Cerdans,1032
3164,66180,2311.9256198347084,2347.14207650273,2276.12222222222,11.3304674761021,10.5466987309694,"0,729249644693923","0,73099825275608",135.9656097132252,126.5603847716328,5.88105467350399,5.474241199017521,66,Saint-Laurent-de-la-Salanque,10074
3165,66181,3621.605263157896,3137.52380952381,4219.58823529412,8.56738996126048,7.72465669534667,"0,738443972705019","0,687306582108781",102.80867953512576,92.69588034416005,2.838759943856516,2.559524675069997,66,Sainte-Léocadie,143
3166,66182,3618.878571428575,3644.41428571429,3593.34285714286,11.9796494711878,11.0200355380745,"0,815394783755734","0,701377832061786",143.7557936542536,132.240426456894,3.9723851136984982,3.6541824724638734,66,Sainte-Marie-la-Mer,4818
3167,66184,1232.4,1748.0,888.666666666667,8.14919391702509,6.84806335901046,"0,799676288361958","0,658650533365657",97.79032700430108,82.17676030812552,7.934950260004956,6.668026639737546,66,Saint-Martin-de-Fenouillet,49
3168,66185,2222.0,2534.0,1910.0,8.14919391702509,6.84806335901046,"0,799676288361958","0,658650533365657",97.79032700430108,82.17676030812552,4.401004815675116,3.698324046270276,66,Saint-Michel-de-Llotes,370
3169,66186,2561.8888888888887,2614.9,2495.625,10.7585781103192,10.3766962347189,"0,828919329912941","0,701377832061786",129.10293732383042,124.5203548166268,5.039365207591941,4.860490060934385,66,Saint-Nazaire,2826
3170,66187,1204.1746031746056,1217.15151515152,1189.9,7.87906743832947,6.16294501135393,"0,77888501719521","0,631135439120523",94.54880925995364,73.95534013624716,7.851752479307524,6.141579463748549,66,Saint-Paul-de-Fenouillet,1760
3171,66188,3297.6097560975622,2878.91666666667,3888.70588235294,10.1262067723994,8.57919726598592,"0,725249477558553","0,773001130299233",121.5144812687928,102.95036719183103,3.684926060280545,3.1219693901459085,66,Saint-Pierre-dels-Forcats,270
3172,66189,2775.4661654135325,2915.58571428571,2619.77777777778,11.7736718953122,10.5425344062254,"0,746764555813846","0,722619810671618",141.2840627437464,126.5104128747048,5.090462442106394,4.558168081860054,66,Saleilles,5816
3173,66190,2125.458823529411,1889.42857142857,2290.68,10.5522254408647,8.62304575093599,"0,788577399146268","0,631640317881751",126.6267052903764,103.47654901123188,5.957617427756497,4.868433482018949,66,Salses-le-Château,3927
3174,66191,906.5,1188.0,625.0,10.1262067723994,6.08034104987485,"0,725249477558553","0,730219105533966",121.5144812687928,72.9640925984982,13.404796609905436,8.048989806784137,66,Sansa,32
3175,66192,1721.92857142857,1520.42857142857,1923.42857142857,10.1262067723994,6.08034104987485,"0,725249477558553","0,730219105533966",121.5144812687928,72.9640925984982,7.056882804841335,4.237347228518587,66,Sauto,105
3176,66193,1197.882352941174,1367.125,1047.44444444444,8.74967584101949,6.08034104987485,"0,780158423237753","0,730219105533966",104.99611009223388,72.9640925984982,8.765143741740227,6.091090032284776,66,Serdinya,238
3177,66194,1695.8666666666647,1838.72727272727,1303.0,8.74967584101949,8.57919726598592,"0,780158423237753","0,773001130299233",104.99611009223388,102.95036719183103,6.191295115117187,6.070663998260349,66,Serralongue,246
3178,66195,2500.836956521741,2432.53409090909,2563.44791666667,10.9383949493908,9.59015971634163,"0,760656975920966","0,727807671932416",131.2607393926896,115.08191659609956,5.248672411465481,4.601736082633706,66,Le Soler,8032
3179,66196,3133.3093525179875,3032.86666666667,3251.015625,10.3396020409328,10.0941573365875,"0,78870032116713","0,720178382899089",124.0752244911936,121.12988803905,3.9598778968787225,3.8658770779114966,66,Sorède,3552
3180,66198,1529.4166666666686,1451.14285714286,1639.0,8.90394115202002,6.08034104987485,"0,769846725675058","0,730219105533966",106.84729382424024,72.9640925984982,6.986146820088712,4.770713840690772,66,Sournia,483
3181,66199,2216.8888888888887,1894.4,2620.0,9.93244617918669,8.83718120125293,"0,574410038230457","0,706278153342333",119.18935415024026,106.04617441503515,5.376424355213325,4.783558388809725,66,Taillet,110
3182,66202,2906.999999999998,2854.33333333333,2938.6,10.1262067723994,7.72465669534667,"0,725249477558553","0,687306582108781",121.5144812687928,92.69588034416005,4.180064715128752,3.1887127741369143,66,Targasonne,199
3183,66203,1444.0,1769.0,794.0,9.87027176780239,8.60426598906752,"0,81345879882918","0,795318686224174",118.44326121362867,103.25119186881022,8.202441912301154,7.150359547701539,66,Taulis,58
3184,66204,1256.2857142857126,1371.0,1103.33333333333,8.90394115202002,8.57919726598592,"0,769846725675058","0,773001130299233",106.84729382424024,102.95036719183103,8.505015428356637,8.194821131940166,66,Taurinya,334
3185,66205,1989.6842105263172,1927.27272727273,2075.5,9.01019983379988,6.16294501135393,"0,755886178908366","0,631135439120523",108.12239800559855,73.95534013624716,5.43414866708912,3.716938584775936,66,Tautavel,924
3186,66206,985.5,1089.5,881.5,8.74967584101949,6.84806335901046,"0,780158423237753","0,658650533365657",104.99611009223388,82.17676030812552,10.654095392413382,8.338585520865097,66,Le Tech,98
3187,66207,1850.2916666666672,1909.36363636364,1800.30769230769,8.74967584101949,8.60426598906752,"0,780158423237753","0,795318686224174",104.99611009223388,103.25119186881022,5.674570770855073,5.580265734797317,66,Terrats,813
3188,66208,2389.340909090909,2329.25,2461.45,10.5380796863274,9.40752827446914,"0,828919329912941","0,727807671932416",126.4569562359288,112.89033929362968,5.292545561614431,4.724748103717938,66,Théza,2280
3189,66210,2339.588235294116,2275.74137931034,2410.12380952381,10.4666452579598,9.63037209528991,"0,826376843600163","0,75533732066249",125.5997430955176,115.56446514347893,5.368455064047975,4.93952155341348,66,Thuir,8369
3190,66211,2650.285714285716,2224.75,3217.66666666667,8.74967584101949,8.83718120125293,"0,780158423237753","0,706278153342333",104.99611009223388,106.04617441503515,3.961690225558628,4.0013110225595385,66,Tordères,190
3191,66212,2986.73563218391,2818.95555555556,3166.5,10.9281620813458,9.92224094631263,"0,815394783755734","0,701377832061786",131.13794497614958,119.06689135575157,4.390678021953391,3.986522612605304,66,Torreilles,3863
3192,66213,2549.386075949367,2501.47297297297,2591.59523809524,11.0437689802243,9.96281055624751,"0,85220865970128","0,75533732066249",132.5252277626916,119.55372667497012,5.19831927431158,4.689510459119044,66,Toulouges,7512
3193,66214,2405.6595744680826,2180.86956521739,2621.08333333333,9.88812492973178,9.73726580562355,"0,822818610442404","0,718906867806369",118.65749915678136,116.8471896674826,4.932431022914696,4.857178917067632,66,Tresserre,1186
3194,66215,1994.571428571427,2342.0,1531.33333333333,8.14919391702509,6.84806335901046,"0,799676288361958","0,658650533365657",97.79032700430108,82.17676030812552,4.902824015399714,4.120020929357392,66,Trévillach,189
3195,66216,1074.0,482.0,1370.0,8.14919391702509,6.84806335901046,"0,799676288361958","0,658650533365657",97.79032700430108,82.17676030812552,9.105244600028035,7.651467440235151,66,Trilla,78
3196,66217,2106.1,2219.5,1992.7,8.74967584101949,8.66739653335728,"0,780158423237753","0,706278153342333",104.99611009223388,104.00875840028736,4.985333559291291,4.938452988950543,66,Trouillas,2326
3197,66218,2464.8125,2313.5,2555.6,8.56738996126048,7.72465669534667,"0,738443972705019","0,687306582108781",102.80867953512576,92.69588034416005,4.171054777396891,3.760768023699979,66,Ur,377
3198,66219,1671.3333333333333,1933.0,1540.5,10.1262067723994,8.57919726598592,"0,725249477558553","0,773001130299233",121.5144812687928,102.95036719183103,7.270511444084132,6.159774662454989,66,Urbanya,45
3199,66221,1056.857142857143,1166.0,402.0,8.74967584101949,6.84806335901046,"0,780158423237753","0,658650533365657",104.99611009223388,82.17676030812552,9.934749535626349,7.775578834237343,66,Valmanya,34
3200,66222,1541.0588235294117,1549.15384615385,1533.64788732394,9.79299128863111,8.57919726598592,"0,792290458008145","0,773001130299233",117.51589546357332,102.95036719183103,7.625659297964527,6.680495618982853,66,Vernet-les-Bains,1481
3201,66223,1498.8888888888855,1273.5,1563.28571428571,8.74967584101949,8.57919726598592,"0,780158423237753","0,773001130299233",104.99611009223388,102.95036719183103,7.004929509489304,6.8684455502333694,66,Villefranche-de-Conflent,213
3202,66224,2281.075268817202,2390.63636363636,2122.5,10.7546086558927,9.37731110604721,"0,815394783755734","0,701377832061786",129.0553038707124,112.52773327256654,5.657652144798844,4.933100402728716,66,Villelongue-de-la-Salanque,3371
3203,66225,2987.370967741934,2817.25,3168.83333333333,9.88812492973178,9.73726580562355,"0,822818610442404","0,718906867806369",118.65749915678136,116.8471896674826,3.971970687204981,3.911371936368652,66,Villelongue-dels-Monts,1979
3204,66226,2395.583333333333,2210.3,2627.1875,10.2380192808578,9.73726580562355,"0,826376843600163","0,718906867806369",122.8562313702936,116.8471896674826,5.128447408228766,4.877609058370583,66,Villemolaque,1305
3205,66227,2865.7840909090937,2760.01960784314,3011.56756756757,11.4530739470431,11.2137828374289,"0,746764555813846","0,722619810671618",137.4368873645172,134.5653940491468,4.795786528388431,4.695587308060584,66,Villeneuve-de-la-Raho,4475
3206,66228,1984.3243243243244,1922.32,2113.5,10.7500653840255,9.40752827446914,"0,820817592867344","0,727807671932416",129.000784608306,112.89033929362968,6.500992959012969,5.689107264865565,66,Villeneuve-la-Rivière,1382
3207,66230,1656.202702702704,1588.23529411765,1713.975,9.26065067262448,6.84806335901046,"0,780158423237753","0,658650533365657",111.12780807149376,82.17676030812552,6.709795116874757,4.961757408922465,66,Vinça,2235
3208,66231,2019.0,1945.66666666667,2113.28571428571,9.01019983379988,6.91113046478908,"0,755886178908366","0,731687831289342",108.12239800559855,82.93356557746895,5.355245072095026,4.107655551137641,66,Vingrau,548
3209,66233,3530.75,2801.5,4260.0,9.88812492973178,8.83718120125293,"0,822818610442404","0,706278153342333",118.65749915678136,106.04617441503515,3.360688215160557,3.00350278028847,66,Vivès,186
3210,66234,801.6000000000001,836.666666666667,749.0,8.90394115202002,6.84806335901046,"0,769846725675058","0,658650533365657",106.84729382424024,82.17676030812552,13.329253221586852,10.251591854806076,66,Le Vivier,66
3211,81001,2571.4999999999973,4417.0,1956.33333333333,8.80807628086374,8.64195449118576,"0,811269070596714","0,777279135927241",105.69691537036488,103.70345389422911,4.110321422141356,4.0328000736624245,81,Aguts,242
3212,81002,1381.2222222222238,1312.85365853659,1471.64516129032,8.0638896085154,7.00800027799724,"0,718917377583641","0,723512616903083",96.7666753021848,84.09600333596688,7.005873040943304,6.088520875421938,81,Aiguefonde,2557
3213,81003,1249.964285714285,1071.8,1455.53846153846,7.33245246166665,6.45309586789266,"0,759163577931465","0,706302791920835",87.9894295399998,77.43715041471192,7.039355487642491,6.195149037435169,81,Alban,975
3214,81004,2298.3808917197475,2277.3900462963,2324.06940509915,9.21724586855932,9.08660448017604,"0,835257563973494","0,692819292352454",110.60695042271183,109.03925376211248,4.812385571999381,4.744176831392147,81,Albi,52135
3215,81005,1143.0624999999968,1096.22222222222,1203.28571428571,8.77777553331137,7.03283965927177,"0,695287721846711","0,569730000208046",105.33330639973644,84.39407591126124,9.215008488139253,7.383154981574628,81,Albine,517
3216,81006,2595.5,2794.0,2397.0,10.1983687062758,8.85896407232945,"0,774544966050345","0,700601301213248",122.3804244753096,106.3075688679534,4.715100153161611,4.095841605392155,81,Algans,217
3217,81010,1400.6,1525.2,1151.4,7.33245246166665,6.45309586789266,"0,759163577931465","0,706302791920835",87.9894295399998,77.43715041471192,6.282266852777368,5.528855520113661,81,Ambialet,477
3218,81011,2254.375000000002,2459.23076923077,2012.27272727273,9.18626101906415,9.14061996428071,"0,722395954778895","0,667989663408853",110.2351322287698,109.68743957136851,4.889831205046619,4.865536548771542,81,Ambres,1073
3219,81013,1890.5,2163.0,1618.0,8.18417487718628,6.45309586789266,"0,808974796773809","0,706302791920835",98.21009852623536,77.43715041471192,5.194927189962199,4.096120095991109,81,Andouque,398
3220,81014,1702.1333333333305,1418.76923076923,1918.82352941176,7.40609897076382,7.03283965927177,"0,711297554326664","0,569730000208046",88.87318764916583,84.39407591126124,5.221282370113935,4.958135432668498,81,Anglès,528
3221,81016,1074.857142857143,1091.625,1052.5,8.67140566535805,6.77784317760355,"0,802962935205227","0,6943743794092",104.0568679842966,81.3341181312426,9.680995160686816,7.566970054740805,81,Arfons,180
3222,81017,1839.6666666666667,1024.0,2247.5,7.33245246166665,6.44700096510422,"0,759163577931465","0,599047229891304",87.9894295399998,77.36401158125064,4.782900681645215,4.205327681532014,81,Arifat,130
3223,81018,2042.5199999999984,2050.36111111111,2022.35714285714,10.5368988655876,8.06623039583719,"0,79722324624542","0,682764946406506",126.4427863870512,96.79476475004628,6.190528679623765,4.738987366099053,81,Arthès,2582
3224,81020,2127.0,2265.5,1850.0,8.5182484852327,7.846583334805,"0,811422576331234","0,757675328908896",102.2189818227924,94.15900001766,4.805781938072045,4.426845322880113,81,Aussac,275
3225,81021,1319.4112903225798,1258.43076923077,1386.59322033898,8.77777553331137,7.47803297891923,"0,695287721846711","0,6943743794092",105.33330639973644,89.73639574703076,7.983356453921488,6.801245101145929,81,Aussillon,5718
3226,81022,2004.799999999998,2610.33333333333,1096.5,11.301737358791,8.64195449118576,"0,801477151462443","0,777279135927241",135.620848305492,103.70345389422911,6.764806878765569,5.172758075330669,81,Bannières,215
3227,81023,798.4545454545455,910.0,664.6,8.84165348955526,6.25046972774286,"0,610775945939991","0,727621604618717",106.09984187466311,75.00563673291431,13.288150525120052,9.39385180532913,81,Barre,212
3228,81024,1885.3999999999976,2161.5,1701.33333333333,8.16907383173017,7.80750291031682,"0,831816477648791","0,699178785295812",98.02888598076204,93.69003492380185,5.19936809063128,4.9692391494538,81,Beauvais-sur-Tescou,383
3229,81026,1570.7333333333313,1351.28571428571,1762.75,9.90204239553866,6.45309586789266,"0,754993118643662","0,706302791920835",118.82450874646392,77.43715041471192,7.564906545549684,4.929999814187345,81,Bellegarde-Marsal,708
3230,81027,1705.5,1767.0,1644.0,8.79015177096465,7.45876280618731,"0,685253939522606","0,774109593695887",105.4818212515758,89.50515367424772,6.184803356879262,5.2480301186894005,81,Belleserre,167
3231,81028,1841.0,1000.0,2261.5,7.33245246166665,6.45309586789266,"0,759163577931465","0,706302791920835",87.9894295399998,77.43715041471192,4.779436694187931,4.20625477537816,81,Berlats,114
3232,81031,1151.4117647058854,1179.45454545455,1100.0,8.77777553331137,7.21148285938788,"0,695287721846711","0,625673998905389",105.33330639973644,86.53779431265457,9.148187436372304,7.515799036043342,81,Le Bez,919
3233,81032,1916.7142857142856,1866.5,2218.0,8.79015177096465,7.45876280618731,"0,685253939522606","0,774109593695887",105.4818212515758,89.50515367424772,5.503262642625256,4.669718086902691,81,Blan,1119
3234,81033,1408.32857142857,1391.63414634146,1431.93103448276,9.36818518634746,8.30894842149031,"0,79722324624542","0,696499952051808",112.41822223616953,99.70738105788372,7.982385965665353,7.079837978203004,81,Blaye-les-Mines,3104
3235,81034,996.3846153846154,962.875,1050.0,8.77777553331137,7.00800027799724,"0,695287721846711","0,723512616903083",105.33330639973644,84.09600333596688,10.57155086232204,8.440114594052108,81,Boissezon,403
3236,81035,1984.6666666666667,2062.75,1922.2,8.44043608592792,7.00359414846702,"0,809948390588133","0,643099276269693",101.28523303113504,84.04312978160424,5.103387623335659,4.234621923829572,81,Bournazel,246
3237,81036,1478.9062500000025,1525.86363636364,1375.6,8.77777553331137,7.03283965927177,"0,695287721846711","0,569730000208046",105.33330639973644,84.39407591126124,7.12237887964408,5.706519660138099,81,Bout-du-Pont-de-Larn,1281
3238,81037,1113.5641025641007,1071.69565217391,1173.75,8.77777553331137,7.03283965927177,"0,695287721846711","0,569730000208046",105.33330639973644,84.39407591126124,9.45911476108068,7.5787353163535744,81,Brassac,1324
3239,81038,2032.7241379310376,1897.52777777778,2253.95454545455,8.5182484852327,7.62084391489162,"0,811422576331234","0,757675328908896",102.2189818227924,91.45012697869944,5.0286696514970135,4.498895116765814,81,Brens,2487
3240,81039,1798.2727272727273,1761.75,1842.1,8.95061021866782,8.30455807839283,"0,776233528104364","0,655401142044118",107.40732262401384,99.65469694071396,5.972804958617624,5.541689835437307,81,Briatexte,1980
3241,81040,1761.9,1938.4,1585.4,8.95061021866782,7.35641280395259,"0,776233528104364","0,718146225995212",107.40732262401384,88.27695364743107,6.096107760032568,5.010327126819403,81,Brousse,446
3242,81041,1068.0,1077.0,1050.0,9.4814078172029,7.59825549299587,"0,792503412770201","0,630844153296175",113.7768938064348,91.17906591595045,10.653267210340337,8.537365722467271,81,Broze,107
3243,81042,1719.163636363638,1571.16666666667,1896.76,8.77777553331137,7.21148285938788,"0,695287721846711","0,625673998905389",105.33330639973644,86.53779431265457,6.127008748424709,5.0337147949277625,81,Burlats,2053
3244,81043,1837.571428571429,1908.8,1798.0,8.95061021866782,8.30455807839283,"0,776233528104364","0,655401142044118",107.40732262401384,99.65469694071396,5.845069255757575,5.4231740541475375,81,Busque,731
3245,81044,1908.6666666666667,2006.0,1860.0,8.95061021866782,8.30455807839283,"0,776233528104364","0,655401142044118",107.40732262401384,99.65469694071396,5.627348373594857,5.221168194588577,81,Cabanès,316
3246,81045,1951.933333333332,2328.44444444444,1387.16666666667,8.44043608592792,6.3600284242958,"0,809948390588133","0,67082700215942",101.28523303113504,76.32034109154961,5.188969894692534,3.909987077336128,81,Les Cabannes,375
3247,81046,1927.5882352941203,2066.55555555556,1771.25,9.18626101906415,7.846583334805,"0,722395954778895","0,757675328908896",110.2351322287698,94.15900001766,5.718811217580897,4.884808814123769,81,Cadalen,1583
3248,81047,1144.2499999999986,1136.33333333333,1149.0,6.33560707311459,6.45309586789266,"0,836805699338085","0,706302791920835",76.02728487737508,77.43715041471192,6.644289698700036,6.767502767289667,81,Cadix,222
3249,81048,1616.865384615383,1609.96296296296,1624.32,9.9088537257165,8.04879184677759,"0,79722324624542","0,692819292352454",118.906244708598,96.58550216133108,7.354121489642949,5.97362669028298,81,Cagnac-les-Mines,2645
3250,81049,1906.0,2104.0,1411.0,8.79015177096465,7.45876280618731,"0,685253939522606","0,774109593695887",105.4818212515758,89.50515367424772,5.534198386756338,4.695968188575431,81,Cahuzac,365
3251,81050,2396.875,2637.0,1676.5,10.1983687062758,8.64195449118576,"0,774544966050345","0,777279135927241",122.3804244753096,103.70345389422911,5.105832572633517,4.326610853475009,81,Cambon-lès-Lavaur,367
3252,81051,2088.599999999999,2162.04347826087,1947.83333333333,9.4814078172029,7.00359414846702,"0,792503412770201","0,643099276269693",113.7768938064348,84.04312978160424,5.447519573227753,4.023897815838565,81,Cahuzac-sur-Vère,1232
3253,81052,2271.258064516127,2198.73333333333,2339.25,8.53477200514689,7.57753692535384,"0,835257563973494","0,682764946406506",102.41726406176268,90.93044310424608,4.509274646585871,4.003527583450455,81,Cambon,2187
3254,81053,1032.749999999999,1073.11111111111,911.666666666667,7.33245246166665,7.00800027799724,"0,759163577931465","0,723512616903083",87.9894295399998,84.09600333596688,8.519915714354866,8.142919712996076,81,Cambounès,341
3255,81054,1851.9411764705908,2098.55555555556,1574.5,8.79015177096465,7.25487147244412,"0,685253939522606","0,616108836162069",105.4818212515758,87.05845766932944,5.695743611716756,4.700929963404372,81,Cambounet-sur-le-Sor,999
3256,81055,1536.800000000002,1578.16666666667,1474.75,7.8074763243266,6.7340155079712,"0,783109517181521","0,677778746458817",93.6897158919192,80.80818609565439,6.09641566188958,5.258210964058712,81,Les Cammazes,402
3257,81059,2069.454545454544,2065.83333333333,2073.8,9.90204239553866,7.35641280395259,"0,754993118643662","0,718146225995212",118.82450874646392,88.27695364743107,5.741827430201653,4.265711167289328,81,Carlus,673
3258,81060,1323.6204379562023,1330.67973856209,1314.69421487603,8.60801444399902,7.20956856379275,"0,794132777711946","0,67082700215942",103.29617332798824,86.514822765513,7.804063035433897,6.536225966644957,81,Carmaux,10085
3259,81062,1367.1500000000033,1460.4347826087,1240.94117647059,8.77777553331137,7.03283965927177,"0,695287721846711","0,569730000208046",105.33330639973644,84.39407591126124,7.704590308286304,6.172993154464473,81,Fontrieu,965
3260,81063,2145.879999999999,2396.5,1914.53846153846,8.53477200514689,8.30894842149031,"0,835257563973494","0,696499952051808",102.41726406176268,99.70738105788372,4.772739578250541,4.646456514711156,81,Castelnau-de-Lévis,1649
3261,81064,1884.0322580645145,1866.3125,1902.93333333333,8.40137934200414,7.59825549299587,"0,738085430344819","0,630844153296175",100.81655210404966,91.17906591595045,5.351105410881846,4.83957031657301,81,Castelnau-de-Montmiral,1074
3262,81065,1771.9555189456337,1784.51862891207,1756.43093922652,9.36240350163481,7.858397684796,"0,759163577931465","0,625673998905389",112.34884201961772,94.300772217552,6.340387262456151,5.32184759771305,81,Castres,44057
3263,81066,1522.25,941.0,1716.0,8.77777553331137,7.00800027799724,"0,695287721846711","0,723512616903083",105.33330639973644,84.09600333596688,6.919579990128852,5.524454152469495,81,Caucalières,293
3264,81067,1933.9166666666688,2173.14285714286,1599.0,8.44043608592792,8.04879184677759,"0,809948390588133","0,692819292352454",101.28523303113504,96.58550216133108,5.237311140490453,4.994294936596595,81,Cestayrols,478
3265,81068,1683.6666666666667,1556.0,1747.5,9.59278911182537,8.30894842149031,"0,79722324624542","0,696499952051808",115.11346934190443,99.70738105788372,6.837070046044612,5.922038075106932,81,Combefa,201
3266,81069,1695.0270270270298,1763.89285714286,1480.77777777778,8.44043608592792,6.3600284242958,"0,809948390588133","0,67082700215942",101.28523303113504,76.32034109154961,5.97543469314368,4.502603195974442,81,Cordes-sur-Ciel,882
3267,81070,2372.130434782609,2291.125,2442.18918918919,8.5182484852327,9.59289923136611,"0,811422576331234","0,667989663408853",102.2189818227924,115.1147907763933,4.30916362456098,4.852801898599765,81,Coufouleux,3098
3268,81072,1167.5,1523.0,1049.0,8.48726489030789,6.57859314577335,"0,794132777711946","0,632504259288815",101.84717868369466,78.9431177492802,8.723527082115174,6.7617231476899535,81,Crespin,103
3269,81073,2409.2500000000027,2000.0,2545.66666666667,9.90204239553866,7.57753692535384,"0,754993118643662","0,682764946406506",118.82450874646392,90.93044310424608,4.932012399977744,3.774221982120825,81,Crespinet,184
3270,81074,2059.1935483870952,2149.15789473684,1916.75,8.53477200514689,7.57753692535384,"0,835257563973494","0,682764946406506",102.41726406176268,90.93044310424608,4.973658942452643,4.4158278941515325,81,Cunac,1679
3271,81075,1840.714285714288,1959.66666666667,1626.6,8.95061021866782,7.25487147244412,"0,776233528104364","0,616108836162069",107.40732262401384,87.05845766932944,5.83508931601161,4.729601891232482,81,Cuq,497
3272,81076,1955.111111111111,1722.4,2246.0,8.80807628086374,8.64195449118576,"0,811269070596714","0,777279135927241",105.69691537036488,103.70345389422911,5.4061845779340985,5.304223033917153,81,Cuq-Toulza,730
3273,81077,1348.4375000000014,1144.9,1687.66666666667,8.18417487718628,6.45309586789266,"0,808974796773809","0,706302791920835",98.21009852623536,77.43715041471192,7.283251802640853,5.74273189634016,81,Curvalle,398
3274,81078,1860.12,1802.2,1947.0,8.95061021866782,7.35641280395259,"0,776233528104364","0,718146225995212",107.40732262401384,88.27695364743107,5.774214707869054,4.745766598253397,81,Damiatte,1084
3275,81079,1841.0000000000011,1882.3,1772.16666666667,9.90204239553866,7.35641280395259,"0,754993118643662","0,718146225995212",118.82450874646392,88.27695364743107,6.454345939514603,4.79505451642754,81,Dénat,877
3276,81081,1309.6571428571442,1306.46153846154,1318.88888888889,8.67140566535805,6.7340155079712,"0,802962935205227","0,677778746458817",104.0568679842966,80.80818609565439,7.9453518466128035,6.170178701836687,81,Dourgne,1332
3277,81083,1689.666666666663,1502.83333333333,2063.33333333333,7.8074763243266,6.7340155079712,"0,783109517181521","0,677778746458817",93.6897158919192,80.80818609565439,5.544863832624938,4.782492765574347,81,Durfort,258
3278,81084,1426.6250000000014,1296.85714285714,1527.55555555556,8.79015177096465,7.00800027799724,"0,685253939522606","0,723512616903083",105.4818212515758,84.09600333596688,7.393801542211563,5.894751832889989,81,Escoussens,628
3279,81085,943.25,1059.0,596.0,7.5383844550065,6.45309586789266,"0,68476494192908","0,706302791920835",90.460613460078,77.43715041471192,9.590311525054652,8.209610433576668,81,Lacapelle-Escroux,41
3280,81086,655.5,740.25,486.0,7.33245246166665,6.45309586789266,"0,759163577931465","0,706302791920835",87.9894295399998,77.43715041471192,13.42325393440119,11.813447813075808,81,Espérausses,157
3281,81087,2322.3999999999955,2288.44444444444,2628.0,8.5182484852327,8.04879184677759,"0,811422576331234","0,692819292352454",102.2189818227924,96.58550216133108,4.4014373847223816,4.158865921517881,81,Fayssac,363
3282,81088,2081.7272727272702,1725.5,2285.28571428571,9.90204239553866,6.44700096510422,"0,754993118643662","0,599047229891304",118.82450874646392,77.36401158125064,5.707976750998317,3.716337514274676,81,Fauch,615
3283,81089,1359.5,1897.0,822.0,8.18417487718628,6.45309586789266,"0,808974796773809","0,706302791920835",98.21009852623536,77.43715041471192,7.223986651433274,5.6960022371983765,81,Faussergues,140
3284,81092,2431.880000000001,2468.0,2367.66666666667,9.18626101906415,9.14061996428071,"0,722395954778895","0,667989663408853",110.2351322287698,109.68743957136851,4.532918245504291,4.510396876958093,81,Fiac,952
3285,81093,2404.199999999998,2494.0,2344.33333333333,8.5182484852327,7.846583334805,"0,811422576331234","0,757675328908896",102.2189818227924,94.15900001766,4.2516837959734,3.916437901075621,81,Florentin,764
3286,81094,945.5,773.0,1118.0,7.9290480611869,6.45309586789266,"0,785380428482692","0,706302791920835",95.1485767342428,77.43715041471192,10.063307957085437,8.190074078763821,81,Fraissines,96
3287,81095,3108.333333333333,3543.0,2239.0,9.4814078172029,8.04879184677759,"0,792503412770201","0,692819292352454",113.7768938064348,96.58550216133108,3.660382642566266,3.1073083805253963,81,Frausseilles,80
3288,81096,928.7500000000002,968.857142857143,897.555555555556,8.18417487718628,6.45309586789266,"0,808974796773809","0,706302791920835",98.21009852623536,77.43715041471192,10.57443860309398,8.337782009659424,81,Le Fraysse,426
3289,81097,1990.7142857142871,2050.69230769231,1893.25,8.53477200514689,7.35641280395259,"0,835257563973494","0,718146225995212",102.41726406176268,88.27695364743107,5.144749540239241,4.434436135859469,81,Fréjairolles,1347
3290,81098,1655.111111111111,1539.875,2577.0,8.79015177096465,7.21148285938788,"0,685253939522606","0,625673998905389",105.4818212515758,86.53779431265457,6.373096074544725,5.228518721897766,81,Fréjeville,742
3291,81099,2068.03090507726,2057.00769230769,2082.88082901554,9.5731603952907,8.33931223242188,"0,792503412770201","0,643099276269693",114.8779247434884,100.07174678906256,5.554942359006799,4.838987006595241,81,Gaillac,16435
3292,81101,1812.7857142857151,1773.88888888889,1882.8,8.48726489030789,8.30894842149031,"0,794132777711946","0,696499952051808",101.84717868369466,99.70738105788372,5.618269047526398,5.500229854645067,81,Le Garric,1310
3293,81102,2591.5,2444.5,2738.5,10.9582976680697,9.27208164033685,"0,863360449983346","0,773394489944632",131.4995720168364,111.2649796840422,5.074264789382072,4.293458602509829,81,Garrigues,323
3294,81103,712.0,742.0,702.0,8.77777553331137,6.45309586789266,"0,695287721846711","0,706302791920835",105.33330639973644,77.43715041471192,14.794003707828152,10.876004271729204,81,Gijounet,126
3295,81104,2063.620689655173,2148.07142857143,1984.8,9.18626101906415,9.14061996428071,"0,722395954778895","0,667989663408853",110.2351322287698,109.68743957136851,5.341831121454296,5.315290747046013,81,Giroussens,1592
3296,81105,1478.8000000000031,1459.96315789474,1495.84285714286,8.84852165381117,7.59493337726865,"0,776233528104364","0,655401142044118",106.18225984573404,91.1392005272238,7.180298880560848,6.163051158183906,81,Graulhet,13483
3297,81106,2105.818181818184,2075.66666666667,2142.0,10.8139897977882,8.46017012183271,"0,887884326809889","0,670373165864902",129.7678775734584,101.52204146199252,6.162349565308414,4.821025971688468,81,Grazac,652
3298,81109,1361.428571428571,1079.0,1573.25,8.95061021866782,7.25487147244412,"0,776233528104364","0,616108836162069",107.40732262401384,87.05845766932944,7.889310161260198,6.394640122616013,81,Jonquières,450
3299,81110,1569.0,1568.25,1572.0,7.45242767223032,6.3600284242958,"0,668003573484317","0,67082700215942",89.42913206676384,76.32034109154961,5.699753477805217,4.86426648129698,81,Jouqueviel,104
3300,81112,2151.8484848484827,2287.1875,2024.47058823529,8.5182484852327,8.04879184677759,"0,811422576331234","0,692819292352454",102.2189818227924,96.58550216133108,4.750287138826594,4.488489911878341,81,Labastide-de-Lévis,988
3301,81114,1608.083333333335,1496.14285714286,1764.8,9.59278911182537,8.30894842149031,"0,79722324624542","0,696499952051808",115.11346934190443,99.70738105788372,7.158426864812417,6.2003864470881656,81,Labastide-Gabausse,545
3302,81115,929.4246575342464,885.581395348837,992.266666666667,8.77777553331137,7.03283965927177,"0,695287721846711","0,569730000208046",105.33330639973644,84.39407591126124,11.333173221289885,9.080249294779613,81,Labastide-Rouairoux,1434
3303,81116,2122.6250000000014,2046.1,2250.16666666667,9.18626101906415,9.14061996428071,"0,722395954778895","0,667989663408853",110.2351322287698,109.68743957136851,5.193339955421694,5.167537345097154,81,Labastide-Saint-Georges,2039
3304,81117,1788.6153846153854,1829.66666666667,1776.3,9.90204239553866,8.30455807839283,"0,754993118643662","0,655401142044118",118.82450874646392,99.65469694071396,6.643379553174051,5.57161130323964,81,Labessière-Candeil,748
3305,81119,1713.9090909090885,1993.25,1554.28571428571,8.95061021866782,7.35641280395259,"0,776233528104364","0,718146225995212",107.40732262401384,88.27695364743107,6.266803950905183,5.150620538491186,81,Laboutarie,514
3306,81120,1597.134615384618,1533.62666666667,1655.93827160494,8.7793420234762,7.42702231130248,"0,802962935205227","0,723512616903083",105.3521042817144,89.12426773562976,6.596319638112894,5.580260228356962,81,Labruguière,6683
3307,81121,858.8125,903.333333333333,801.571428571429,8.0638896085154,7.03283965927177,"0,718917377583641","0,569730000208046",96.7666753021848,84.39407591126124,11.267497306127332,9.82683366989433,81,Lacabarède,290
3308,81124,1150.9230769230787,1222.47368421053,1082.95,7.5383844550065,7.03283965927177,"0,68476494192908","0,569730000208046",90.460613460078,84.39407591126124,7.859831406102207,7.33272949369332,81,Lacaune,2546
3309,81125,1229.5555555555566,1180.46153846154,1357.2,7.33245246166665,6.45309586789266,"0,759163577931465","0,706302791920835",87.9894295399998,77.43715041471192,7.156197956443137,6.297978978243329,81,Lacaze,324
3310,81128,1195.0,1147.5,1255.0,8.77777553331137,6.44700096510422,"0,695287721846711","0,599047229891304",105.33330639973644,77.36401158125064,8.814502627593008,6.473975864539802,81,Lacrouzette,1567
3311,81129,1899.7777777777776,1914.75,1887.8,8.79015177096465,7.45876280618731,"0,685253939522606","0,774109593695887",105.4818212515758,89.50515367424772,5.552324197357482,4.711348596726105,81,Lagardiolle,239
3312,81130,1685.9047619047608,1497.35,1857.31818181818,8.67140566535805,7.21148285938788,"0,802962935205227","0,625673998905389",104.0568679842966,86.53779431265457,6.172167629844735,5.133017965669832,81,Lagarrigue,1823
3313,81131,2150.731707317073,2103.0,2225.3125,9.18626101906415,7.846583334805,"0,722395954778895","0,757675328908896",110.2351322287698,94.15900001766,5.125471106123341,4.377998413159515,81,Lagrave,2323
3314,81132,1480.0952380952394,1431.5,1524.27272727273,8.95061021866782,7.25487147244412,"0,776233528104364","0,616108836162069",107.40732262401384,87.05845766932944,7.256784554096546,5.881949717057836,81,Guitalens-L'Albarède,846
3315,81133,1975.2727272727263,1637.25,2168.42857142857,8.53477200514689,7.35641280395259,"0,835257563973494","0,718146225995212",102.41726406176268,88.27695364743107,5.184968265277015,4.469102034801833,81,Lamillarié,523
3316,81135,2290.5000000000027,2367.66666666667,2059.0,7.45242767223032,7.00359414846702,"0,668003573484317","0,643099276269693",89.42913206676384,84.04312978160424,3.904349795536509,3.669204530958487,81,Laparrouquial,94
3317,81136,3240.499999999999,6124.33333333333,1510.2,9.07803319899828,7.80750291031682,"0,788266095242674","0,699178785295812",108.93639838797937,93.69003492380185,3.361715734855097,2.891221568393824,81,Larroque,165
3318,81137,1121.7142857142858,1096.0,1156.0,8.77777553331137,7.21148285938788,"0,695287721846711","0,625673998905389",105.33330639973644,86.53779431265457,9.390386459477268,7.714780440506647,81,Lasfaillades,89
3319,81138,1509.1818181818182,1788.4,1276.5,9.18626101906415,7.846583334805,"0,722395954778895","0,757675328908896",110.2351322287698,94.15900001766,7.304297659878729,6.239075960449732,81,Lasgraisses,584
3320,81139,1876.5833333333333,1821.5625,1986.625,9.90204239553866,7.25487147244412,"0,754993118643662","0,616108836162069",118.82450874646392,87.05845766932944,6.33196014457821,4.639200195532454,81,Lautrec,1741
3321,81140,2224.3298611111086,2197.41830065359,2254.82962962963,10.2775632798097,8.92455632911126,"0,774544966050345","0,700601301213248",123.3307593577164,107.09467594933513,5.544625440406109,4.814693981397104,81,Lavaur,11225
3322,81142,1832.7499999999984,1941.85714285714,1680.0,8.95061021866782,7.45876280618731,"0,776233528104364","0,774109593695887",107.40732262401384,89.50515367424772,5.860445921375743,4.883653180971098,81,Lempaut,896
3323,81143,1476.66666666667,1039.66666666667,1913.66666666667,8.95061021866782,7.45876280618731,"0,776233528104364","0,774109593695887",107.40732262401384,89.50515367424772,7.273633586276316,6.061297088549494,81,Lescout,788
3324,81144,1978.6712328767112,2024.84444444444,1904.46428571429,10.4841804063205,8.93152180175964,"0,79722324624542","0,696499952051808",125.810164875846,107.17826162111568,6.358315761883071,5.416678619484122,81,Lescure-d'Albigeois,4677
3325,81145,2236.0683760683746,2072.63076923077,2440.36538461538,8.58449634852882,8.27261630887071,"0,811422576331234","0,630844153296175",103.01395618234584,99.27139570644852,4.606923351935811,4.439550989088939,81,Lisle-sur-Tarn,4956
3326,81146,2680.800000000002,1804.66666666667,3995.0,8.44043608592792,6.3600284242958,"0,809948390588133","0,67082700215942",101.28523303113504,76.32034109154961,3.7781719274520658,2.846924093238942,81,Livers-Cazelles,245
3327,81147,1708.2857142857142,1868.5,1307.75,9.90204239553866,7.35641280395259,"0,754993118643662","0,718146225995212",118.82450874646392,88.27695364743107,6.955774888988523,5.167575476936089,81,Lombers,1119
3328,81148,678.3333333333334,727.5,580.0,8.44043608592792,7.00359414846702,"0,809948390588133","0,643099276269693",101.28523303113504,84.04312978160424,14.931483984933912,12.389650582054678,81,Loubers,95
3329,81149,2578.4285714285684,2606.33333333333,2411.0,8.5182484852327,9.14061996428071,"0,811422576331234","0,667989663408853",102.2189818227924,109.68743957136851,3.9643906740514576,4.254042201781709,81,Loupiac,461
3330,81150,2191.333333333333,2249.6,1900.0,10.9582976680697,9.27208164033685,"0,863360449983346","0,773394489944632",131.4995720168364,111.2649796840422,6.000893155620766,5.077501354610992,81,Lugan,433
3331,81152,1937.1333333333328,1803.875,2089.42857142857,9.59278911182537,8.30894842149031,"0,79722324624542","0,696499952051808",115.11346934190443,99.70738105788372,5.942464948647718,5.147161495915808,81,Mailhoc,314
3332,81156,2339.313953488372,2226.5,2496.0,8.5182484852327,9.24264787000276,"0,811422576331234","0,692819292352454",102.2189818227924,110.91177444003311,4.369613649778133,4.741209459065641,81,Marssac-sur-Tarn,3558
3333,81157,1931.5000000000025,2076.75,1834.66666666667,8.80807628086374,8.85896407232945,"0,811269070596714","0,700601301213248",105.69691537036488,106.3075688679534,5.472271052050984,5.503886558009489,81,Marzens,321
3334,81158,922.4285714285714,964.0,891.25,6.33560707311459,6.45309586789266,"0,836805699338085","0,706302791920835",76.02728487737508,77.43715041471192,8.242078273836542,8.394921060910383,81,Le Masnau-Massuguiès,259
3335,81159,1973.4545454545453,2279.5,1606.2,10.1983687062758,8.85896407232945,"0,774544966050345","0,700601301213248",122.3804244753096,106.3075688679534,6.201329782699492,5.386876992571804,81,Massac-Séran,518
3336,81160,1193.8461538461547,1187.9,1213.66666666667,8.79015177096465,7.45876280618731,"0,685253939522606","0,774109593695887",105.4818212515758,89.50515367424772,8.83546183163972,7.497210037147033,81,Massaguel,354
3337,81161,1139.5000000000025,1052.66666666667,1400.0,7.33245246166665,6.45309586789266,"0,759163577931465","0,706302791920835",87.9894295399998,77.43715041471192,7.721757748135112,6.795713068425779,81,Massals,115
3338,81162,3046.2,3910.0,1750.5,10.1983687062758,8.64195449118576,"0,774544966050345","0,777279135927241",122.3804244753096,103.70345389422911,4.017478316437188,3.4043547335772155,81,Maurens-Scopont,141
3339,81163,1235.166212534058,1184.82075471698,1304.02580645161,8.74768201699953,7.20273945614823,"0,718917377583641","0,6943743794092",104.97218420399436,86.43287347377876,8.498628212039106,6.997671454795845,81,Mazamet,10536
3340,81164,2378.7272727272752,2406.71428571429,2329.75,8.5182484852327,8.46017012183271,"0,811422576331234","0,670373165864902",102.2189818227924,101.52204146199252,4.297213177599614,4.267914301314364,81,Mézens,543
3341,81165,1929.7777777777776,1889.4,1980.25,8.44043608592792,7.00359414846702,"0,809948390588133","0,643099276269693",101.28523303113504,84.04312978160424,5.248543858131135,4.355067756992389,81,Milhars,238
3342,81167,1009.0,1025.0,1005.0,8.18417487718628,6.45309586789266,"0,808974796773809","0,706302791920835",98.21009852623536,77.43715041471192,9.733409170092704,7.67464325220138,81,Miolles,108
3343,81168,1465.1315789473688,1355.88,1675.23076923077,8.44043608592792,6.24601771270194,"0,809948390588133","0,534410550452238",101.28523303113504,74.95221255242328,6.913046888519319,5.115732513681336,81,Mirandol-Bourgnounac,1048
3344,81170,1398.8750000000043,1323.55555555556,1495.71428571429,8.44043608592792,6.3600284242958,"0,809948390588133","0,67082700215942",101.28523303113504,76.32034109154961,7.240477743267606,5.4558370899150646,81,Monestiés,1402
3345,81171,2060.766666666667,2097.75,1986.8,8.5182484852327,9.14061996428071,"0,811422576331234","0,667989663408853",102.2189818227924,109.68743957136851,4.960240452070866,5.322652066611221,81,Montans,1577
3346,81173,3377.0,3041.0,3545.0,10.1983687062758,8.64195449118576,"0,774544966050345","0,777279135927241",122.3804244753096,103.70345389422911,3.623939131634872,3.0708751523313333,81,Montcabrier,325
3347,81174,1553.83333333333,1669.33333333333,1438.33333333333,8.95061021866782,7.35641280395259,"0,776233528104364","0,718146225995212",107.40732262401384,88.27695364743107,6.912409479181426,5.681236961113242,81,Montdragon,623
3348,81175,2088.6153846153857,2048.88888888889,2178.0,8.16907383173017,7.80750291031682,"0,831816477648791","0,699178785295812",98.02888598076204,93.69003492380185,4.693486733021162,4.485748578408306,81,Montdurausse,399
3349,81177,1650.0,1292.0,1864.8,9.90204239553866,7.25487147244412,"0,754993118643662","0,616108836162069",118.82450874646392,87.05845766932944,7.201485378573572,5.276270161777542,81,Montfa,484
3350,81178,1985.8461538461536,2240.6,1826.625,8.16907383173017,7.80750291031682,"0,831816477648791","0,699178785295812",98.02888598076204,93.69003492380185,4.936378671172554,4.717889890027207,81,Montgaillard,370
3351,81179,1794.7777777777778,1819.75,1774.8,8.80807628086374,7.61490041024441,"0,811269070596714","0,751377182874596",105.69691537036488,91.37880492293291,5.889136620648077,5.091371536596275,81,Montgey,282
3352,81180,1578.3333333333333,1588.0,1566.25,7.45242767223032,6.3600284242958,"0,668003573484317","0,67082700215942",89.42913206676384,76.32034109154961,5.666048494198344,4.835502075494167,81,Montirat,269
3353,81181,2002.3333333333333,1667.0,2170.0,9.90204239553866,7.21148285938788,"0,754993118643662","0,625673998905389",118.82450874646392,86.53779431265457,5.934302084890824,4.321847560145891,81,Montpinier,192
3354,81182,1183.5869565217404,1289.4,1057.61904761905,7.33245246166665,6.44700096510422,"0,759163577931465","0,599047229891304",87.9894295399998,77.36401158125064,7.434133086307258,6.536402851937782,81,Montredon-Labessonnié,2123
3355,81183,2144.6666666666665,2900.0,1767.0,7.33245246166665,6.45309586789266,"0,759163577931465","0,706302791920835",87.9894295399998,77.43715041471192,4.102708868821875,3.610684663415228,81,Mont-Roc,194
3356,81184,1632.0,1595.5,1705.0,8.44043608592792,7.00359414846702,"0,809948390588133","0,643099276269693",101.28523303113504,84.04312978160424,6.206203004358765,5.1497015797551615,81,Montrosier,34
3357,81185,2646.6,2748.0,2579.0,8.16907383173017,8.46017012183271,"0,831816477648791","0,670373165864902",98.02888598076204,101.52204146199252,3.703955489335829,3.8359420185140376,81,Montvalen,246
3358,81186,1156.0,433.0,1300.6,8.44043608592792,6.57859314577335,"0,809948390588133","0,632504259288815",101.28523303113504,78.9431177492802,8.761698359094728,6.828989424678219,81,Moularès,263
3359,81187,2227.714285714286,2269.5,1977.0,8.95061021866782,7.35641280395259,"0,776233528104364","0,718146225995212",107.40732262401384,88.27695364743107,4.82141373841283,3.962669459612784,81,Moulayrès,221
3360,81188,1330.999999999998,1173.83333333333,1566.75,8.84165348955526,6.25046972774286,"0,610775945939991","0,727621604618717",106.09984187466311,75.00563673291431,7.971438157375152,5.635284502848567,81,Moulin-Mage,309
3361,81190,1939.8333333333333,639.0,2200.0,9.90204239553866,6.45309586789266,"0,754993118643662","0,706302791920835",118.82450874646392,77.43715041471192,6.12550092343658,3.9919486423942914,81,Mouzieys-Teulet,504
3362,81191,1604.3749999999986,1760.4,1344.33333333333,8.44043608592792,7.00359414846702,"0,809948390588133","0,643099276269693",101.28523303113504,84.04312978160424,6.313064777943756,5.238371938082076,81,Mouzieys-Panens,257
3363,81192,1215.5151515151506,1173.4,1280.30769230769,8.84165348955526,6.25046972774286,"0,610775945939991","0,727621604618717",106.09984187466311,75.00563673291431,8.728796324949853,6.170687106567048,81,Murat-sur-Vèbre,869
3364,81193,1640.5862068965528,1406.69230769231,1830.625,8.84165348955526,7.03283965927177,"0,610775945939991","0,569730000208046",106.09984187466311,84.39407591126124,6.467190899731442,5.144141499940254,81,Nages,349
3365,81195,2261.6,2157.0,2313.9,8.79015177096465,7.21148285938788,"0,685253939522606","0,625673998905389",105.4818212515758,86.53779431265457,4.664035251661471,3.826396989416987,81,Navès,707
3366,81196,1595.4615384615386,1244.5,2157.0,8.77777553331137,7.00800027799724,"0,695287721846711","0,723512616903083",105.33330639973644,84.09600333596688,6.60205864325044,5.270951465057468,81,Noailhac,849
3367,81197,1896.7,1950.625,1681.0,8.44043608592792,8.04879184677759,"0,809948390588133","0,692819292352454",101.28523303113504,96.58550216133108,5.340076608379556,5.092291989314655,81,Noailles,209
3368,81198,2376.0,2278.0,2425.0,9.18626101906415,8.30455807839283,"0,722395954778895","0,655401142044118",110.2351322287698,99.65469694071396,4.639525767204116,4.194221251713551,81,Orban,342
3369,81199,1046.8333333333333,844.0,1087.4,8.18417487718628,6.57859314577335,"0,808974796773809","0,632504259288815",98.21009852623536,78.9431177492802,9.381636541273878,7.541135272976935,81,Padiès,157
3370,81200,2133.000000000001,2114.57142857143,2176.0,8.79015177096465,7.45876280618731,"0,685253939522606","0,774109593695887",105.4818212515758,89.50515367424772,4.945233063833838,4.1962097362516495,81,Palleville,490
3371,81201,1387.781250000004,1502.71428571429,1168.36363636364,8.44043608592792,6.57859314577335,"0,809948390588133","0,632504259288815",101.28523303113504,78.9431177492802,7.298357218123155,5.688441009653356,81,Pampelonne,979
3372,81202,1904.4499999999985,1977.84615384615,1768.14285714286,9.18626101906415,7.846583334805,"0,722395954778895","0,757675328908896",110.2351322287698,94.15900001766,5.788292274870429,4.9441571066533685,81,Parisot,1031
3373,81203,1079.7272727272727,1113.625,989.333333333333,7.33245246166665,6.45309586789266,"0,759163577931465","0,706302791920835",87.9894295399998,77.43715041471192,8.149227287530502,7.171917610186336,81,Paulinet,519
3374,81204,1559.2439024390253,1603.39130434783,1502.83333333333,8.77777553331137,7.53765561441571,"0,695287721846711","0,723512616903083",105.33330639973644,90.45186737298852,6.755409223340255,5.801008247106206,81,Payrin-Augmontel,2236
3375,81206,1916.652173913044,1658.45454545455,2153.33333333333,8.40137934200414,7.00359414846702,"0,738085430344819","0,643099276269693",100.81655210404966,84.04312978160424,5.260033796232429,4.384892101211118,81,Penne,607
3376,81207,1096.0,1000.0,1120.0,9.90204239553866,7.25487147244412,"0,754993118643662","0,616108836162069",118.82450874646392,87.05845766932944,10.841652257889043,7.943289933332978,81,Peyregoux,110
3377,81208,2200.125,2331.75,2068.5,9.18626101906415,7.846583334805,"0,722395954778895","0,757675328908896",110.2351322287698,94.15900001766,5.010403146583481,4.279711380837907,81,Peyrole,573
3378,81209,1675.4666666666703,1686.07317073171,1662.67647058824,8.77777553331137,7.00800027799724,"0,695287721846711","0,723512616903083",105.33330639973644,84.09600333596688,6.286804058555003,5.019258515197758,81,Pont-de-Larn,2941
3379,81210,1247.25,1589.5,905.0,7.8074763243266,7.3596847822591,"0,783109517181521","0,639806173222701",93.6897158919192,88.31621738710919,7.51170301799312,7.0808753166654,81,Poudis,278
3380,81211,2089.6,2267.5,1378.0,9.90204239553866,7.846583334805,"0,754993118643662","0,757675328908896",118.82450874646392,94.15900001766,5.686471513517608,4.506077719068721,81,Poulan-Pouzols,496
3381,81213,2275.0,2410.5,2004.0,8.80807628086374,8.85896407232945,"0,811269070596714","0,700601301213248",105.69691537036488,106.3075688679534,4.6460182580380165,4.67286017001993,81,Pratviel,93
3382,81214,2324.5,2305.0,2344.0,8.80807628086374,7.61490041024441,"0,811269070596714","0,751377182874596",105.69691537036488,91.37880492293291,4.5470817539412725,3.931116580896232,81,Puéchoursi,109
3383,81215,2209.285714285716,2242.26666666667,2126.83333333333,9.18626101906415,8.30455807839283,"0,722395954778895","0,655401142044118",110.2351322287698,99.65469694071396,4.98962771161583,4.510720197769139,81,Puybegon,656
3384,81217,2072.125,2398.3,1528.5,8.40137934200414,7.80750291031682,"0,738085430344819","0,699178785295812",100.81655210404966,93.69003492380185,4.865370192630737,4.5214470615335385,81,Puycelsi,466
3385,81218,2389.83582089552,2376.31578947368,2407.55172413793,8.53477200514689,8.50326057383728,"0,835257563973494","0,718146225995212",102.41726406176268,102.03912688604736,4.285535565509469,4.269712839428913,81,Puygouzon,3626
3386,81219,1686.499999999999,1640.54761904762,1743.26470588235,8.85067218937736,7.62683061952532,"0,811269070596714","0,639806173222701",106.20806627252831,91.52196743430385,6.297543212127386,5.426739841939156,81,Puylaurens,3288
3387,81220,2194.778761061943,2158.72580645161,2238.60784313725,9.06259666604629,8.6746531537255,"0,811422576331234","0,630844153296175",108.75115999255549,104.09583784470598,4.954994185379134,4.742885237067778,81,Rabastens,5953
3388,81221,1116.1666666666667,1489.5,929.5,6.33560707311459,6.45309586789266,"0,836805699338085","0,706302791920835",76.02728487737508,77.43715041471192,6.811463480129169,6.937776653550419,81,Rayssac,233
3389,81222,1587.865853658536,1537.20833333333,1659.38235294118,9.97150182649572,7.26345237926993,"0,754993118643662","0,599047229891304",119.65802191794864,87.16142855123917,7.535776504183244,5.48921864844024,81,Réalmont,3600
3390,81223,1553.428571428571,2042.0,1358.0,8.77777553331137,7.21148285938788,"0,695287721846711","0,625673998905389",105.33330639973644,86.53779431265457,6.780698407192893,5.570761083213004,81,Le Rialet,65
3391,81224,1594.2857142857158,1734.25,1407.66666666667,7.45242767223032,6.3600284242958,"0,668003573484317","0,67082700215942",89.42913206676384,76.32034109154961,5.609354161893784,4.787118168824792,81,Le Riols,100
3392,81225,2182.3125,2152.71428571429,2205.33333333333,8.5182484852327,7.846583334805,"0,811422576331234","0,757675328908896",102.2189818227924,94.15900001766,4.683975453689258,4.314643297770599,81,Rivières,1093
3393,81227,1391.358208955226,1217.91428571429,1581.0625,8.4229961172029,6.52832322827203,"0,759163577931465","0,599047229891304",101.0759534064348,78.33987873926436,7.264552920727218,5.630460814119892,81,Roquecourbe,2226
3394,81228,3327.6666666666665,3865.0,2253.0,10.8139897977882,9.79706750543053,"0,887884326809889","0,78330107598716",129.7678775734584,117.56481006516636,3.8996657589940416,3.5329503174947314,81,Roquemaure,488
3395,81230,1548.0000000000018,1440.0,1625.14285714286,9.59278911182537,8.30894842149031,"0,79722324624542","0,696499952051808",115.11346934190443,99.70738105788372,7.436270629321984,6.441045287976977,81,Rosières,733
3396,81231,1447.4444444444443,1254.4,1688.75,8.0638896085154,6.74322315455659,"0,718917377583641","0,52530155015803",96.7666753021848,80.91867785467909,6.6853464168240055,5.590451375543961,81,Rouairoux,393
3397,81232,2111.714285714287,2109.5,2114.66666666667,8.53477200514689,7.35641280395259,"0,835257563973494","0,718146225995212",102.41726406176268,88.27695364743107,4.849958384740483,4.180345525179388,81,Rouffiac,654
3398,81233,1709.733333333333,2104.15384615385,1408.11764705882,9.90204239553866,6.44700096510422,"0,754993118643662","0,599047229891304",118.82450874646392,77.36401158125064,6.949885483884268,4.524916843635498,81,Terre-de-Bancalié,1763
3399,81235,1533.823529411769,1512.21428571429,1634.66666666667,8.79015177096465,7.21148285938788,"0,685253939522606","0,625673998905389",105.4818212515758,86.53779431265457,6.877050666449794,5.64196549689405,81,Saint-Affrique-les-Montagnes,766
3400,81236,2314.5999999999976,2310.5,2317.33333333333,10.1983687062758,9.27208164033685,"0,774544966050345","0,773394489944632",122.3804244753096,111.2649796840422,5.287325001093482,4.8070932206015,81,Saint-Agnan,300
3401,81237,1470.0,1322.33333333333,1617.66666666667,8.79015177096465,7.45876280618731,"0,685253939522606","0,774109593695887",105.4818212515758,89.50515367424772,7.175634098746653,6.088785964234539,81,Saint-Amancet,180
3402,81238,1118.177777777778,1080.78260869565,1157.27272727273,8.77777553331137,7.03283965927177,"0,695287721846711","0,569730000208046",105.33330639973644,84.39407591126124,9.420085830096864,7.547464954900344,81,Saint-Amans-Soult,1648
3403,81239,1099.15,961.375,1191.0,8.77777553331137,7.03283965927177,"0,695287721846711","0,569730000208046",105.33330639973644,84.39407591126124,9.583160296568844,7.678121813334052,81,Saint-Amans-Valtoret,868
3404,81240,2031.2500000000027,1643.0,2160.66666666667,8.18417487718628,6.45309586789266,"0,808974796773809","0,706302791920835",98.21009852623536,77.43715041471192,4.834958696676196,3.8122904819550434,81,Saint-André,102
3405,81242,976.5,1166.0,787.0,8.79015177096465,7.45876280618731,"0,685253939522606","0,774109593695887",105.4818212515758,89.50515367424772,10.80202982607023,9.165914354761671,81,Saint-Avit,281
3406,81243,1559.25,1239.0,1879.5,9.4814078172029,7.59825549299587,"0,792503412770201","0,630844153296175",113.7768938064348,91.17906591595045,7.296898753018105,5.847623275032897,81,Saint-Beauzile,131
3407,81244,1156.0465116279058,1123.04545454545,1190.61904761905,8.48726489030789,8.30894842149031,"0,794132777711946","0,696499952051808",101.84717868369466,99.70738105788372,8.809955106414955,8.624858952904857,81,Saint-Benoît-de-Carmaux,2088
3408,81245,1083.000000000002,1050.66666666667,1131.5,7.45242767223032,6.3600284242958,"0,668003573484317","0,67082700215942",89.42913206676384,76.32034109154961,8.257537586958788,7.047122907806968,81,Saint-Christophe,132
3409,81247,2039.375,2545.25,1533.5,7.33245246166665,6.45309586789266,"0,759163577931465","0,706302791920835",87.9894295399998,77.43715041471192,4.314529183695975,3.797102073660407,81,Saint-Cirgue,219
3410,81248,1962.1666666666647,1740.88888888889,2183.44444444444,8.95061021866782,8.30455807839283,"0,776233528104364","0,655401142044118",107.40732262401384,99.65469694071396,5.47391434421204,5.078808983642948,81,Saint-Gauzens,932
3411,81249,1431.863636363638,1408.15384615385,1466.11111111111,8.48726489030789,6.24601771270194,"0,794132777711946","0,534410550452238",101.84717868369466,74.95221255242328,7.1129104823379565,5.2345915245652845,81,Sainte-Gemme,864
3412,81250,1580.2,1399.0,1701.0,9.90204239553866,7.25487147244412,"0,754993118643662","0,616108836162069",118.82450874646392,87.05845766932944,7.519586681841787,5.509331582668613,81,Saint-Genest-de-Contest,293
3413,81251,2130.062500000004,2045.71428571429,2195.66666666667,8.95061021866782,7.45876280618731,"0,776233528104364","0,774109593695887",107.40732262401384,89.50515367424772,5.0424493470972624,4.201996592787656,81,Saint-Germain-des-Prés,948
3414,81252,1460.3333333333333,1000.0,1690.5,9.90204239553866,7.21148285938788,"0,754993118643662","0,625673998905389",118.82450874646392,86.53779431265457,8.136807264081073,5.92589324213567,81,Saint-Germier,157
3415,81254,1333.1666666666667,1200.5,1598.5,8.48726489030789,6.57859314577335,"0,794132777711946","0,632504259288815",101.84717868369466,78.9431177492802,7.639493337944342,5.921474015447946,81,Saint-Jean-de-Marcel,389
3416,81255,2614.428571428572,2888.5,2504.8,10.9582976680697,9.27208164033685,"0,863360449983346","0,773394489944632",131.4995720168364,111.2649796840422,5.029763423407763,4.255804916607264,81,Saint-Jean-de-Rives,525
3417,81256,799.5,786.0,813.0,9.90204239553866,7.25487147244412,"0,754993118643662","0,616108836162069",118.82450874646392,87.05845766932944,14.86235256366028,10.889112904231323,81,Saint-Jean-de-Vals,88
3418,81257,1808.2717391304336,1759.65254237288,1895.19696969697,10.4129291834413,7.88491395028745,"0,808974796773809","0,682764946406506",124.9551502012956,94.6189674034494,6.910197593497996,5.23256352217007,81,Saint-Juéry,6675
3419,81258,1996.3749999999984,2162.33333333333,1896.8,8.95061021866782,7.35641280395259,"0,776233528104364","0,718146225995212",107.40732262401384,88.27695364743107,5.380117594340438,4.421862307804452,81,Saint-Julien-du-Puy,450
3420,81261,2557.70588235294,2553.1,2564.28571428571,9.18626101906415,9.14061996428071,"0,722395954778895","0,667989663408853",110.2351322287698,109.68743957136851,4.309922145049764,4.288508711191707,81,Saint-Lieux-lès-Lavaur,1266
3421,81262,2411.800000000002,2306.66666666667,2569.5,8.44043608592792,6.3600284242958,"0,809948390588133","0,67082700215942",101.28523303113504,76.32034109154961,4.199570156361845,3.1644556385914897,81,Saint-Marcel-Campes,232
3422,81263,1683.625,1748.0,1490.5,8.44043608592792,6.3600284242958,"0,809948390588133","0,67082700215942",101.28523303113504,76.32034109154961,6.015902177214941,4.533096211540552,81,Saint-Martin-Laguépie,400
3423,81265,1684.3333333333333,788.0,2132.5,8.44043608592792,7.00359414846702,"0,809948390588133","0,643099276269693",101.28523303113504,84.04312978160424,6.013372236164757,4.989696998709929,81,Saint-Michel-de-Vax,80
3424,81266,1586.6250000000011,1529.0,1682.66666666667,8.95061021866782,7.25487147244412,"0,776233528104364","0,616108836162069",107.40732262401384,87.05845766932944,6.769546844655401,5.487021676157212,81,Saint-Paul-Cap-de-Joux,1090
3425,81267,1030.4666666666667,978.1,1135.2,7.33245246166665,6.44700096510422,"0,759163577931465","0,599047229891304",87.9894295399998,77.36401158125064,8.53879435272043,7.507667553333502,81,Saint-Pierre-de-Trivisy,629
3426,81268,1620.0,848.5,2391.5,7.5383844550065,6.45309586789266,"0,68476494192908","0,706302791920835",90.460613460078,77.43715041471192,5.58398848519,4.780071013253822,81,Saint-Salvi-de-Carcavès,78
3427,81269,1235.4444444444443,1140.5,1354.125,7.33245246166665,7.00800027799724,"0,759163577931465","0,723512616903083",87.9894295399998,84.09600333596688,7.122087110891251,6.806943340441605,81,Saint-Salvy-de-la-Balme,535
3428,81270,1857.0,1713.0,2145.0,8.80807628086374,7.3596847822591,"0,811269070596714","0,639806173222701",105.69691537036488,88.31621738710919,5.691810197650236,4.755854463495379,81,Saint-Sernin-lès-Lavaur,169
3429,81271,2609.565957446809,2577.88888888889,2652.33,10.6825154098385,9.88338736879778,"0,722395954778895","0,667989663408853",128.190184918062,118.60064842557335,4.912318255541731,4.54484195301244,81,Saint-Sulpice-la-Pointe,9947
3430,81272,1598.2499999999975,1746.33333333333,1154.0,8.40137934200414,7.80750291031682,"0,738085430344819","0,699178785295812",100.81655210404966,93.69003492380185,6.307933809106824,5.8620387876616284,81,Saint-Urcisse,226
3431,81273,1895.0441176470576,1763.48780487805,2094.81481481481,9.33856281233961,8.04870695015214,"0,685253939522606","0,625673998905389",112.06275374807532,96.58448340182568,5.913464109068644,5.096687855570761,81,Saïx,3764
3432,81274,2189.999999999998,2284.57142857143,2134.83333333333,8.53477200514689,7.35641280395259,"0,835257563973494","0,718146225995212",102.41726406176268,88.27695364743107,4.676587400080491,4.030911125453477,81,Saliès,842
3433,81275,1400.199999999998,1843.33333333333,735.5,9.59278911182537,8.04879184677759,"0,79722324624542","0,692819292352454",115.11346934190443,96.58550216133108,8.22121620782064,6.897979014521583,81,Salles,198
3434,81276,1962.281249999997,1907.73333333333,2010.41176470588,8.40137934200414,7.80750291031682,"0,738085430344819","0,699178785295812",100.81655210404966,93.69003492380185,5.137721827798631,4.774546713107613,81,Salvagnac,1253
3435,81277,1896.6666666666667,1710.8,2129.0,9.59278911182537,7.57753692535384,"0,79722324624542","0,682764946406506",115.11346934190443,90.93044310424608,6.069251459151377,4.794223713756384,81,Saussenac,643
3436,81278,1157.3333333333333,1318.25,835.5,8.0638896085154,6.74322315455659,"0,718917377583641","0,52530155015803",96.7666753021848,80.91867785467909,8.361175861363893,6.991821243203839,81,Sauveterre,188
3437,81279,2267.8333333333358,3347.0,1188.66666666667,8.40137934200414,7.80750291031682,"0,738085430344819","0,699178785295812",100.81655210404966,93.69003492380185,4.445500937931193,4.13125751115463,81,La Sauzière-Saint-Jean,265
3438,81280,1588.5,1900.0,1526.2,8.44043608592792,6.3600284242958,"0,809948390588133","0,67082700215942",101.28523303113504,76.32034109154961,6.376155683420525,4.8045540504595285,81,Le Ségur,267
3439,81281,1711.368421052632,1655.10344827586,1769.64285714286,8.95061021866782,7.25487147244412,"0,776233528104364","0,616108836162069",107.40732262401384,87.05845766932944,6.276107546611706,5.08706696923748,81,Sémalens,2075
3440,81283,1944.9999999999995,1991.83333333333,1864.71428571429,9.4814078172029,8.04879184677759,"0,792503412770201","0,692819292352454",113.7768938064348,96.58550216133108,5.849711763826983,4.965835586700828,81,Senouillac,1151
3441,81284,2280.785714285717,2274.40740740741,2292.26666666667,9.90204239553866,9.43443211479756,"0,754993118643662","0,692819292352454",118.82450874646392,113.21318537757072,5.209805901633187,4.963780010917254,81,Le Sequestre,2054
3442,81285,1299.4444444444443,943.4,1744.5,7.33245246166665,6.45309586789266,"0,759163577931465","0,706302791920835",87.9894295399998,77.43715041471192,6.7713113797349145,5.959250566330973,81,Sérénac,504
3443,81286,1350.4615384615386,1401.0,1318.875,8.95061021866782,7.25487147244412,"0,776233528104364","0,616108836162069",107.40732262401384,87.05845766932944,7.953378868262587,6.446570686382334,81,Serviès,610
3444,81287,1717.0000000000016,1617.66666666667,1791.5,9.90204239553866,8.30455807839283,"0,754993118643662","0,655401142044118",118.82450874646392,99.65469694071396,6.920472262461492,5.80400098664612,81,Sieurac,270
3445,81288,1723.999999999999,1745.79245283019,1695.82926829268,9.01808557005869,6.7340155079712,"0,685253939522606","0,677778746458817",108.21702684070428,80.80818609565439,6.277089723938766,4.687249773529839,81,Sorèze,3047
3446,81289,1821.3673469387768,1769.0,1864.03703703704,9.29709746606849,8.16039380925041,"0,685253939522606","0,774109593695887",111.56516959282187,97.92472571100492,6.12535246008075,5.376440171478298,81,Soual,2688
3447,81290,1538.33333333333,1659.33333333333,1417.33333333333,9.4814078172029,8.04879184677759,"0,792503412770201","0,692819292352454",113.7768938064348,96.58550216133108,7.396114440288302,6.27858085555783,81,Souel,174
3448,81291,1892.42857142857,1956.57142857143,1828.28571428571,9.59278911182537,8.04879184677759,"0,79722324624542","0,692819292352454",115.11346934190443,96.58550216133108,6.0828435524521165,5.103785877023613,81,Taïx,545
3449,81292,965.4545454545456,1007.5,545.0,8.44043608592792,6.57859314577335,"0,809948390588133","0,632504259288815",101.28523303113504,78.9431177492802,10.490937507933008,8.17678244107422,81,Tanus,561
3450,81293,2364.8000000000006,2227.57142857143,2685.0,8.16907383173017,8.46017012183271,"0,831816477648791","0,670373165864902",98.02888598076204,101.52204146199252,4.145335164951033,4.293049791187098,81,Tauriac,399
3451,81294,1867.3043478260845,2075.0,1733.78571428571,9.18626101906415,9.14061996428071,"0,722395954778895","0,667989663408853",110.2351322287698,109.68743957136851,5.903436810239612,5.874106151954641,81,Técou,1125
3452,81295,1719.111111111111,1809.0,1000.0,7.33245246166665,6.45309586789266,"0,759163577931465","0,706302791920835",87.9894295399998,77.43715041471192,5.118309629395025,4.50448780850832,81,Teillet,458
3453,81297,2376.279999999999,2343.58333333333,2406.46153846154,8.53477200514689,8.30894842149031,"0,835257563973494","0,696499952051808",102.41726406176268,99.70738105788372,4.30998300123566,4.195944125182376,81,Terssac,1230
3454,81298,2396.83333333333,2353.33333333333,2440.33333333333,11.301737358791,9.27208164033685,"0,801477151462443","0,773394489944632",135.620848305492,111.2649796840422,5.658334537465775,4.642165900175608,81,Teulat,496
3455,81299,2219.272727272728,2455.57142857143,1805.75,9.18626101906415,7.35641280395259,"0,722395954778895","0,718146225995212",110.2351322287698,88.27695364743107,4.967173744537389,3.977742463221946,81,Teyssode,390
3456,81300,2248.2499999999973,2262.33333333333,2206.0,9.4814078172029,7.59825549299587,"0,792503412770201","0,630844153296175",113.7768938064348,91.17906591595045,5.060686925672632,4.05555725190484,81,Tonnac,106
3457,81302,994.6666666666666,1427.0,778.5,8.18417487718628,6.57859314577335,"0,808974796773809","0,632504259288815",98.21009852623536,78.9431177492802,9.87366942287889,7.936640524391442,81,Tréban,59
3458,81303,1397.071428571429,1637.875,1076.0,6.33560707311459,6.45309586789266,"0,836805699338085","0,706302791920835",76.02728487737508,77.43715041471192,5.441903922916565,5.542819703491829,81,Trébas,408
3459,81304,1206.625,1323.4,1012.0,8.44043608592792,6.3600284242958,"0,809948390588133","0,67082700215942",101.28523303113504,76.32034109154961,8.394093693660835,6.325108554153081,81,Trévien,203
3460,81305,1023.7941176470596,1050.125,1000.38888888889,7.33245246166665,6.44700096510422,"0,759163577931465","0,599047229891304",87.9894295399998,77.36401158125064,8.59444570185869,7.556598562907639,81,Vabre,731
3461,81306,1543.8000000000022,1410.71428571429,1854.33333333333,9.59278911182537,7.57753692535384,"0,79722324624542","0,682764946406506",115.11346934190443,90.93044310424608,7.456501447201988,5.890040361720815,81,Valderiès,850
3462,81307,1693.2631578947362,2047.1,1300.11111111111,8.77777553331137,7.00800027799724,"0,695287721846711","0,723512616903083",105.33330639973644,84.09600333596688,6.220728650985308,4.9665052324486245,81,Valdurenque,903
3463,81308,1277.7692307692323,1083.94117647059,1643.88888888889,7.33245246166665,6.57859314577335,"0,759163577931465","0,632504259288815",87.9894295399998,78.9431177492802,6.886175329721244,6.1781983669895935,81,Valence-d'Albigeois,1301
3464,81309,1724.928571428571,1711.8,1757.75,8.40137934200414,7.00359414846702,"0,738085430344819","0,643099276269693",100.81655210404966,84.04312978160424,5.844679818860803,4.872267244782225,81,Vaour,369
3465,81311,1473.6363636363626,1581.0,1187.33333333333,9.90204239553866,6.44700096510422,"0,754993118643662","0,599047229891304",118.82450874646392,77.36401158125064,8.063353462128958,5.249871236235395,81,Vénès,741
3466,81312,1686.90909090909,1763.42857142857,1553.0,8.79015177096465,7.45876280618731,"0,685253939522606","0,774109593695887",105.4818212515758,89.50515367424772,6.252964182837544,5.305867053334369,81,Verdalle,1195
3467,81313,1832.200000000002,1899.66666666667,1731.0,9.4814078172029,7.59825549299587,"0,792503412770201","0,630844153296175",113.7768938064348,91.17906591595045,6.209851206551396,4.976479964848289,81,Le Verdier,234
3468,81314,936.315789473684,844.272727272727,1062.875,7.5383844550065,6.45309586789266,"0,68476494192908","0,706302791920835",90.460613460078,77.43715041471192,9.661335895117944,8.27040954401083,81,Viane,558
3469,81315,1693.8484848484836,1748.80952380952,1597.66666666667,8.95061021866782,7.25487147244412,"0,776233528104364","0,616108836162069",107.40732262401384,87.05845766932944,6.341023036285416,5.139683888380188,81,Vielmur-sur-Agout,1421
3470,81316,2144.800000000002,2340.66666666667,1851.0,8.44043608592792,7.59825549299587,"0,809948390588133","0,630844153296175",101.28523303113504,91.17906591595045,4.722362599362875,4.251168683138305,81,Vieux,234
3471,81317,1505.5454545454506,1404.61538461538,1651.33333333333,7.33245246166665,6.45309586789266,"0,759163577931465","0,706302791920835",87.9894295399998,77.43715041471192,5.844355563915224,5.143461473110521,81,Villefranche-d'Albigeois,1253
3472,81318,3109.0,3025.0,3193.0,10.1983687062758,8.64195449118576,"0,774544966050345","0,777279135927241",122.3804244753096,103.70345389422911,3.936327580421666,3.3355887389588013,81,Villeneuve-lès-Lavaur,143
3473,81319,2021.0,2299.6,1742.4,8.44043608592792,8.04879184677759,"0,809948390588133","0,692819292352454",101.28523303113504,96.58550216133108,5.011639437463387,4.779094614613117,81,Villeneuve-sur-Vère,547
3474,81320,1910.0,2280.0,800.0,9.4814078172029,7.00359414846702,"0,792503412770201","0,643099276269693",113.7768938064348,84.04312978160424,5.956905434891874,4.400163862911216,81,Vindrac-Alayrac,158
3475,81323,2371.933333333332,2678.75,2021.28571428571,9.18626101906415,7.35641280395259,"0,722395954778895","0,718146225995212",110.2351322287698,88.27695364743107,4.647480208638658,3.721729966304469,81,Viterbe,367
3476,81324,1994.2499999999973,1920.33333333333,2216.0,10.1983687062758,8.64195449118576,"0,774544966050345","0,777279135927241",122.3804244753096,103.70345389422911,6.136664133148289,5.200123048475831,81,Viviers-lès-Lavaur,271
3477,81325,1846.928571428576,2013.52941176471,1589.45454545455,8.79015177096465,7.8273814581957,"0,685253939522606","0,774109593695887",105.4818212515758,93.9285774983484,5.711201986007881,5.085663785345843,81,Viviers-lès-Montagnes,2042
3478,81326,2197.833333333333,2528.0,2032.75,8.53477200514689,8.30894842149031,"0,835257563973494","0,696499952051808",102.41726406176268,99.70738105788372,4.659919499283961,4.536621569328144,81,Sainte-Croix,433
3479,82001,2097.882352941174,2094.44444444444,2101.75,8.67692667491718,8.30242784577042,"0,779654927722379","0,704436762176199",104.12312009900616,99.62913414924505,4.963248770982243,4.74903342456586,82,Albefeuille-Lagarde,602
3480,82002,2058.590909090909,2110.55769230769,1983.52777777778,9.69764181612132,8.65988960493519,"0,738085430344819","0,729034152770241",116.37170179345586,103.91867525922228,5.652978514553268,5.048048876554772,82,Albias,3326
3481,82003,1712.5,2057.0,1540.25,9.64399656750715,6.77011154769586,"0,767616977574053","0,594360792223279",115.7279588100858,81.24133857235032,6.75783701080793,4.744019770648194,82,Angeville,244
3482,82005,2387.357142857141,2211.83333333333,2703.3,8.99000641817867,8.72377788698896,"0,791909908297138","0,734522047821199",107.88007701814404,104.68533464386752,4.518807642204523,4.384988436149198,82,Aucamville,1574
3483,82007,1894.5,2525.0,1264.0,9.07803319899828,8.65988960493519,"0,788266095242674","0,729034152770241",108.93639838797937,103.91867525922228,5.750139793506433,5.485282410093549,82,Auty,149
3484,82008,1418.2916666666688,1135.26666666667,1890.0,9.00619069227364,7.74112894352746,"0,756696285668236","0,621924233845163",108.07428830728368,92.89354732232952,7.62003266657306,6.549678708939467,82,Auvillar,951
3485,82010,1900.299999999998,2057.33333333333,1664.75,9.00619069227364,7.74112894352746,"0,756696285668236","0,621924233845163",108.07428830728368,92.89354732232952,5.687222454732609,4.888362222929517,82,Bardigues,245
3486,82011,2136.5263157894733,2206.90909090909,2039.75,9.61887840001515,8.30242784577042,"0,797125337986387","0,704436762176199",115.4265408001818,99.62913414924505,5.402533071891055,4.6631362980629065,82,Barry-d'Islemade,950
3487,82012,1948.857142857143,1915.0,2033.5,9.64399656750715,8.30242784577042,"0,767616977574053","0,704436762176199",115.7279588100858,99.62913414924505,5.938247409988276,5.112182517553991,82,Les Barthes,595
3488,82013,1365.1735537190098,1382.57627118644,1348.61290322581,8.85019926992168,7.08242074423177,"0,763475635827309","0,594360792223279",106.20239123906016,84.98904893078125,7.779405845487065,6.225512404576974,82,Beaumont-de-Lomagne,3926
3489,82014,1951.153846153844,1741.33333333333,2423.25,8.99000641817867,8.38446608510491,"0,791909908297138","0,745487060148646",107.88007701814404,100.61359302125892,5.529040020642121,5.156620182441819,82,Beaupuy,281
3490,82016,1772.7272727272757,1807.71428571429,1711.5,7.20315414631668,7.30383769729053,"0,703036039376227","0,741195081587723",86.43784975580016,87.64605236748636,4.875981268275899,4.944136287396659,82,Belvèze,222
3491,82017,2282.1,2303.5,2223.25,8.99000641817867,8.72377788698896,"0,791909908297138","0,734522047821199",107.88007701814404,104.68533464386752,4.727228299292057,4.587236959110798,82,Bessens,1496
3492,82018,2008.852941176472,2188.2,1752.64285714286,9.07803319899828,8.65988960493519,"0,788266095242674","0,729034152770241",108.93639838797937,103.91867525922228,5.42281598394064,5.173035473585387,82,Bioule,1220
3493,82019,1443.5000000000018,1479.27272727273,1364.8,9.35306108583524,7.74112894352746,"0,796723010227529","0,621924233845163",112.23673303002288,92.89354732232952,7.775319226187928,6.435299433483159,82,Boudou,770
3494,82020,2682.7272727272702,3027.28571428571,2079.75,7.02379043712465,6.77011154769586,"0,82466807949796","0,594360792223279",84.2854852454958,81.24133857235032,3.141783590987647,3.0283115021885947,82,Bouillac,587
3495,82021,1647.3333333333333,2112.5,1414.75,7.20315414631668,7.30383769729053,"0,703036039376227","0,741195081587723",86.43784975580016,87.64605236748636,5.247137783638213,5.320480718382417,82,Bouloc-en-Quercy,192
3496,82022,1304.0833333333323,1234.0,1514.33333333333,7.59286164202106,7.21874667887398,"0,698584250520768","0,678890796236658",91.11433970425271,86.62496014648775,6.986849488472321,6.642593914996829,82,Bourg-de-Visa,397
3497,82023,1810.473684210525,1951.81818181818,1616.125,9.00619069227364,8.91086367084049,"0,756696285668236","0,708907241407245",108.07428830728368,106.93036405008588,5.969392941185473,5.906209241407113,82,Bourret,993
3498,82024,1443.2857142857142,1348.2,1681.0,8.30688673773885,7.21874667887398,"0,796777229425104","0,678890796236658",99.6826408528662,86.62496014648775,6.906646401762481,6.001927358461985,82,Brassac,254
3499,82025,2241.779220779221,2155.3,2335.27027027027,9.95419038632951,9.54183749353863,"0,779654927722379","0,7470334438149",119.45028463595412,114.50204992246356,5.328369695318808,5.10764168304958,82,Bressols,3950
3500,82026,1770.9600000000012,1726.6875,1849.66666666667,9.07803319899828,7.80750291031682,"0,788266095242674","0,699178785295812",108.93639838797937,93.69003492380185,6.151262501015229,5.290352968096499,82,Bruniquel,649
3501,82027,2424.3703703703727,2492.46153846154,2361.14285714286,8.99000641817867,8.72377788698896,"0,791909908297138","0,734522047821199",107.88007701814404,104.68533464386752,4.449818325475704,4.3180421573901135,82,Campsas,1496
3502,82028,1959.842105263158,1634.5,2110.0,8.99000641817867,8.72377788698896,"0,791909908297138","0,734522047821199",107.88007701814404,104.68533464386752,5.504528998965375,5.341518807190383,82,Canals,828
3503,82029,2132.583333333336,2210.71428571429,2023.2,7.45242767223032,6.66703697191052,"0,668003573484317","0,608040862538914",89.42913206676384,80.00444366292623,4.193464830609062,3.751527192978444,82,Castanet,278
3504,82030,1306.857142857143,1292.5,1342.75,9.64399656750715,8.30242784577042,"0,767616977574053","0,704436762176199",115.7279588100858,99.62913414924505,8.855440661025368,7.623567326680317,82,Castelferrus,501
3505,82031,1932.4583333333317,2143.0,1683.63636363636,9.64399656750715,6.77011154769586,"0,767616977574053","0,594360792223279",115.7279588100858,81.24133857235032,5.988639279505945,4.2040408929394975,82,Castelmayran,1208
3506,82032,1327.0588235294135,1324.5,1330.71428571429,9.00619069227364,8.44652228357493,"0,756696285668236","0,553184653657483",108.07428830728368,101.35826740289916,8.143895838758066,7.637812703232641,82,Castelsagrat,553
3507,82033,1647.2577319587654,1687.94117647059,1593.41916167665,10.0949906453717,8.55528953192372,"0,767616977574053","0,704436762176199",121.1398877444604,102.66347438308463,7.354033639921795,6.232386856731083,82,Castelsarrasin,14578
3508,82034,1273.2,1705.0,1165.25,7.60999786642195,7.17627706765672,"0,755567788759787","0,673571709204739",91.3199743970634,86.11532481188064,7.172476782678557,6.7636918639554375,82,Castéra-Bouzet,123
3509,82035,1572.4000000000017,1614.18181818182,1457.5,9.00619069227364,7.17627706765672,"0,756696285668236","0,673571709204739",108.07428830728368,86.11532481188064,6.873205819593205,5.4766805400585445,82,Caumont,356
3510,82036,1258.0,1316.5,1141.0,8.60501586515746,6.57681252264759,"0,780622205762717","0,535370145582048",103.26019038188952,78.92175027177109,8.20828222431554,6.273589051810102,82,Le Causé,136
3511,82037,1664.937500000001,1602.57142857143,1729.95744680851,8.99365232854497,9.83222904333968,"0,788266095242674","0,704116289716419",107.92382794253965,117.98674852007616,6.48215491227386,7.086557214314418,82,Caussade,7052
3512,82038,1568.2432432432422,1501.90476190476,1655.3125,7.20315414631668,8.42205800426854,"0,703036039376227","0,704116289716419",86.43784975580016,101.06469605122248,5.511762931434051,6.4444528287724845,82,Caylus,1495
3513,82039,2043.5555555555527,1798.33333333333,2534.0,9.07803319899828,8.65988960493519,"0,788266095242674","0,729034152770241",108.93639838797937,103.91867525922228,5.330728498759328,5.085189633172041,82,Cayrac,584
3514,82040,2292.2,1963.0,2786.0,9.07803319899828,8.42205800426854,"0,788266095242674","0,704116289716419",108.93639838797937,101.06469605122248,4.752482261058344,4.409069716919225,82,Cayriech,286
3515,82041,1185.2222222222222,1151.4,1227.5,8.40137934200414,8.42205800426854,"0,738085430344819","0,704116289716419",100.81655210404966,101.06469605122248,8.506130767192715,8.527067258470069,82,Cazals,242
3516,82042,1596.323529411764,1735.31578947368,1420.26666666667,7.20315414631668,7.30383769729053,"0,703036039376227","0,741195081587723",86.43784975580016,87.64605236748636,5.414807723071777,5.490494298469899,82,Cazes-Mondenard,1241
3517,82043,2144.428571428572,1909.25,2458.0,7.02379043712465,8.91086367084049,"0,82466807949796","0,708907241407245",84.2854852454958,106.93036405008588,3.930440321887087,4.986426942579448,82,Comberouger,269
3518,82044,2104.145454545452,2157.42424242424,2024.22727272727,8.98617021426515,8.70670373182094,"0,800061748552622","0,7470334438149",107.83404257118178,104.48044478185128,5.124837845132556,4.965457333576859,82,Corbarieu,1758
3519,82045,1292.571428571427,1199.75,1416.33333333333,8.67692667491718,8.70670373182094,"0,779654927722379","0,7470334438149",104.12312009900616,104.48044478185128,8.055502218092881,8.08314670062953,82,Cordes-Tolosannes,365
3520,82048,2006.307692307696,2042.29166666667,1975.46428571429,8.96459434099612,8.72377788698896,"0,791909908297138","0,734522047821199",107.57513209195344,104.68533464386752,5.361846166687339,5.217810560425868,82,Dieupentale,1659
3521,82049,1677.058823529413,1662.0,1704.66666666667,7.60999786642195,7.74112894352746,"0,755567788759787","0,621924233845163",91.3199743970634,92.89354732232952,5.445245754998514,5.539075077094355,82,Donzac,1052
3522,82050,1634.3529411764712,1698.95652173913,1499.27272727273,9.85657486058332,7.74112894352746,"0,740877374475561","0,621924233845163",118.27889832699984,92.89354732232952,7.237047478977097,5.68381192225598,82,Dunes,1242
3523,82051,2066.684210526318,1994.46153846154,2223.16666666667,9.00619069227364,7.30383769729053,"0,756696285668236","0,741195081587723",108.07428830728368,87.64605236748636,5.2293566553044215,4.240902016915575,82,Durfort-Lacapelette,905
3524,82052,1801.3333333333337,1700.11111111111,1953.16666666667,8.67692667491718,8.70670373182094,"0,779654927722379","0,7470334438149",104.12312009900616,104.48044478185128,5.780336052868586,5.8001727303026245,82,Escatalens,1240
3525,82054,1243.88888888889,1055.0,1621.66666666667,9.00619069227364,7.74112894352746,"0,756696285668236","0,621924233845163",108.07428830728368,92.89354732232952,8.68841978352436,7.467993978570477,82,Espalais,387
3526,82055,2190.5714285714284,1910.0,2401.0,8.73653523600129,8.91086367084049,"0,763475635827309","0,708907241407245",104.83842283201548,106.93036405008588,4.785893829555944,4.881391341793408,82,Esparsac,264
3527,82056,1564.571428571429,1415.4,1937.5,8.44043608592792,6.3600284242958,"0,809948390588133","0,67082700215942",101.28523303113504,76.32034109154961,6.473672673648149,4.878034949240752,82,Espinas,214
3528,82057,2157.9166666666665,2368.375,1737.0,8.98617021426515,9.27791543530874,"0,800061748552622","0,720803653594823",107.83404257118178,111.33498522370488,4.9971365547564455,5.15937371185348,82,Fabas,711
3529,82058,2159.0,2120.5,2236.0,9.64399656750715,8.91086367084049,"0,767616977574053","0,708907241407245",115.7279588100858,106.93036405008588,5.3602574715185645,4.952772767488924,82,Fajolles,109
3530,82059,1591.6666666666645,1566.85714285714,1678.5,7.02379043712465,8.38446608510491,"0,82466807949796","0,745487060148646",84.2854852454958,100.61359302125892,5.295423156785084,6.321272859974391,82,Faudoas,296
3531,82060,3185.333333333333,2178.0,3689.0,7.59286164202106,7.30383769729053,"0,698584250520768","0,741195081587723",91.11433970425271,87.64605236748636,2.8604334356713914,2.7515504091927485,82,Fauroux,185
3532,82061,1690.5555555555557,1319.0,2155.0,7.45242767223032,6.3600284242958,"0,668003573484317","0,67082700215942",89.42913206676384,76.32034109154961,5.289925656266018,4.514512453657223,82,Féneyrols,170
3533,82062,2059.78125,2077.66666666667,2036.78571428571,9.00619069227364,8.91086367084049,"0,756696285668236","0,708907241407245",108.07428830728368,106.93036405008588,5.2468818379273845,5.191345636828467,82,Finhan,1494
3534,82063,1404.7777777777785,1468.28571428571,1364.36363636364,9.64399656750715,8.91086367084049,"0,767616977574053","0,708907241407245",115.7279588100858,106.93036405008588,8.238168387967823,7.611906006887388,82,Garganvillar,698
3535,82065,1871.916666666665,2046.85714285714,1627.0,9.85657486058332,8.44652228357493,"0,740877374475561","0,553184653657483",118.27889832699984,101.35826740289916,6.318598494965051,5.414678399300144,82,Gasques,416
3536,82066,2098.0,2236.2,1752.5,8.98617021426515,9.27791543530874,"0,800061748552622","0,720803653594823",107.83404257118178,111.33498522370488,5.139849502916196,5.306719982064103,82,Génébrières,650
3537,82068,1615.7499999999975,1818.0,1548.33333333333,7.02379043712465,6.77011154769586,"0,82466807949796","0,594360792223279",84.2854852454958,81.24133857235032,5.216492975119662,5.028088415432489,82,Gimat,236
3538,82069,2157.8888888888887,2117.5,2190.2,7.45242767223032,8.42205800426854,"0,668003573484317","0,704116289716419",89.42913206676384,101.06469605122248,4.144288083007439,4.683498606976996,82,Ginals,197
3539,82072,1466.3500000000004,1570.81818181818,1338.66666666667,9.85657486058332,8.44652228357493,"0,740877374475561","0,553184653657483",118.27889832699984,101.35826740289916,8.066211908957603,6.9122833841101485,82,Golfech,1022
3540,82073,1671.6190476190486,1500.2,2100.16666666667,9.00619069227364,7.74112894352746,"0,756696285668236","0,621924233845163",108.07428830728368,92.89354732232952,6.465246280916578,5.557100312696328,82,Goudourville,991
3541,82074,1664.3333333333333,1743.6,1565.25,7.60999786642195,6.77011154769586,"0,755567788759787","0,594360792223279",91.3199743970634,81.24133857235032,5.486880095958146,4.881314154156839,82,Gramont,137
3542,82075,2259.782608695652,2184.97222222222,2385.04651162791,9.1975586843066,9.0975020289051,"0,791909908297138","0,734522047821199",110.3707042116792,109.1700243468612,4.884129286904517,4.830996748394052,82,Grisolles,4284
3543,82076,1853.464285714288,1549.27272727273,2050.29411764706,9.61887840001515,8.65988960493519,"0,797125337986387","0,729034152770241",115.4265408001818,103.91867525922228,6.227610733578217,5.606726607045149,82,L'Honor-de-Cos,1641
3544,82077,1931.7777777777776,1944.9,1915.375,9.61887840001515,7.30383769729053,"0,797125337986387","0,741195081587723",115.4265408001818,87.64605236748636,5.975145905910711,4.537067015457133,82,Labarthe,402
3545,82079,2119.4603174603185,2166.02564102564,2043.79166666667,9.92639547446682,10.5939770001646,"0,797125337986387","0,708907241407245",119.11674569360184,127.1277240019752,5.620145124318045,5.998117679047103,82,Labastide-Saint-Pierre,3839
3546,82080,1802.666666666668,1793.0,1818.77777777778,9.64399656750715,8.30242784577042,"0,767616977574053","0,704436762176199",115.7279588100858,99.62913414924505,6.419820200263632,5.52676409851581,82,Labastide-du-Temple,1167
3547,82081,1105.8333333333333,1167.5,982.5,9.64399656750715,8.91086367084049,"0,767616977574053","0,708907241407245",115.7279588100858,106.93036405008588,10.4652261169633,9.669663666925626,82,Labourgade,165
3548,82082,2082.4444444444443,1586.8,2702.0,7.20315414631668,6.66703697191052,"0,703036039376227","0,608040862538914",86.43784975580016,80.00444366292623,4.1507877910692645,3.8418524862145778,82,Lacapelle-Livron,212
3549,82084,2318.0999999999976,2036.5,2505.83333333333,7.59286164202106,7.30383769729053,"0,698584250520768","0,741195081587723",91.11433970425271,87.64605236748636,3.930561222736414,3.7809435471932376,82,Lacour,173
3550,82085,1854.0625,1853.0,1857.25,8.67692667491718,8.70670373182094,"0,779654927722379","0,7470334438149",104.12312009900616,104.48044478185128,5.615944451657167,5.635216977952539,82,Lacourt-Saint-Pierre,1283
3551,82086,1439.33333333333,1392.83333333333,1532.33333333333,9.64399656750715,8.91086367084049,"0,767616977574053","0,708907241407245",115.7279588100858,106.93036405008588,8.040386207277864,7.429159151233402,82,Lafitte,238
3552,82087,1841.7931034482745,1857.72727272727,1820.76,9.36005284642702,7.30383769729053,"0,797125337986387","0,741195081587723",112.32063415712425,87.64605236748636,6.098439284349221,4.758734963411043,82,Lafrançaise,2898
3553,82088,1311.4814814814808,1260.93333333333,1374.66666666667,7.45242767223032,6.3600284242958,"0,668003573484317","0,67082700215942",89.42913206676384,76.32034109154961,6.818939750925233,5.819399066568315,82,Laguépie,659
3554,82089,1264.6511627906991,1193.09090909091,1339.61904761905,7.60999786642195,7.74112894352746,"0,755567788759787","0,621924233845163",91.3199743970634,92.89354732232952,7.220961565049137,7.345388993858338,82,Lamagistère,1234
3555,82090,1960.3478260869567,1800.09090909091,2107.25,9.61887840001515,8.70670373182094,"0,797125337986387","0,7470334438149",115.4265408001818,104.48044478185128,5.888064315126378,5.329689119017432,82,Lamothe-Capdeville,1102
3556,82091,2853.5,2407.0,3300.0,7.02379043712465,6.77011154769586,"0,82466807949796","0,594360792223279",84.2854852454958,81.24133857235032,2.9537580250743227,2.8470768730453937,82,Lamothe-Cumont,127
3557,82092,2029.2,1932.0,2175.0,9.07803319899828,8.42205800426854,"0,788266095242674","0,704116289716419",108.93639838797937,101.06469605122248,5.368440685392241,4.980519221921075,82,Lapenche,288
3558,82093,1579.75,1520.0,1878.5,9.00619069227364,6.77011154769586,"0,756696285668236","0,594360792223279",108.07428830728368,81.24133857235032,6.8412273022493215,5.1426705853679575,82,Larrazet,695
3559,82094,1550.274193548389,1641.36666666667,1464.875,7.20315414631668,7.30383769729053,"0,703036039376227","0,741195081587723",86.43784975580016,87.64605236748636,5.5756491410048215,5.65358391000983,82,Lauzerte,1457
3560,82095,2512.5,3304.0,1721.0,9.07803319899828,8.42205800426854,"0,788266095242674","0,704116289716419",108.93639838797937,101.06469605122248,4.335777050267835,4.0224754647252725,82,Lavaurette,227
3561,82096,1871.200000000004,1867.32835820896,1876.60416666667,9.35306108583524,8.81208335272878,"0,796723010227529","0,704436762176199",112.23673303002288,105.74500023274535,5.998115275225664,5.651186416884626,82,La Ville-Dieu-du-Temple,3352
3562,82097,1136.1666666666672,1231.08695652174,824.285714285714,9.00619069227364,6.77011154769586,"0,756696285668236","0,594360792223279",108.07428830728368,81.24133857235032,9.51218614997362,7.150477210416629,82,Lavit,1626
3563,82098,2429.400000000003,2502.61904761905,2348.47368421053,8.98617021426515,9.27791543530874,"0,800061748552622","0,720803653594823",107.83404257118178,111.33498522370488,4.43871089862442,4.582818194768451,82,Léojac,1308
3564,82099,1546.8333333333333,1797.0,1421.75,9.35306108583524,8.30242784577042,"0,796723010227529","0,704436762176199",112.23673303002288,99.62913414924505,7.255903439070545,6.44084478930579,82,Lizac,552
3565,82100,2198.5000000000027,2164.66666666667,2300.0,7.20315414631668,8.42205800426854,"0,703036039376227","0,704116289716419",86.43784975580016,101.06469605122248,3.931673857439165,4.596984127870018,82,Loze,127
3566,82101,1421.0312500000014,1517.25,1260.66666666667,9.00619069227364,7.17627706765672,"0,756696285668236","0,673571709204739",108.07428830728368,86.11532481188064,7.605342127928823,6.060058483012288,82,Malause,1264
3567,82102,1035.999999999997,1107.83333333333,605.0,7.60999786642195,7.17627706765672,"0,755567788759787","0,673571709204739",91.3199743970634,86.11532481188064,8.814669343345914,8.312290039756842,82,Mansonville,314
3568,82104,1425.800000000002,1505.66666666667,1306.0,7.60999786642195,6.57681252264759,"0,755567788759787","0,535370145582048",91.3199743970634,78.92175027177109,6.4048235655115215,5.535260925218893,82,Marsac,190
3569,82105,1481.2941176470597,1522.8125,1444.38888888889,9.00619069227364,8.91086367084049,"0,756696285668236","0,708907241407245",108.07428830728368,106.93036405008588,7.295937182208806,7.218712528200536,82,Mas-Grenier,1329
3570,82106,2029.0,2293.0,1765.0,7.02379043712465,6.57681252264759,"0,82466807949796","0,535370145582048",84.2854852454958,78.92175027177109,4.154040672523204,3.889687051344065,82,Maubec,155
3571,82108,1955.0750000000023,1938.77777777778,1988.92307692308,9.35306108583524,8.30242784577042,"0,796723010227529","0,704436762176199",112.23673303002288,99.62913414924505,5.740789127272495,5.095923898021556,82,Meauzac,1499
3572,82109,1483.0,2281.0,1084.0,9.00619069227364,7.74112894352746,"0,756696285668236","0,621924233845163",108.07428830728368,92.89354732232952,7.287544727396066,6.263893952955463,82,Merles,207
3573,82110,1700.6000000000022,1682.16666666667,1728.25,7.20315414631668,8.65988960493519,"0,703036039376227","0,729034152770241",86.43784975580016,103.91867525922228,5.082785473115374,6.110706530590507,82,Mirabel,1055
3574,82111,1046.900000000002,1017.25,1066.66666666667,7.59286164202106,7.21874667887398,"0,698584250520768","0,678890796236658",91.11433970425271,86.62496014648775,8.703251476191857,8.274425460549011,82,Miramont-de-Quercy,315
3575,82112,1509.4174174174188,1511.78804347826,1506.48993288591,9.3205838288365,8.00718795366698,"0,796723010227529","0,673571709204739",111.847005946038,96.08625544400375,7.409945364046869,6.365784198277327,82,Moissac,13928
3576,82113,1933.9333333333373,1941.23529411765,1924.38461538462,7.20315414631668,8.65988960493519,"0,703036039376227","0,729034152770241",86.43784975580016,103.91867525922228,4.469536165800268,5.373436274564209,82,Molières,1286
3577,82114,2057.7692307692314,1794.25,2174.88888888889,8.99000641817867,8.72377788698896,"0,791909908297138","0,734522047821199",107.88007701814404,104.68533464386752,5.242574113998998,5.087321409929637,82,Monbéqui,662
3578,82115,1739.617283950618,1771.22448979592,1691.21875,8.40137934200414,7.80750291031682,"0,738085430344819","0,699178785295812",100.81655210404966,93.69003492380185,5.795329411484021,5.385669353148447,82,Monclar-de-Quercy,2078
3579,82116,3624.2,3878.0,3243.5,7.59286164202106,7.30383769729053,"0,698584250520768","0,741195081587723",91.11433970425271,87.64605236748636,2.514053852001896,2.4183558403919863,82,Montagudet,201
3580,82117,1809.8070175438584,1719.48275862069,1903.35714285714,7.59286164202106,7.30383769729053,"0,698584250520768","0,741195081587723",91.11433970425271,87.64605236748636,5.034478196902266,4.842839679472199,82,Montaigu-de-Quercy,1311
3581,82119,1564.9375000000005,1558.09090909091,1580.0,9.07803319899828,8.65988960493519,"0,788266095242674","0,729034152770241",108.93639838797937,103.91867525922228,6.961070227276127,6.640436136217725,82,Montalzat,671
3582,82120,1783.9999999999973,2193.33333333333,556.0,8.67692667491718,8.70670373182094,"0,779654927722379","0,7470334438149",104.12312009900616,104.48044478185128,5.836497763397215,5.856527173870597,82,Montastruc,301
3583,82121,2186.66614583333,2196.54504094631,2173.44214372716,10.5270713904391,9.59586213098533,"0,797125337986387","0,7470334438149",126.3248566852692,115.15034557182396,5.777052748814898,5.266023155443356,82,Montauban,64048
3584,82122,1755.6666666666667,1496.0,1885.5,7.59286164202106,7.21874667887398,"0,698584250520768","0,678890796236658",91.11433970425271,86.62496014648775,5.189728861073821,4.93402089309784,82,Montbarla,161
3585,82123,2159.0714285714325,2123.27586206897,2238.92307692308,9.00619069227364,8.91086367084049,"0,756696285668236","0,708907241407245",108.07428830728368,106.93036405008588,5.005591147986795,4.952608914881395,82,Montbartier,1746
3586,82124,2080.048780487806,2026.13888888889,2156.1568627451,9.63739099412657,9.24987452235543,"0,779654927722379","0,7470334438149",115.64869192951883,110.99849426826516,5.559902874123812,5.336340921881368,82,Montbeton,4422
3587,82125,2107.7718120805403,2136.33720930233,2068.77777777778,9.41217195021156,10.7249462741964,"0,779654927722379","0,708907241407245",112.94606340253873,128.6993552903568,5.358552702678564,6.10594346848771,82,Montech,6804
3588,82126,2129.4166666666656,2152.0,2102.72727272727,9.07803319899828,7.00359414846702,"0,788266095242674","0,643099276269693",108.93639838797937,84.04312978160424,5.115785937681498,3.9467677273872006,82,Monteils,1457
3589,82127,1771.1666666666652,1962.33333333333,1580.0,9.00619069227364,7.21874667887398,"0,756696285668236","0,678890796236658",108.07428830728368,86.62496014648775,6.101870046520208,4.890841826281425,82,Montesquieu,767
3590,82130,2064.1666666666647,1525.0,2603.33333333333,8.30688673773885,8.44652228357493,"0,796777229425104","0,553184653657483",99.6826408528662,101.35826740289916,4.829195358233329,4.910372260132383,82,Montjoi,172
3591,82131,1608.927536231883,1615.73333333333,1596.16666666667,7.20315414631668,8.65988960493519,"0,703036039376227","0,729034152770241",86.43784975580016,103.91867525922228,5.37238923502037,6.458878533622488,82,Montpezat-de-Quercy,1637
3592,82132,1756.673076923077,1754.5652173913,1758.34482758621,9.07803319899828,7.00359414846702,"0,788266095242674","0,643099276269693",108.93639838797937,84.04312978160424,6.201290372070159,4.784221428884825,82,Montricoux,1203
3593,82133,1500.0,1000.0,2000.0,7.20315414631668,7.9553232307563,"0,703036039376227","0,746485158322945",86.43784975580016,95.4638787690756,5.762523317053344,6.36425858460504,82,Mouillac,92
3594,82134,1878.9568345323744,1870.55128205128,1889.70491803279,9.37246255125126,8.21743971680199,"0,738085430344819","0,699178785295812",112.46955061501512,98.60927660162388,5.985744246381584,5.248086320522914,82,Nègrepelisse,5943
3595,82135,2542.7037037037026,2610.7,2502.70588235294,8.98617021426515,9.27791543530874,"0,800061748552622","0,720803653594823",107.83404257118178,111.33498522370488,4.240920497897993,4.378606326074656,82,Nohic,1400
3596,82136,2417.2702702702663,2244.04545454545,2671.33333333333,9.61887840001515,8.70670373182094,"0,797125337986387","0,7470334438149",115.4265408001818,104.48044478185128,4.775077996854543,4.322249194343076,82,Orgueil,1743
3597,82137,1488.0000000000005,1245.0,1656.23076923077,7.20315414631668,8.42205800426854,"0,703036039376227","0,704116289716419",86.43784975580016,101.06469605122248,5.808995279287643,6.7919822615068846,82,Parisot,571
3598,82138,1733.6666666666704,1343.66666666667,2123.66666666667,9.00619069227364,7.69346973764039,"0,756696285668236","0,733373482250655",108.07428830728368,92.32163685168469,6.233856276136326,5.325224198328272,82,Perville,174
3599,82139,1008.3333333333334,835.0,1095.0,9.00619069227364,7.74112894352746,"0,756696285668236","0,621924233845163",108.07428830728368,92.89354732232952,10.71811123708598,9.212583205520282,82,Le Pin,117
3600,82140,1741.9999999999975,1522.0,1815.33333333333,8.67692667491718,8.70670373182094,"0,779654927722379","0,7470334438149",104.12312009900616,104.48044478185128,5.977216997646745,5.997729321575858,82,Piquecos,470
3601,82141,1536.6842105263158,1369.0,1687.6,9.00619069227364,7.74112894352746,"0,756696285668236","0,621924233845163",108.07428830728368,92.89354732232952,7.032953652219027,6.045064215927187,82,Pommevic,589
3602,82142,2227.7619047619028,2109.65517241379,2491.23076923077,9.73850195087924,9.43243530388364,"0,795187582798101","0,785140499344576",116.86202341055088,113.18922364660368,5.245714237269031,5.080849232795416,82,Pompignan,1839
3603,82143,1438.5,750.0,2127.0,7.60999786642195,6.77011154769586,"0,755567788759787","0,594360792223279",91.3199743970634,81.24133857235032,6.3482776779328045,5.647642584104992,82,Poupas,88
3604,82144,2207.33333333333,2149.33333333333,2265.33333333333,9.61887840001515,8.70670373182094,"0,797125337986387","0,7470334438149",115.4265408001818,104.48044478185128,5.229230178202144,4.733333348619063,82,Puycornet,781
3605,82145,1946.0,1399.0,2356.25,8.40137934200414,7.80750291031682,"0,738085430344819","0,699178785295812",100.81655210404966,93.69003492380185,5.180706685716838,4.814493058777073,82,Puygaillard-de-Quercy,386
3606,82147,1874.4545454545437,1743.33333333333,2031.8,8.61296086069322,6.66703697191052,"0,822254901241355","0,608040862538914",103.35553032831864,80.00444366292623,5.513898994187431,4.268145304293077,82,Puylagarde,349
3607,82148,1344.906249999999,1467.47619047619,1110.90909090909,7.20315414631668,8.42205800426854,"0,703036039376227","0,704116289716419",86.43784975580016,101.06469605122248,6.427053912181626,7.514627584727376,82,Puylaroque,708
3608,82149,1777.3389830508502,1712.61363636364,1967.2,8.35815433547172,8.65988960493519,"0,703036039376227","0,729034152770241",100.29785202566065,103.91867525922228,5.643147029470804,5.8468686193358055,82,Réalville,1901
3609,82150,2020.6875,2110.375,1931.0,8.98617021426515,9.27791543530874,"0,800061748552622","0,720803653594823",107.83404257118178,111.33498522370488,5.336502678973457,5.509757704924927,82,Reyniès,901
3610,82151,1654.642857142855,1496.42857142857,1812.85714285714,8.30688673773885,7.58760793113095,"0,796777229425104","0,719670132771627",99.6826408528662,91.0512951735714,6.024420340773273,5.502776310943238,82,Roquecor,407
3611,82152,1413.9230769230746,1411.42857142857,1416.83333333333,9.64399656750715,8.30242784577042,"0,767616977574053","0,704436762176199",115.7279588100858,99.62913414924505,8.184883654486251,7.046290974050312,82,Saint-Aignan,414
3612,82153,1506.0,1701.75,723.0,8.30688673773885,7.21874667887398,"0,796777229425104","0,678890796236658",99.6826408528662,86.62496014648775,6.619033257162431,5.751989385556956,82,Saint-Amans-du-Pech,237
3613,82154,1946.8571428571413,2024.33333333333,1888.75,9.00619069227364,7.21874667887398,"0,756696285668236","0,678890796236658",108.07428830728368,86.62496014648775,5.55121821361158,4.449476966725967,82,Saint-Amans-de-Pellagal,219
3614,82155,2284.980000000002,2120.29166666667,2437.0,8.44043608592792,8.42205800426854,"0,809948390588133","0,704116289716419",101.28523303113504,101.06469605122248,4.432652934867481,4.423001341421911,82,Saint-Antonin-Noble-Val,1984
3615,82156,1176.5,703.0,1650.0,9.00619069227364,6.77011154769586,"0,756696285668236","0,594360792223279",108.07428830728368,81.24133857235032,9.18608485399776,6.905341145121149,82,Saint-Arroumex,150
3616,82158,1834.6249999999973,2000.83333333333,1336.0,7.60999786642195,7.74112894352746,"0,755567788759787","0,621924233845163",91.3199743970634,92.89354732232952,4.97758257938617,5.063353400413145,82,Saint-Cirice,152
3617,82159,1864.599999999999,2139.0,1224.33333333333,9.07803319899828,7.00359414846702,"0,788266095242674","0,643099276269693",108.93639838797937,84.04312978160424,5.842346797596237,4.5073007498447,82,Saint-Cirq,587
3618,82160,2005.25,2166.5,1844.0,9.00619069227364,8.44652228357493,"0,756696285668236","0,553184653657483",108.07428830728368,101.35826740289916,5.3895668025076,5.05464492721103,82,Saint-Clair,266
3619,82161,2095.392405063288,2016.84444444444,2199.35294117647,9.28593547372505,8.64018151179479,"0,800061748552622","0,699178785295812",111.4312256847006,103.68217814153748,5.317916845333559,4.948103175853876,82,Saint-Étienne-de-Tulmont,4130
3620,82162,1798.6666666666667,1800.5,1795.0,9.07803319899828,8.42205800426854,"0,788266095242674","0,704116289716419",108.93639838797937,101.06469605122248,6.05650843521012,5.618867460223636,82,Saint-Georges,276
3621,82164,2353.6,2295.25,2587.0,7.59286164202106,7.30383769729053,"0,698584250520768","0,741195081587723",91.11433970425271,87.64605236748636,3.871275480296258,3.723914529549896,82,Sainte-Juliette,129
3622,82165,1676.1000000000022,1547.0,1762.16666666667,9.00619069227364,8.44652228357493,"0,756696285668236","0,553184653657483",108.07428830728368,101.35826740289916,6.447961834454001,6.04726850443882,82,Saint-Loup,542
3623,82166,2242.800000000002,1557.5,2699.66666666667,7.60999786642195,7.17627706765672,"0,755567788759787","0,673571709204739",91.3199743970634,86.11532481188064,4.071694952606711,3.839634600137354,82,Saint-Michel,280
3624,82167,2369.82142857143,2335.5,2495.66666666667,8.98617021426515,9.27791543530874,"0,800061748552622","0,720803653594823",107.83404257118178,111.33498522370488,4.55030245195251,4.698032682184817,82,Saint-Nauphary,1973
3625,82168,1067.875,1057.5,1099.0,7.59286164202106,7.21874667887398,"0,698584250520768","0,678890796236658",91.11433970425271,86.62496014648775,8.532303846822215,8.11190075116355,82,Saint-Nazaire-de-Valentane,314
3626,82169,1543.261904761904,1666.375,1379.11111111111,9.00619069227364,7.17627706765672,"0,756696285668236","0,673571709204739",108.07428830728368,86.11532481188064,7.002977781918194,5.580084919232591,82,Saint-Nicolas-de-la-Grave,2315
3627,82170,1826.6249999999984,1981.6,1568.33333333333,9.35306108583524,7.17627706765672,"0,796723010227529","0,673571709204739",112.23673303002288,86.11532481188064,6.144486855814574,4.714450136830532,82,Saint-Paul-d'Espis,578
3628,82171,2013.1935483870984,2151.61904761905,1722.5,9.35306108583524,8.30242784577042,"0,796723010227529","0,704436762176199",112.23673303002288,99.62913414924505,5.575059244549194,4.94881052192247,82,Saint-Porquier,1366
3629,82172,1933.8125,2256.0,1740.5,7.20315414631668,8.42205800426854,"0,703036039376227","0,704116289716419",86.43784975580016,101.06469605122248,4.469815442593331,5.226188994601207,82,Saint-Projet,297
3630,82173,1527.1081081081095,1562.5,1443.45454545455,7.02379043712465,6.77011154769586,"0,82466807949796","0,594360792223279",84.2854852454958,81.24133857235032,5.519287390197586,5.319946776590551,82,Saint-Sardos,1146
3631,82174,3820.0,2362.5,6735.0,9.07803319899828,8.42205800426854,"0,788266095242674","0,704116289716419",108.93639838797937,101.06469605122248,2.851738177695795,2.6456726714979704,82,Saint-Vincent-d'Autéjac,292
3632,82176,2384.222222222222,2622.25,2193.8,8.16907383173017,9.27791543530874,"0,831816477648791","0,720803653594823",98.02888598076204,111.33498522370488,4.111566659646092,4.669656384627383,82,La Salvetat-Belmontet,981
3633,82177,1627.0,1190.5,2500.0,7.59286164202106,7.30383769729053,"0,698584250520768","0,741195081587723",91.11433970425271,87.64605236748636,5.600143804809632,5.386973101873777,82,Sauveterre,154
3634,82178,2225.8571428571427,2510.5,2012.375,8.99000641817867,8.72377788698896,"0,791909908297138","0,734522047821199",107.88007701814404,104.68533464386752,4.84667568915351,4.703147054149751,82,Savenès,844
3635,82179,1956.333333333332,1721.10526315789,2219.23529411765,8.59929411105374,8.42205800426854,"0,788266095242674","0,704116289716419",103.19152933264488,101.06469605122248,5.2747416595320304,5.166026378491525,82,Septfonds,2298
3636,82180,1282.0,1438.6,1125.4,9.00619069227364,8.91086367084049,"0,756696285668236","0,708907241407245",108.07428830728368,106.93036405008588,8.430131693235856,8.340902031987977,82,Sérignac,529
3637,82181,1436.0,1739.5,829.0,9.85657486058332,7.74112894352746,"0,740877374475561","0,621924233845163",118.27889832699984,92.89354732232952,8.236692084052914,6.468909980663616,82,Sistels,212
3638,82182,1524.4444444444443,2043.0,1109.6,7.59286164202106,7.30383769729053,"0,698584250520768","0,741195081587723",91.11433970425271,87.64605236748636,5.976888173019494,5.749376613027531,82,Touffailles,340
3639,82184,1745.2857142857158,1875.8,1672.77777777778,9.07803319899828,7.80750291031682,"0,788266095242674","0,699178785295812",108.93639838797937,93.69003492380185,6.24175156516211,5.368177494201623,82,Vaïssac,970
3640,82185,1609.1666666666667,1451.75,1924.0,7.59286164202106,7.58760793113095,"0,698584250520768","0,719670132771627",91.11433970425271,91.0512951735714,5.66220650673761,5.658288669512464,82,Valeilles,246
3641,82186,1457.9517241379274,1502.3164556962,1404.84848484848,9.23407059974464,8.21497676790158,"0,740877374475561","0,553184653657483",110.80884719693567,98.57972121481896,7.600309760767688,6.761521632213727,82,Valence,5435
3642,82187,1629.826923076923,1592.0,1662.25,7.45242767223032,6.3600284242958,"0,668003573484317","0,67082700215942",89.42913206676384,76.32034109154961,5.487032445011528,4.6827267368651455,82,Varen,657
3643,82188,2355.1428571428573,2168.5,2604.0,8.98617021426515,9.27791543530874,"0,800061748552622","0,720803653594823",107.83404257118178,111.33498522370488,4.578662489374453,4.727313457272438,82,Varennes,653
3644,82189,1625.789473684209,1710.8,1531.33333333333,7.20315414631668,7.30383769729053,"0,703036039376227","0,741195081587723",86.43784975580016,87.64605236748636,5.316669295436078,5.390984121017294,82,Vazerac,779
3645,82190,2008.0437500000005,1919.95402298851,2113.02739726027,9.51965846556058,8.69450941501425,"0,82466807949796","0,734522047821199",114.23590158672695,104.334112980171,5.688914974423588,5.195808755669342,82,Verdun-sur-Garonne,4999
3646,82191,1585.1818181818196,1583.46666666667,1588.85714285714,7.45242767223032,6.3600284242958,"0,668003573484317","0,67082700215942",89.42913206676384,76.32034109154961,5.641569379677705,4.814611183156764,82,Verfeil,409
3647,82194,1961.8181818181808,1848.75,2263.33333333333,8.16907383173017,9.27791543530874,"0,831816477648791","0,720803653594823",98.02888598076204,111.33498522370488,4.996838488361367,5.675091925212022,82,Villebrumier,1383
3648,82195,2099.8,2785.0,1928.5,8.67692667491718,8.70670373182094,"0,779654927722379","0,7470334438149",104.12312009900616,104.48044478185128,4.958716072911999,4.975733154674316,82,Villemade,834
