INSEE_COM;PrixMoyen_M2_2223;Prixm2Moyen_2022;Prixm2Moyen_2023;loyer_apparts;loyer_maisons;Rendement_locatif_apparts;Rendement_locatif_maisons
09001;1190.0;1214.5;1092.0;8.09;8.11;8.16;8.18
09002;1850.62;1893.75;1781.6;7.84;6.55;5.08;4.25
09003;1241.36;1156.29;1326.43;8.83;6.55;8.54;6.33
09004;860.0;1093.0;510.5;8.83;7.35;12.32;10.25
09005;1545.08;1385.2;1659.29;7.75;6.81;6.02;5.29
09008;2235.0;1800.5;2483.29;7.75;6.81;4.16;3.66
09009;1323.5;1431.75;1107.0;8.55;6.63;7.75;6.01
09011;1554.0;1150.0;2362.0;8.0;7.25;6.18;5.59
09014;2199.57;1834.33;2473.5;8.0;6.81;4.36;3.71
09015;1593.62;1503.75;1863.25;8.55;7.68;6.44;5.78
09016;1350.86;1479.2;1030.0;8.55;6.54;7.59;5.81
09017;1162.5;1147.67;1207.0;8.0;6.81;8.26;7.03
09018;1410.2;1452.0;1382.33;8.0;6.81;6.81;5.79
09019;1804.9;2404.1;1205.7;8.09;6.63;5.38;4.41
09022;1430.67;1295.0;1498.5;9.63;7.65;8.08;6.42
09023;1814.38;2056.0;1572.75;8.41;6.08;5.56;4.02
09024;1574.14;1554.33;1589.0;8.57;7.35;6.53;5.6
09025;1802.8;1743.67;1891.5;8.0;7.25;5.33;4.82
09026;1634.29;1855.5;1339.33;7.75;6.81;5.69;5.0
09027;1906.83;1252.67;2561.0;8.65;6.81;5.44;4.28
09029;1116.29;1103.19;1142.5;7.75;6.81;8.33;7.32
09030;1032.52;966.87;1196.67;7.75;7.35;9.01;8.54
09032;2532.45;2515.94;2551.06;9.5;7.35;4.5;3.48
09033;1268.67;1330.0;1238.0;8.24;7.04;7.79;6.66
09035;1112.71;1197.67;1049.0;8.0;6.81;8.63;7.34
09038;1451.0;1729.75;1228.0;8.09;7.04;6.69;5.82
09039;1546.17;1922.75;793.0;7.84;6.88;6.09;5.34
09040;1797.75;1937.8;1564.33;8.32;6.88;5.56;4.59
09041;1378.57;1326.0;1431.14;8.24;7.25;7.17;6.31
09042;1390.56;1273.62;1517.25;8.09;6.63;6.98;5.72
09043;1393.16;1488.43;1337.58;7.84;6.55;6.75;5.64
09044;1987.75;2282.33;1104.0;8.09;7.65;4.89;4.62
09045;1656.25;1822.0;1380.0;8.55;6.54;6.19;4.73
09046;1554.0;1125.0;1983.0;8.24;7.25;6.36;5.59
09047;1332.15;1259.16;1411.48;7.84;6.55;7.06;5.9
09049;1429.5;1215.67;2071.0;8.09;8.11;6.79;6.81
09050;1857.83;1321.0;1965.2;9.63;8.11;6.22;5.24
09051;1092.0;1459.0;725.0;8.83;7.72;9.7;8.49
09052;892.0;852.5;971.0;7.84;6.88;10.55;9.25
09054;1542.64;1459.25;1765.0;8.24;7.04;6.41;5.48
09055;1860.33;1966.75;1647.5;7.75;6.81;5.0;4.39
09056;2312.0;2594.4;900.0;9.4;7.65;4.88;3.97
09057;2009.41;1937.13;2086.86;7.75;6.81;4.63;4.07
09058;1970.78;1819.0;2046.67;8.55;6.54;5.2;3.98
09059;1346.64;1501.0;1218.0;7.75;6.81;6.9;6.07
09060;1484.9;1543.29;1436.82;9.4;7.65;7.6;6.19
09061;867.5;798.0;950.9;8.09;6.63;11.19;9.17
09062;1553.42;1525.5;1601.29;7.75;6.81;5.99;5.26
09063;1131.0;1350.0;912.0;7.75;6.63;8.22;7.03
09065;1925.58;1926.92;1924.0;8.09;6.63;5.04;4.13
09066;1627.0;1477.0;1852.0;8.55;6.54;6.3;4.82
09067;1476.43;1360.6;1766.0;9.4;7.59;7.64;6.17
09070;1441.19;1323.0;1512.1;8.57;7.35;7.13;6.12
09071;1542.0;1626.0;1290.0;8.55;8.11;6.65;6.31
09074;1962.9;2529.6;1396.2;7.84;6.55;4.79;4.01
09075;1918.67;2026.5;1864.75;8.09;7.04;5.06;4.4
09076;1292.67;880.25;2117.5;9.4;6.63;8.73;6.15
09077;1271.1;1240.88;1392.0;8.41;7.68;7.94;7.25
09078;1441.0;1549.6;1169.5;8.57;6.08;7.13;5.06
09079;1768.71;1624.4;1899.91;8.09;7.59;5.49;5.15
09080;1868.0;1363.6;2708.67;8.83;6.55;5.67;4.21
09081;1546.0;1740.0;1449.0;8.28;7.65;6.42;5.94
09082;1852.17;1679.25;2040.82;8.09;6.63;5.24;4.29
09083;1152.0;1364.5;727.0;8.28;7.59;8.62;7.91
09084;1813.0;2314.0;811.0;9.4;7.59;6.22;5.02
09085;1275.08;1128.44;1605.0;7.75;6.81;7.29;6.41
09086;1267.67;1511.33;780.33;8.0;6.81;7.57;6.44
09087;1247.25;927.5;1567.0;8.57;7.35;8.24;7.07
09089;1730.33;1840.0;1511.0;7.84;6.88;5.44;4.77
09091;920.5;781.5;1059.5;8.24;6.81;10.74;8.88
09092;2004.5;2395.0;1614.0;8.83;6.54;5.29;3.91
09093;1008.67;1179.5;667.0;8.83;6.54;10.51;7.77
09094;1940.82;1452.4;2347.83;8.09;7.04;5.0;4.35
09095;1711.71;1785.33;1656.5;8.0;6.81;5.61;4.77
09097;959.67;1123.0;878.0;8.0;6.63;10.0;8.29
09099;1963.14;2100.0;1860.5;9.63;8.11;5.89;4.96
09100;997.23;1058.5;874.7;7.75;6.81;9.32;8.19
09101;1479.71;1280.67;1629.0;9.63;8.11;7.81;6.58
09103;2126.75;2086.58;2247.25;9.63;8.11;5.43;4.58
09104;1781.15;1536.67;1990.71;9.63;8.11;6.49;5.46
09105;1431.78;1405.25;1463.22;8.09;7.04;6.78;5.9
09106;1252.0;1708.25;795.75;8.83;6.55;8.46;6.28
09107;1319.05;1137.73;1518.5;7.84;6.55;7.13;5.96
09108;1026.22;1136.14;641.5;8.09;6.63;9.46;7.75
09110;1391.25;944.0;2733.0;8.0;6.81;6.9;5.87
09111;2448.83;3156.33;1741.33;7.75;6.81;3.8;3.34
09113;2143.04;1931.77;2417.7;7.75;6.81;4.34;3.81
09114;2009.86;1822.33;2150.5;7.75;6.81;4.63;4.06
09116;1037.8;1001.5;1183.0;9.4;6.63;10.87;7.66
09118;2271.0;3625.0;917.0;8.09;6.63;4.28;3.5
09119;1598.3;1890.5;1403.5;7.75;6.81;5.82;5.11
09120;2130.3;2244.89;1099.0;8.09;7.04;4.56;3.97
09121;2077.09;2175.08;1970.18;8.55;6.54;4.94;3.78
09122;1615.88;1582.92;1648.85;8.98;7.44;6.67;5.52
09124;1650.35;1722.55;1544.47;8.09;7.59;5.88;5.52
09125;1426.15;1368.79;1562.38;8.83;7.72;7.43;6.5
09127;3108.0;3641.0;2841.5;8.28;6.63;3.2;2.56
09128;2114.75;1682.67;2374.0;8.0;6.81;4.54;3.86
09129;1638.42;1068.0;2045.86;8.65;7.25;6.33;5.31
09130;1391.8;1426.69;1329.78;8.55;6.54;7.37;5.63
09131;1663.5;1310.0;1781.33;8.41;7.35;6.07;5.3
09132;2016.17;2018.25;2012.0;8.28;7.65;4.93;4.56
09134;2315.67;3688.0;1629.5;8.41;7.35;4.36;3.81
09136;1675.0;1353.0;1836.0;8.41;7.68;6.02;5.5
09137;2921.0;2203.0;3639.0;8.83;7.65;3.63;3.14
09138;1945.4;2145.14;1479.33;9.63;7.65;5.94;4.72
09139;1899.0;2370.0;1781.25;8.57;7.35;5.41;4.64
09140;2780.8;2941.67;2539.5;8.41;7.35;3.63;3.17
09141;1623.0;1584.67;1738.0;8.0;7.25;5.91;5.36
09142;1440.5;1189.0;1692.0;8.83;6.54;7.36;5.44
09143;1463.71;1250.5;2743.0;8.55;7.35;7.01;6.02
09145;1819.33;2818.0;1619.6;9.63;7.65;6.35;5.05
09147;1896.43;1470.0;2216.25;9.4;7.96;5.95;5.04
09148;1418.75;500.0;1725.0;8.24;7.25;6.97;6.13
09149;1188.75;979.73;1648.6;7.75;6.81;7.82;6.87
09150;1879.36;1777.0;2002.2;7.84;6.55;5.01;4.18
09151;1612.33;2037.0;1400.0;8.28;7.59;6.16;5.65
09152;1645.4;1974.0;1563.25;8.55;7.68;6.23;5.6
09157;1253.15;1272.21;1235.94;7.65;6.55;7.32;6.27
09158;1872.88;1679.25;2045.0;8.09;7.25;5.18;4.64
09159;1468.25;1571.0;1365.5;8.57;7.35;7.0;6.0
09160;1147.31;1217.79;1068.12;8.26;6.49;8.64;6.78
09161;1408.62;1293.54;1684.8;7.84;6.55;6.68;5.58
09164;1150.53;1252.6;946.4;8.0;6.81;8.34;7.1
09165;1495.67;2014.25;1080.8;7.84;6.55;6.29;5.26
09166;2514.33;1759.0;4025.0;8.55;6.54;4.08;3.12
09167;1949.59;1992.56;1898.67;9.4;7.96;5.79;4.9
09168;1355.8;1380.43;1298.33;8.83;6.55;7.82;5.8
09169;827.33;752.0;978.0;8.83;6.55;12.81;9.5
09170;1392.56;1512.6;1242.5;9.4;7.96;8.1;6.86
09173;1827.0;1847.0;1797.0;9.63;7.65;6.33;5.03
09174;2005.33;1691.67;2162.17;9.63;8.11;5.76;4.85
09175;1745.0;1368.0;1933.5;9.63;6.88;6.62;4.73
09176;1612.59;1537.0;1751.17;8.57;7.35;6.38;5.47
09177;1467.56;1592.5;1367.6;8.28;6.63;6.77;5.42
09178;1319.5;1221.0;1418.0;8.32;6.88;7.57;6.26
09179;1361.67;859.0;1613.0;9.63;7.65;8.49;6.75
09180;1496.71;1605.6;1224.5;8.32;6.88;6.67;5.52
09181;1302.91;1292.73;1325.3;8.09;7.25;7.45;6.67
09182;1575.0;1705.38;1444.62;7.75;6.81;5.9;5.19
09183;1104.75;1344.0;865.5;8.24;7.25;8.95;7.87
09185;1728.41;1680.23;1781.05;8.76;7.62;6.08;5.29
09186;1177.0;632.0;2267.0;9.4;7.59;9.58;7.74
09187;2128.4;1909.5;2274.33;8.24;7.25;4.65;4.08
09188;1411.43;1294.11;1535.65;8.55;7.68;7.27;6.53
09192;1485.38;1201.25;1769.5;8.41;7.68;6.79;6.2
09194;1977.25;1960.52;1992.26;8.76;7.62;5.31;4.63
09197;2683.25;1976.67;4803.0;8.57;7.35;3.83;3.29
09198;1609.11;1588.4;1635.0;8.09;7.25;6.03;5.4
09199;1240.65;1315.6;1015.8;8.32;7.65;8.05;7.4
09200;2598.0;1181.33;3448.0;8.71;6.88;4.02;3.18
09202;1697.83;1890.25;1313.0;8.28;6.63;5.85;4.68
09203;1476.25;1744.0;673.0;8.55;8.11;6.95;6.59
09204;1441.5;1071.0;1812.0;8.09;7.25;6.74;6.03
09205;873.5;644.0;1562.0;8.24;7.04;11.32;9.67
09206;1836.14;1881.21;1773.61;8.83;6.54;5.77;4.27
09207;1831.12;1860.62;1779.5;8.55;6.54;5.6;4.28
09209;1516.5;1439.5;1644.83;8.0;6.81;6.33;5.39
09210;1719.94;1532.25;1907.62;8.55;6.54;5.96;4.56
09211;1287.0;703.0;1403.8;8.83;7.72;8.23;7.2
09212;1529.6;1581.0;1495.33;8.0;6.63;6.28;5.2
09213;1262.2;1249.67;1281.0;7.84;6.55;7.45;6.23
09214;1913.76;1769.3;2098.33;8.0;6.81;5.02;4.27
09217;1265.78;1159.5;1350.8;8.41;7.68;7.97;7.28
09219;1336.08;1199.67;1745.33;8.65;6.81;7.77;6.11
09220;1476.5;1504.0;1449.0;8.57;7.35;6.96;5.97
09222;1806.0;1569.0;2280.0;8.55;7.35;5.68;4.88
09223;1461.7;1615.4;1308.0;7.75;6.81;6.36;5.59
09224;1450.06;1695.83;1316.0;8.28;6.63;6.85;5.48
09225;1601.01;1557.06;1655.33;8.2;8.31;6.14;6.23
09227;1376.0;1566.0;1186.0;8.55;6.54;7.45;5.7
09228;1661.0;1610.17;1762.67;8.57;7.35;6.19;5.31
09229;1408.71;1487.25;937.5;7.84;6.55;6.68;5.58
09230;947.8;1087.0;855.0;8.57;6.08;10.85;7.7
09231;1892.69;1658.32;2425.36;7.75;6.81;4.91;4.32
09232;1088.62;1421.33;889.0;8.57;6.08;9.44;6.7
09235;1549.92;1191.25;1881.0;8.0;7.25;6.19;5.61
09236;1270.83;534.5;1639.0;8.55;6.54;8.07;6.17
09237;1493.67;1089.5;2302.0;8.57;6.08;6.88;4.88
09238;1521.86;1382.6;1870.0;9.63;7.65;7.6;6.04
09239;1893.82;2051.5;1704.6;8.0;6.55;5.07;4.15
09240;1039.67;947.67;1223.67;8.55;7.68;9.87;8.86
09241;1494.61;1287.22;1702.0;8.55;7.68;6.86;6.17
09244;1615.81;1516.79;1772.58;7.84;6.55;5.82;4.87
09245;1923.97;1874.68;2009.09;9.63;8.11;6.01;5.06
09246;1388.74;1275.5;1705.8;8.09;6.81;6.99;5.88
09247;1271.94;1204.62;1339.25;7.75;6.81;7.31;6.42
09251;1804.67;2153.0;1108.0;8.32;6.88;5.54;4.57
09252;1233.13;1154.17;1470.0;8.57;6.55;8.34;6.38
09253;1443.0;2026.25;859.75;8.09;6.63;6.73;5.51
09254;1486.5;1240.67;2224.0;9.63;7.65;7.78;6.18
09257;1696.2;1554.25;1980.1;8.24;7.04;5.83;4.98
09258;1626.62;1480.6;1870.0;9.63;8.11;7.11;5.98
09261;1419.26;1404.7;1434.4;8.17;7.31;6.91;6.18
09262;1276.5;1608.0;945.0;8.83;6.55;8.3;6.16
09264;1811.79;1732.82;1933.82;9.63;8.11;6.38;5.37
09265;1918.42;1958.22;1859.52;8.28;7.65;5.18;4.79
09267;1575.59;1803.6;1249.86;7.75;6.81;5.9;5.19
09268;1459.4;1328.41;1630.69;8.0;6.81;6.58;5.6
09269;1400.14;1343.0;1743.0;8.09;8.11;6.94;6.95
09270;1637.5;1942.25;1332.75;8.28;6.63;6.07;4.86
09272;1830.97;1818.48;1847.38;8.83;7.72;5.79;5.06
09273;1491.0;1396.86;1556.9;9.63;8.11;7.75;6.53
09274;1372.67;1501.0;1308.5;7.84;6.88;6.85;6.01
09275;1965.33;2122.0;1652.0;9.4;7.96;5.74;4.86
09276;1568.0;1737.0;1399.0;8.28;7.65;6.33;5.86
09277;1525.1;1565.0;1503.62;8.28;7.96;6.51;6.26
09280;1545.81;1471.54;1633.59;7.75;6.81;6.02;5.29
09281;1578.8;1416.33;1822.5;8.83;6.54;6.71;4.97
09282;1733.87;1744.77;1717.0;9.7;7.84;6.71;5.42
09283;1829.07;1808.2;1870.8;8.41;7.35;5.52;4.82
09285;1519.52;1657.28;1316.94;7.75;6.81;6.12;5.38
09289;1776.04;1774.0;1777.62;8.0;7.25;5.41;4.9
09290;1665.06;1425.0;1973.71;7.75;6.81;5.58;4.91
09291;1948.07;2050.33;1794.67;7.75;6.81;4.77;4.19
09292;2098.8;1582.67;2873.0;8.55;6.63;4.89;3.79
09293;1624.8;1737.23;1503.0;8.09;6.63;5.98;4.9
09294;1327.75;1395.33;1125.0;9.4;7.96;8.5;7.2
09295;1425.82;1397.0;1714.0;8.41;7.35;7.08;6.18
09296;1490.25;1389.0;1794.0;8.41;7.35;6.77;5.92
09298;1882.0;1895.25;1855.5;8.57;7.35;5.46;4.68
09299;1798.42;1586.91;2089.25;7.75;6.81;5.17;4.54
09300;985.67;645.0;1667.0;8.55;6.54;10.41;7.96
09301;1491.32;1564.23;1386.0;7.75;6.81;6.24;5.48
09303;2147.0;2174.5;2133.25;8.41;7.68;4.7;4.29
09305;1615.0;1536.2;1746.33;7.84;6.54;5.83;4.86
09306;1366.17;1318.32;1418.24;8.2;7.68;7.2;6.75
09307;1308.75;1552.67;577.0;8.0;7.25;7.34;6.64
09308;1843.67;1774.0;1878.5;8.24;7.25;5.36;4.72
09309;963.14;915.2;1083.0;9.63;7.65;12.0;9.54
09311;1160.5;1169.0;1152.0;8.41;6.08;8.69;6.29
09312;2025.05;2040.35;2003.36;9.63;8.36;5.71;4.95
09313;1218.5;947.5;1489.5;8.09;7.25;7.97;7.14
09314;1586.4;1487.17;1735.25;7.84;7.65;5.93;5.79
09315;772.67;706.0;906.0;8.28;7.65;12.85;11.89
09319;1351.5;1088.0;1615.0;8.28;7.65;7.35;6.8
09321;1386.77;1397.09;1330.0;8.55;6.54;7.4;5.66
09322;1931.08;1997.64;1833.79;7.75;6.81;4.82;4.23
09323;1424.0;1169.0;1934.0;9.63;7.65;8.12;6.45
09324;1771.64;1724.56;1821.02;9.53;8.12;6.46;5.5
09326;1687.8;1209.0;2406.0;8.41;6.54;5.98;4.65
09327;1575.2;1849.67;1163.5;8.83;6.55;6.73;4.99
09328;1501.83;1394.6;2038.0;8.41;7.35;6.72;5.87
09329;1817.35;1924.0;1710.7;9.63;8.11;6.36;5.35
09331;1744.2;1800.0;1680.43;8.32;7.65;5.73;5.27
09332;2041.63;2148.21;1911.37;9.63;8.11;5.66;4.77
09334;1282.14;1145.0;1440.38;8.41;6.81;7.87;6.37
09336;1105.59;1087.88;1135.7;8.83;7.72;9.59;8.38
09339;1651.15;1698.11;1545.5;8.32;7.65;6.05;5.56
09340;1774.29;1781.5;1731.0;7.84;6.55;5.3;4.43
09341;1541.8;1413.5;1627.33;7.84;6.55;6.1;5.1
09342;2131.0;2187.86;1733.0;9.4;7.96;5.29;4.48
11001;1201.09;1373.6;1068.38;8.2;7.75;8.19;7.74
11002;2176.67;2442.75;1644.5;7.6;7.36;4.19;4.06
11003;1613.25;1760.0;1466.5;8.71;7.48;6.48;5.56
11004;1764.4;2278.0;1422.0;7.84;6.85;5.33;4.66
11005;1916.87;1825.44;1971.73;8.78;7.06;5.5;4.42
11007;1925.89;2261.17;1255.33;7.88;6.16;4.91;3.84
11008;1496.43;1622.67;1358.73;7.88;6.85;6.32;5.49
11009;1371.43;1421.68;1314.32;8.78;6.92;7.68;6.05
11010;1304.33;1648.25;1029.2;7.88;6.85;7.25;6.3
11011;2493.24;1588.1;3786.29;8.78;7.06;4.23;3.4
11012;2043.77;2004.98;2086.54;8.34;7.87;4.9;4.62
11013;1688.75;1645.0;1785.0;8.87;7.75;6.31;5.51
11014;2406.36;2522.3;2309.75;9.69;9.13;4.83;4.55
11015;1228.14;1065.0;1293.4;7.88;6.16;7.7;6.02
11016;835.0;888.5;808.25;8.63;6.89;12.4;9.91
11017;747.5;812.6;422.0;8.57;6.85;13.75;10.99
11018;1260.4;1402.67;1047.0;8.78;7.45;8.36;7.09
11019;574.0;562.0;598.0;8.0;6.08;16.72;12.71
11020;2140.0;2053.0;2227.0;8.63;6.16;4.84;3.46
11021;1126.6;1118.55;1132.93;8.0;6.16;8.52;6.56
11022;1411.75;1557.5;1245.18;8.66;6.74;7.36;5.73
11023;1600.42;1405.38;1795.46;8.63;7.75;6.47;5.81
11024;2627.36;2633.38;2623.93;10.68;9.29;4.88;4.24
11025;1282.79;837.5;1357.0;8.2;7.02;7.67;6.57
11027;1055.19;954.88;1155.5;8.63;7.67;9.81;8.72
11028;1532.82;1503.0;1566.38;8.83;7.72;6.91;6.05
11032;1484.36;1670.82;800.67;7.84;6.85;6.34;5.54
11033;1580.34;1639.43;1507.35;8.28;6.88;6.28;5.22
11034;1543.28;1470.7;1591.67;7.84;6.85;6.1;5.32
11035;1401.07;1322.73;1616.5;8.0;6.08;6.85;5.21
11036;1073.67;1042.6;1112.5;8.0;6.08;8.94;6.8
11037;1217.87;1149.12;1453.57;8.2;7.75;8.08;7.63
11038;1290.0;1092.67;1882.0;8.57;6.08;7.97;5.66
11040;1601.45;1695.59;1474.35;9.26;8.48;6.94;6.35
11041;2003.45;1982.72;2032.3;8.66;7.87;5.19;4.72
11042;1397.89;1187.2;1661.25;8.63;7.75;7.41;6.65
11043;717.33;640.0;756.0;8.2;7.06;13.71;11.8
11045;1097.4;1032.0;1359.0;7.84;6.85;8.57;7.49
11047;1000.71;1261.33;805.25;8.0;6.08;9.59;7.29
11048;1502.62;1633.8;1420.62;9.25;7.81;7.39;6.24
11049;1472.89;1509.51;1429.12;8.59;8.34;7.0;6.8
11051;1943.83;2131.33;1756.33;7.81;7.45;4.82;4.6
11052;1838.17;1685.57;2051.8;7.81;6.73;5.1;4.4
11053;1867.75;1769.8;1937.71;7.81;7.48;5.02;4.8
11054;1460.0;1914.33;778.5;8.79;7.36;7.22;6.05
11055;1901.17;1920.67;1881.67;7.88;6.91;4.97;4.36
11056;1391.31;1288.6;1455.5;8.67;6.78;7.48;5.85
11058;1910.71;1748.22;2093.5;8.78;7.45;5.51;4.68
11059;1780.2;1567.5;2631.0;8.78;7.45;5.92;5.02
11060;1046.5;1083.0;1010.0;8.57;6.08;9.82;6.97
11061;1328.94;1221.12;1436.75;8.78;6.85;7.93;6.18
11063;1256.82;1250.8;1265.43;7.88;6.16;7.52;5.88
11064;1236.67;988.0;1274.92;8.63;7.81;8.37;7.58
11065;1254.0;1307.0;1121.5;8.63;6.91;8.26;6.61
11066;1733.68;1479.82;2082.75;8.83;6.08;6.11;4.21
11067;2010.83;1970.67;2074.52;8.66;8.09;5.17;4.83
11068;1277.06;1257.18;1306.37;8.63;7.99;8.11;7.51
11069;1531.23;1511.36;1552.98;8.87;8.17;6.95;6.41
11070;1774.0;2062.5;1600.9;7.81;6.73;5.28;4.56
11071;1569.4;1528.29;1605.38;8.57;7.44;6.55;5.69
11072;1195.33;1209.67;1181.0;7.81;6.85;7.84;6.87
11074;2026.33;1911.0;2603.0;7.6;7.36;4.5;4.36
11075;1689.88;1952.0;1427.75;8.06;7.03;5.73;4.99
11076;1553.08;1466.18;1640.51;8.78;7.78;6.78;6.01
11077;1405.07;1548.71;1217.23;8.87;7.75;7.58;6.62
11078;1501.33;1363.25;1777.5;7.84;6.85;6.27;5.47
11079;1328.1;1353.86;1268.0;8.2;7.02;7.41;6.34
11081;1525.91;1610.85;1420.76;8.67;6.74;6.82;5.3
11084;1711.52;1620.57;1827.27;8.78;7.06;6.16;4.95
11085;2020.57;2014.81;2037.86;7.88;6.89;4.68;4.09
11086;2246.52;2158.53;2411.5;10.35;8.75;5.53;4.68
11087;1851.67;1360.5;2834.0;8.93;7.18;5.79;4.65
11088;1670.74;1814.09;1485.24;7.88;6.89;5.66;4.95
11089;1194.6;1177.0;1229.8;7.81;6.73;7.84;6.76
11090;1940.5;1986.29;1833.67;7.88;7.48;4.87;4.62
11091;1205.4;1099.46;1379.88;7.84;6.55;7.81;6.52
11092;541.75;566.0;469.0;8.06;6.78;17.86;15.01
11093;808.5;745.0;872.0;8.57;6.85;12.72;10.16
11094;1610.0;1973.0;1489.0;8.63;6.89;6.43;5.14
11095;1114.89;1011.67;1321.33;8.63;7.67;9.29;8.25
11096;1020.43;1152.0;921.75;8.57;6.08;10.08;7.15
11098;1683.89;1650.19;1732.56;8.87;7.81;6.32;5.57
11099;1602.53;1536.17;1652.3;8.2;6.93;6.14;5.19
11101;1408.25;1081.0;2390.0;8.0;6.08;6.81;5.18
11102;1132.55;1049.33;1232.4;7.88;6.89;8.35;7.31
11103;1092.91;1191.25;1039.27;7.88;6.16;8.65;6.77
11104;815.5;866.0;765.0;8.57;6.08;12.61;8.95
11105;1355.36;1054.56;1896.8;7.88;6.85;6.98;6.06
11106;1830.52;1823.7;1837.28;9.27;7.77;6.08;5.1
11110;1557.12;1541.25;1573.0;9.25;7.44;7.13;5.74
11111;2388.25;2395.86;2370.5;9.26;8.48;4.66;4.26
11112;1278.4;1066.5;1419.67;8.63;6.91;8.1;6.49
11113;1856.0;2123.0;1678.0;7.88;6.91;5.09;4.47
11115;1504.67;1275.25;1766.86;8.67;6.78;6.92;5.41
11116;1801.43;1725.94;1863.05;8.59;8.46;5.72;5.64
11117;1255.22;992.6;1583.5;7.88;7.81;7.53;7.47
11119;1375.55;1398.12;1315.33;7.84;6.85;6.84;5.97
11120;1907.88;2346.6;1176.67;8.71;6.85;5.48;4.31
11121;918.2;730.0;1200.5;7.84;7.48;10.25;9.77
11122;1457.65;1493.92;1426.57;8.63;7.67;7.1;6.31
11123;1381.83;1441.2;1085.0;8.87;6.91;7.71;6.0
11124;1828.4;1432.5;2092.33;8.57;7.44;5.62;4.89
11125;1545.45;1199.5;1960.6;9.01;8.75;7.0;6.8
11126;1776.6;1824.33;1633.4;8.87;7.75;5.99;5.23
11127;1598.14;1099.67;1972.0;8.0;6.55;6.0;4.92
11128;2097.33;2082.75;2214.0;7.84;6.85;4.49;3.92
11129;1131.84;1145.02;1114.14;7.47;6.16;7.92;6.53
11130;1293.63;1209.78;1401.43;7.84;6.55;7.27;6.08
11131;1178.4;1413.58;825.62;8.0;6.16;8.14;6.28
11132;1631.2;1552.62;1735.96;8.87;7.81;6.53;5.75
11136;1623.0;1698.67;1441.4;7.81;6.85;5.77;5.06
11137;1778.67;2086.0;1164.0;7.88;7.81;5.32;5.27
11138;1610.76;1413.91;1827.3;7.6;7.46;5.66;5.56
11139;1309.0;1175.0;1376.0;8.32;6.85;7.63;6.28
11140;1588.05;1552.66;1647.05;9.25;7.81;6.99;5.9
11141;1559.0;1875.75;925.5;8.32;7.45;6.41;5.73
11142;1095.78;1057.71;1229.0;8.71;6.85;9.54;7.5
11144;2235.29;2030.37;2486.22;10.35;8.75;5.55;4.7
11145;3454.8;3320.71;3631.3;9.72;8.89;3.37;3.09
11146;1417.17;1147.2;1610.0;8.63;7.67;7.31;6.49
11148;1454.67;1370.0;1624.0;8.87;7.81;7.32;6.45
11150;1344.93;1324.0;1363.25;8.67;6.78;7.74;6.05
11151;1529.07;1487.67;1603.6;8.2;7.67;6.43;6.02
11152;1683.64;2050.5;1408.5;9.25;7.44;6.59;5.31
11153;1863.56;2170.5;1618.0;8.78;6.85;5.65;4.41
11156;2343.83;2989.75;1052.0;7.81;6.73;4.0;3.45
11157;1433.25;2120.0;1335.14;8.57;8.75;7.17;7.33
11158;1628.25;1297.0;1738.67;7.88;7.45;5.81;5.49
11159;2171.33;2638.0;1238.0;8.32;7.46;4.6;4.12
11160;1143.33;601.0;1414.5;8.57;6.08;8.99;6.38
11161;1316.63;1171.17;1753.0;8.71;7.67;7.94;6.99
11162;1899.5;3204.0;595.0;8.93;7.46;5.64;4.71
11163;1034.5;949.33;1290.0;8.15;6.85;9.45;7.94
11164;2012.72;1933.5;2188.78;8.66;7.87;5.16;4.69
11165;1306.5;1235.0;1378.0;8.57;6.08;7.87;5.58
11168;1227.6;1086.33;1439.5;8.0;6.16;7.82;6.02
11169;1532.0;1386.33;1969.0;8.63;6.89;6.76;5.4
11170;4022.09;3873.39;4191.85;11.77;9.29;3.51;2.77
11172;1882.56;1949.77;1795.75;8.66;6.74;5.52;4.3
11173;2204.33;3071.0;1771.0;7.84;6.85;4.27;3.73
11175;1734.29;1677.67;1776.75;7.81;6.73;5.4;4.66
11176;1637.75;2180.0;1457.0;8.87;7.44;6.5;5.45
11177;777.25;834.0;720.5;8.57;6.08;13.23;9.39
11178;1891.63;1831.81;1960.0;7.6;7.18;4.82;4.55
11180;1221.0;1189.75;1346.0;8.67;7.02;8.52;6.9
11181;1767.0;1692.23;1888.5;7.81;6.73;5.3;4.57
11182;1411.67;1353.6;1527.8;8.67;6.78;7.37;5.76
11183;1201.86;1239.2;1108.5;8.63;7.67;8.62;7.66
11184;1872.25;2111.0;1633.5;8.93;7.18;5.72;4.6
11185;2171.57;2274.06;2054.43;8.63;7.67;4.77;4.24
11186;1511.2;2330.0;965.33;8.63;6.89;6.85;5.48
11187;1333.89;863.5;1710.2;8.63;7.67;7.76;6.9
11188;2406.26;2364.87;2479.5;10.35;7.44;5.16;3.71
11189;1322.36;1406.75;1097.33;8.67;6.78;7.87;6.15
11190;1500.07;1539.63;1452.6;8.66;7.75;6.93;6.2
11191;649.33;593.0;762.0;7.88;6.16;14.56;11.39
11192;1676.93;1386.86;1967.0;7.81;7.46;5.59;5.34
11193;1361.88;1336.5;1387.25;7.81;6.85;6.88;6.03
11194;1064.43;954.5;1211.0;8.67;6.78;9.78;7.64
11195;1935.92;1908.0;1975.0;8.93;7.46;5.53;4.62
11196;1354.94;1507.33;1159.0;7.81;6.85;6.91;6.07
11197;1453.9;1321.17;1653.0;8.71;7.45;7.19;6.15
11198;1686.43;1626.18;1743.33;8.2;7.02;5.83;4.99
11199;1820.95;1680.48;2071.79;8.78;7.06;5.79;4.65
11200;1460.14;886.11;2493.4;8.06;6.74;6.63;5.54
11201;1462.83;1281.23;1698.9;7.88;7.67;6.46;6.29
11202;3484.49;3275.87;3738.45;10.67;9.52;3.67;3.28
11203;1699.84;1672.07;1741.12;9.42;9.33;6.65;6.59
11205;1343.67;1257.0;1387.0;8.67;6.78;7.74;6.05
11206;1683.56;1716.52;1639.36;8.72;7.6;6.22;5.42
11207;1712.25;1493.5;1821.62;8.71;7.48;6.1;5.24
11210;1661.1;1393.59;2013.73;9.25;8.48;6.68;6.12
11211;1300.08;1243.33;1348.71;7.88;6.85;7.27;6.32
11212;1456.17;1115.8;1881.62;8.66;7.87;7.13;6.49
11214;1799.67;1692.8;1876.0;8.71;7.48;5.81;4.99
11215;2059.27;2087.53;2005.89;8.2;7.06;4.78;4.11
11216;1869.52;1899.42;1836.91;7.88;7.45;5.06;4.78
11217;1987.64;2031.83;1934.16;9.26;8.69;5.59;5.25
11220;1274.67;1191.88;1440.25;8.2;7.67;7.72;7.22
11221;1236.9;1242.4;1231.4;8.67;6.78;8.41;6.58
11222;1175.5;1140.33;1210.67;8.06;6.78;8.23;6.92
11225;1761.75;1866.0;1687.29;7.6;7.46;5.18;5.08
11226;1686.25;1331.0;1804.67;8.93;7.18;6.35;5.11
11228;979.0;878.0;1181.0;8.78;6.85;10.76;8.39
11229;1277.29;2027.0;715.0;8.57;6.08;8.05;5.71
11233;2173.38;1845.3;2407.71;8.34;8.69;4.6;4.8
11234;2615.0;3225.0;1395.0;8.93;7.46;4.1;3.42
11235;1004.25;1338.0;670.5;8.71;6.89;10.41;8.24
11236;2037.57;2361.0;1606.33;8.32;7.96;4.9;4.69
11238;1871.5;2410.33;1548.2;7.6;7.46;4.87;4.78
11240;1468.77;1472.14;1464.83;8.71;6.85;7.12;5.6
11241;1758.05;1838.08;1620.86;8.63;7.81;5.89;5.33
11242;1917.8;1908.33;1932.0;8.78;7.48;5.49;4.68
11243;2235.41;1933.0;2667.43;9.33;7.61;5.01;4.09
11244;1014.1;980.0;1065.25;8.0;6.08;9.46;7.19
11245;1272.5;1920.0;625.0;8.87;6.91;8.37;6.52
11249;1017.25;1056.0;1004.33;8.71;6.88;10.27;8.12
11251;1133.61;1022.64;1235.33;8.63;7.67;9.13;8.12
11252;1634.0;1532.88;1768.83;9.33;7.61;6.85;5.59
11253;1579.06;1436.0;1670.09;7.81;6.73;5.93;5.12
11254;1741.61;1761.41;1718.15;7.81;8.15;5.38;5.61
11255;2278.61;2329.33;2177.17;9.26;8.48;4.88;4.46
11256;1828.1;1604.91;2100.89;9.26;7.81;6.08;5.13
11257;1441.83;1616.0;571.0;8.2;7.67;6.82;6.38
11258;2310.8;2337.1;2274.87;9.26;8.69;4.81;4.51
11259;1962.76;2014.5;1893.78;8.78;7.06;5.37;4.31
11260;698.75;806.0;591.5;7.88;6.16;13.53;10.58
11261;1685.0;1714.73;1576.0;8.87;7.81;6.32;5.57
11262;2510.15;2481.29;2546.91;9.99;9.64;4.77;4.61
11263;1986.5;2026.36;1898.8;7.84;6.08;4.74;3.67
11264;1984.85;1915.22;2073.83;9.26;8.48;5.6;5.13
11265;992.25;843.5;1141.0;8.57;6.08;10.36;7.35
11266;2653.41;2584.98;2729.11;10.56;9.53;4.77;4.31
11267;1935.62;1833.31;2056.55;9.26;8.48;5.74;5.26
11268;1277.0;1099.5;1454.5;8.32;7.18;7.82;6.75
11269;1639.26;1561.0;1760.0;9.01;8.29;6.6;6.07
11270;1146.33;1273.71;700.5;7.88;7.81;8.25;8.18
11271;1175.0;1236.0;1114.0;8.87;7.81;9.06;7.98
11272;2110.55;1995.06;2261.58;8.63;6.89;4.91;3.92
11273;1958.69;1900.95;2110.25;9.26;8.09;5.68;4.96
11274;1525.6;1427.29;1755.0;8.71;7.45;6.85;5.86
11275;1107.0;1038.0;1314.0;7.6;7.46;8.24;8.09
11276;1014.59;1031.27;993.75;9.01;6.91;10.66;8.17
11278;1384.5;1353.33;1415.67;8.32;7.18;7.21;6.22
11279;1818.28;1834.89;1807.7;8.78;7.06;5.79;4.66
11280;1575.4;1496.64;1650.74;7.41;6.74;5.64;5.14
11281;1495.45;1529.24;1468.1;7.81;7.46;6.26;5.99
11282;981.6;941.67;1041.5;8.71;6.88;10.65;8.41
11285;3003.66;2544.36;3407.84;10.68;9.29;4.27;3.71
11286;1381.36;1354.39;1428.56;7.41;6.74;6.43;5.86
11288;1849.67;2016.33;1599.68;8.78;7.06;5.7;4.58
11289;1612.87;1734.41;1518.95;8.71;6.89;6.48;5.13
11290;1502.0;1921.5;663.0;8.32;7.65;6.65;6.12
11292;2267.5;2752.0;1783.0;7.81;6.73;4.13;3.56
11293;1825.11;1877.36;1753.25;7.88;6.89;5.18;4.53
11295;1758.7;1797.93;1705.75;10.68;7.44;7.29;5.08
11296;2162.18;1963.18;2527.0;8.66;7.87;4.8;4.37
11297;1324.57;1161.44;1618.2;8.06;6.78;7.31;6.14
11299;1447.96;1599.08;1251.5;7.88;7.06;6.53;5.85
11300;1309.0;780.0;1573.5;8.93;7.36;8.19;6.75
11301;1333.07;1191.76;1606.27;8.63;7.75;7.77;6.97
11302;1509.41;1280.21;1910.5;7.88;6.16;6.26;4.9
11303;1433.91;1415.83;1453.06;7.84;6.08;6.56;5.09
11304;1295.32;1348.72;1230.96;7.92;6.08;7.34;5.63
11307;2206.25;2164.8;2275.33;8.66;8.48;4.71;4.61
11308;1616.81;1526.0;1816.6;8.78;7.46;6.52;5.54
11310;1168.69;1187.44;1138.7;7.88;6.16;8.09;6.33
11311;1545.13;1669.0;1462.56;8.63;7.81;6.7;6.07
11312;1174.0;1435.0;652.0;8.93;7.18;9.13;7.34
11313;2487.12;2586.33;2427.6;8.93;7.18;4.31;3.46
11314;1643.0;1695.25;1573.33;8.63;6.89;6.3;5.04
11315;1378.2;1282.96;1506.09;8.63;6.81;7.51;5.93
11316;1013.12;1189.0;720.0;7.84;6.55;9.29;7.76
11317;1333.0;1775.0;891.0;8.0;6.55;7.2;5.9
11318;1866.67;1579.5;2441.0;8.63;7.75;5.55;4.98
11320;1019.57;1165.1;655.75;7.84;6.08;9.23;7.16
11321;1203.0;1044.0;1309.0;8.0;6.08;7.98;6.07
11322;2329.12;2122.44;2677.21;9.25;7.44;4.76;3.84
11323;1376.38;1483.0;1312.4;7.88;6.85;6.87;5.97
11324;1234.13;1266.67;1212.44;8.66;7.75;8.42;7.53
11325;1484.13;1400.0;1512.17;8.78;7.48;7.1;6.05
11327;1973.72;2015.25;1890.67;8.78;7.06;5.34;4.29
11328;1275.9;1369.67;1135.25;7.84;7.48;7.37;7.03
11330;1794.64;2006.4;1618.17;8.63;7.02;5.77;4.69
11331;1855.0;3085.0;625.0;8.93;7.18;5.78;4.64
11332;2057.6;2044.62;2088.12;9.26;7.44;5.4;4.34
11335;804.4;806.33;801.5;8.57;6.85;12.78;10.22
11336;1127.2;1414.12;799.29;7.84;6.55;8.35;6.97
11337;1382.04;1466.33;1224.0;8.63;7.81;7.49;6.78
11339;1272.27;981.33;1466.22;7.81;6.73;7.36;6.35
11340;1686.87;1658.4;1734.33;8.78;7.06;6.25;5.02
11341;1361.25;1239.83;1725.5;7.88;6.16;6.95;5.43
11342;1221.9;1235.4;1208.4;8.2;7.75;8.05;7.61
11344;1236.68;1378.88;1133.27;7.88;7.67;7.65;7.44
11345;2074.46;1815.22;2657.75;8.57;7.44;4.96;4.31
11347;1324.0;2030.0;971.0;8.0;6.16;7.25;5.59
11350;1035.5;461.0;1610.0;7.88;6.91;9.13;8.01
11351;1398.74;1438.47;1296.57;8.87;7.81;7.61;6.7
11353;2033.29;2116.22;1887.45;8.34;8.48;4.92;5.0
11354;1180.33;1078.0;1385.0;8.63;7.67;8.77;7.8
11355;1428.54;1584.43;1246.67;7.88;7.48;6.62;6.28
11356;1930.52;2125.18;1654.75;8.93;7.46;5.55;4.64
11357;1788.17;1928.6;1086.0;8.78;7.46;5.89;5.01
11358;903.33;960.0;875.0;8.0;6.08;10.62;8.08
11359;2631.55;3179.6;2174.83;7.6;7.96;3.47;3.63
11360;2160.08;2080.56;2257.0;9.26;8.48;5.15;4.71
11361;1575.76;1767.33;1360.25;7.81;6.73;5.95;5.13
11362;1512.29;1575.6;1354.0;7.6;7.36;6.03;5.84
11363;1743.58;1722.09;1980.0;8.63;7.81;5.94;5.38
11364;944.5;434.0;1455.0;8.71;7.48;11.07;9.5
11366;1739.9;1567.38;2060.29;8.66;8.48;5.97;5.85
11367;1308.96;1444.33;1227.73;7.81;6.73;7.16;6.17
11368;1576.0;1789.0;1522.75;8.67;6.78;6.6;5.16
11369;2209.72;2121.35;2399.85;8.34;9.05;4.53;4.91
11370;2297.22;2185.4;2416.14;9.78;8.91;5.11;4.65
11371;1589.75;1514.67;1702.38;7.6;7.96;5.74;6.01
11372;889.82;895.5;884.78;8.67;6.78;11.69;9.14
11373;628.2;633.0;625.0;8.0;6.85;15.28;13.08
11375;788.5;500.0;1077.0;8.32;6.88;12.67;10.47
11376;1469.2;1307.33;1712.0;8.71;6.85;7.11;5.59
11377;1714.33;1982.5;1178.0;7.88;6.89;5.52;4.83
11378;882.82;779.83;1006.4;8.63;7.67;11.73;10.42
11379;2125.62;2173.47;2072.2;9.82;8.91;5.54;5.03
11381;2423.6;1430.33;3913.5;7.88;6.16;3.9;3.05
11382;1982.88;1929.6;2071.67;8.93;7.36;5.4;4.45
11383;2195.0;2293.6;1948.5;8.93;7.36;4.88;4.02
11384;1263.25;1109.0;1417.5;7.88;6.91;7.48;6.57
11385;1600.14;1720.5;878.0;7.6;7.36;5.7;5.52
11386;1192.21;1281.67;1125.12;8.63;7.81;8.69;7.87
11387;1789.5;344.0;3235.0;8.63;6.89;5.79;4.62
11388;944.25;861.5;1027.0;8.63;7.67;10.97;9.74
11389;2099.5;1828.0;2371.0;8.71;6.89;4.98;3.94
11390;1509.47;1640.53;1317.92;9.25;7.81;7.35;6.21
11392;1706.82;1821.9;556.0;8.87;7.81;6.24;5.49
11393;1618.74;1579.45;1672.75;8.66;7.75;6.42;5.74
11394;1475.8;929.5;1840.0;7.84;6.85;6.38;5.57
11396;1670.35;1460.85;1821.67;8.67;6.74;6.23;4.84
11397;1478.4;1442.56;1525.67;8.87;8.46;7.2;6.87
11398;2548.29;3033.0;1336.5;10.35;8.75;4.87;4.12
11399;1307.75;1047.0;1394.67;8.93;7.36;8.19;6.75
11400;1619.4;2228.5;1213.33;7.84;6.88;5.81;5.1
11401;1358.77;1412.47;1308.44;7.88;7.81;6.96;6.9
11404;1637.58;1542.21;1771.1;8.78;7.06;6.43;5.17
11405;2131.66;2095.91;2244.0;9.26;8.48;5.22;4.77
11406;2929.5;3478.0;2381.0;8.71;7.48;3.57;3.06
11407;2180.38;1790.75;2570.0;8.79;7.36;4.84;4.05
11408;1108.33;752.8;1362.29;7.88;7.67;8.53;8.3
11409;1315.0;996.33;1793.0;8.63;6.89;7.87;6.29
11410;1714.58;1765.71;1618.0;8.2;7.02;5.74;4.91
11411;1186.0;1217.5;1178.12;8.67;6.78;8.77;6.86
11412;1094.25;1350.5;838.0;8.71;6.89;9.55;7.56
11413;1443.38;1550.2;1087.33;8.2;7.02;6.82;5.84
11416;1828.12;1717.33;2160.5;8.2;7.02;5.38;4.61
11417;1252.0;1403.0;1101.0;8.78;7.45;8.41;7.14
11418;1417.37;1412.0;1427.64;7.81;6.85;6.61;5.8
11421;2074.72;1806.33;2611.5;8.66;8.09;5.01;4.68
11422;2267.75;2213.4;2358.33;8.2;7.06;4.34;3.73
11423;1599.5;1867.0;1465.75;8.63;7.67;6.47;5.75
11424;1528.14;1390.25;1712.0;8.71;6.88;6.84;5.4
11425;1814.61;1894.16;1738.12;8.78;7.79;5.81;5.15
11426;1653.28;1594.64;1727.91;8.2;7.02;5.95;5.09
11427;1259.5;1306.0;1166.5;7.84;6.85;7.47;6.52
11428;988.37;997.29;926.0;8.79;6.73;10.67;8.18
11429;1987.73;1922.87;2059.26;8.78;7.83;5.3;4.73
11430;1690.61;1730.92;1638.2;7.6;7.46;5.39;5.3
11431;1038.0;1147.5;950.4;9.01;7.81;10.42;9.03
11432;1610.83;1282.33;1939.33;8.78;6.85;6.54;5.1
11433;1361.33;1284.45;1479.62;8.2;7.02;7.23;6.19
11434;1278.36;1072.92;1500.92;7.81;7.03;7.33;6.6
11435;1154.14;1500.0;1096.5;7.88;7.81;8.19;8.12
11436;1538.0;1767.6;1346.67;9.25;7.44;7.22;5.81
11437;1704.68;1594.67;1803.7;8.78;7.45;6.18;5.24
11438;1896.17;1728.0;1980.25;8.78;7.45;5.56;4.71
11439;1427.83;1594.0;1309.14;7.81;6.73;6.56;5.66
11441;2320.23;2231.57;2427.55;10.42;9.68;5.39;5.01
12001;2518.13;2062.5;2821.89;8.99;7.44;4.28;3.55
12002;1823.6;1651.89;2081.17;7.68;6.85;5.05;4.51
12003;1029.42;1084.0;953.0;8.46;6.52;9.86;7.6
12006;1278.67;1390.5;1055.0;6.61;6.46;6.2;6.06
12008;1528.2;1713.83;1404.44;7.65;6.6;6.01;5.18
12009;1010.8;971.33;1070.0;8.84;6.25;10.5;7.42
12011;1785.72;1856.07;1696.18;6.61;6.46;4.44;4.34
12012;1454.64;1465.57;1435.5;6.98;6.52;5.76;5.38
12013;1131.86;1082.76;1202.89;7.28;6.25;7.72;6.62
12015;1017.4;996.75;1100.0;6.61;6.46;7.79;7.61
12016;1433.69;1436.0;1431.71;7.42;6.6;6.21;5.52
12017;1580.25;1390.83;2148.5;7.93;6.46;6.02;4.9
12018;2137.44;1865.2;2477.75;7.15;6.52;4.01;3.66
12021;1458.56;1150.6;2158.45;7.65;6.25;6.3;5.14
12023;825.5;894.0;620.0;6.34;6.45;9.21;9.38
12024;2116.33;2598.5;1152.0;7.5;6.6;4.25;3.74
12025;973.81;900.89;1067.57;7.54;6.25;9.29;7.7
12026;1594.0;1474.25;1689.8;7.66;7.44;5.76;5.6
12027;1864.5;1882.0;1847.0;7.66;6.52;4.93;4.2
12028;974.8;952.8;1018.8;8.46;6.43;10.41;7.91
12029;1120.0;913.5;1257.67;7.45;6.36;7.98;6.81
12030;1231.38;1217.71;1247.33;6.98;6.43;6.81;6.26
12031;1281.33;1687.0;1078.5;7.42;6.6;6.95;6.18
12032;1607.33;2264.5;1081.6;7.5;6.6;5.6;4.92
12033;2275.62;2366.54;2171.71;9.21;6.66;4.86;3.51
12034;1128.14;1263.25;948.0;7.65;6.25;8.14;6.64
12035;1235.7;1212.57;1289.67;6.34;6.45;6.15;6.27
12036;1138.9;1155.0;1112.75;6.74;6.67;7.1;7.03
12037;1852.75;1659.64;2088.78;7.93;6.46;5.14;4.18
12038;1739.5;1268.33;2022.2;6.34;6.45;4.37;4.45
12039;1454.79;2350.83;782.75;7.54;6.25;6.22;5.16
12041;1107.29;1012.75;1233.33;8.44;6.58;9.15;7.13
12042;1338.33;1761.5;492.0;7.54;6.46;6.76;5.79
12043;2146.03;1913.33;2364.19;6.61;7.44;3.69;4.16
12044;1458.1;1616.61;1238.62;7.49;6.25;6.17;5.14
12045;1469.67;1339.0;1731.0;8.44;6.58;6.89;5.37
12046;1603.64;1501.56;2063.0;8.44;6.58;6.32;4.92
12047;1239.94;1027.0;1452.88;7.49;6.85;7.25;6.63
12048;1202.5;1035.33;1453.25;6.13;5.72;6.12;5.7
12049;1344.46;1410.43;1267.5;7.66;6.66;6.83;5.95
12050;2170.89;3487.0;1118.0;6.61;7.44;3.65;4.11
12051;1087.09;1029.0;1120.29;7.03;6.67;7.76;7.36
12052;1441.39;1418.99;1466.46;8.45;6.72;7.03;5.6
12053;1373.6;1193.75;2093.0;8.61;6.52;7.52;5.7
12054;1639.31;1560.0;1731.83;8.44;6.25;6.18;4.57
12055;1603.0;1148.0;2058.0;7.49;6.85;5.61;5.13
12056;1747.76;1620.12;1912.45;7.96;7.43;5.47;5.1
12057;1559.88;1839.5;840.86;7.5;6.58;5.77;5.06
12059;1926.43;1020.0;2606.25;8.44;6.25;5.26;3.89
12060;1124.0;465.0;1453.5;8.44;6.58;9.01;7.02
12061;1395.77;1310.0;1533.0;6.13;6.66;5.27;5.73
12062;1163.5;1219.25;1052.0;7.93;6.46;8.18;6.66
12063;1626.03;1557.37;1734.75;8.12;7.83;5.99;5.78
12064;1455.0;1827.0;1269.0;6.13;6.66;5.06;5.49
12065;1219.5;1278.75;1140.5;8.44;6.58;8.31;6.47
12066;1482.95;1293.0;1625.42;8.54;7.44;6.91;6.02
12068;1270.47;1398.4;1087.71;7.5;6.6;7.09;6.23
12069;1638.59;1578.64;1918.33;6.34;6.45;4.64;4.73
12070;1582.22;1440.0;1866.67;7.68;6.85;5.82;5.2
12071;1432.57;1025.33;1738.0;7.65;6.6;6.41;5.53
12072;1822.38;1359.17;3212.0;7.49;6.85;4.93;4.51
12073;1488.5;1738.67;1300.88;6.61;6.46;5.33;5.2
12075;2386.6;2340.33;2456.0;7.93;6.45;3.99;3.24
12076;1946.94;1898.15;2016.64;6.74;5.72;4.15;3.52
12077;1474.7;1113.3;1836.1;7.49;7.83;6.09;6.37
12079;1559.58;1736.9;673.0;7.66;6.66;5.89;5.13
12080;935.0;988.29;562.0;6.34;6.45;8.13;8.28
12082;2750.25;2933.67;2200.0;8.17;7.83;3.56;3.42
12083;1206.75;1190.3;1232.12;7.08;6.25;7.04;6.21
12084;2082.52;2017.33;2143.62;7.93;6.85;4.57;3.95
12085;1689.7;1242.88;3477.0;8.44;6.58;5.99;4.67
12086;2268.2;2073.5;2398.0;7.68;6.85;4.06;3.62
12088;1223.57;1097.8;1538.0;6.13;5.72;6.01;5.61
12089;1083.46;1091.62;1073.37;8.79;6.28;9.74;6.96
12090;1939.87;2008.74;1871.0;8.54;7.44;5.28;4.6
12091;1615.67;1798.5;1250.0;7.65;6.25;5.68;4.64
12092;1097.22;1101.8;1091.5;7.93;6.45;8.67;7.06
12093;1896.5;2193.25;1698.67;7.66;5.72;4.84;3.62
12094;1108.31;1141.04;1050.38;6.74;5.72;7.29;6.19
12095;1508.0;1238.0;1778.0;7.42;6.6;5.91;5.25
12096;1615.9;1531.52;1706.53;7.78;6.52;5.78;4.84
12097;1588.31;1973.5;1258.14;7.66;6.66;5.78;5.03
12098;1602.09;1344.82;1837.92;7.66;5.72;5.74;4.28
12099;963.15;1121.0;710.6;7.49;6.25;9.34;7.79
12100;1343.0;1349.89;1335.27;7.55;6.25;6.74;5.58
12101;1032.4;1160.73;679.5;8.46;6.25;9.83;7.26
12102;1923.47;1949.24;1890.77;8.92;7.44;5.57;4.64
12103;1183.0;1143.6;1248.67;6.13;5.72;6.22;5.8
12104;1743.5;1603.0;1884.0;7.15;6.52;4.92;4.49
12105;1834.46;1700.81;2012.67;7.65;6.67;5.01;4.36
12106;1338.06;1186.88;1459.0;7.66;6.52;6.87;5.85
12107;1508.55;1387.67;1653.6;7.66;6.46;6.09;5.14
12108;1774.0;1227.2;2320.8;7.42;6.25;5.02;4.23
12110;1295.46;760.25;1533.33;6.13;5.72;5.68;5.29
12111;1320.4;1113.67;1409.0;7.65;6.6;6.95;5.99
12113;1730.4;1762.8;1698.0;8.44;6.58;5.85;4.56
12115;1590.5;1406.25;1959.0;8.17;7.83;6.16;5.91
12118;1467.18;1602.71;1372.3;6.74;6.66;5.51;5.45
12119;1766.16;1777.08;1752.37;8.92;6.66;6.06;4.53
12120;1934.59;1592.7;2197.58;8.32;6.52;5.16;4.04
12121;1358.0;1234.2;1977.0;7.65;6.25;6.76;5.52
12122;1213.0;1403.0;833.0;7.49;7.83;7.41;7.75
12124;1445.56;1534.83;1267.0;6.13;6.66;5.09;5.53
12125;1219.54;1160.4;1256.5;6.34;6.45;6.23;6.35
12127;1287.11;1185.29;1346.5;6.61;6.58;6.16;6.13
12128;1250.86;1337.2;1035.0;8.44;6.36;8.1;6.1
12129;1039.0;678.33;1580.0;6.34;6.45;7.32;7.45
12130;1389.45;1314.6;1425.1;6.98;5.72;6.03;4.94
12131;2220.2;2206.8;2247.0;8.99;7.44;4.86;4.02
12133;2394.65;2398.07;2388.86;9.69;8.23;4.85;4.13
12135;1517.0;1616.67;1367.5;7.45;6.36;5.9;5.03
12136;1704.17;1844.38;1339.6;7.15;6.25;5.03;4.4
12137;2049.73;1777.12;2361.29;7.5;6.58;4.39;3.85
12138;1679.39;1325.24;2055.69;8.07;7.44;5.76;5.32
12139;2114.67;1937.5;2469.0;7.49;7.83;4.25;4.44
12140;1869.85;2031.94;1634.09;7.45;6.52;4.78;4.19
12142;1648.25;1529.75;1766.75;8.54;7.44;6.21;5.42
12143;1114.5;1158.0;1071.0;7.54;6.25;8.12;6.73
12144;1136.83;1058.5;1293.5;8.18;6.58;8.64;6.94
12145;2040.47;2032.52;2049.8;9.45;8.87;5.56;5.22
12146;2258.05;2263.77;2252.33;9.16;7.44;4.87;3.95
12147;1429.33;1195.0;1898.0;7.49;6.25;6.29;5.25
12148;1448.71;1286.89;1675.25;7.9;6.6;6.54;5.46
12149;1278.75;521.0;2036.5;6.34;6.45;5.95;6.06
12150;1451.14;1526.14;1376.14;7.65;6.67;6.33;5.51
12151;1867.57;1840.83;1887.62;6.13;6.66;3.94;4.28
12152;1172.67;1402.0;714.0;6.34;6.45;6.48;6.6
12153;1283.61;1264.44;1302.78;7.93;6.46;7.41;6.03
12154;1556.86;1516.0;1573.2;7.54;6.25;5.81;4.82
12155;1149.22;950.25;1308.4;7.49;7.83;7.83;8.18
12156;1393.73;1219.29;1699.0;6.13;5.72;5.28;4.92
12157;1857.97;1678.94;2075.36;8.99;7.44;5.81;4.81
12158;1640.62;1659.5;1621.75;7.15;6.52;5.23;4.77
12159;1766.14;2060.5;1373.67;7.65;6.67;5.2;4.53
12160;1436.67;1608.29;836.0;7.66;6.52;6.4;5.45
12161;1671.4;1484.25;2420.0;7.65;6.6;5.49;4.74
12162;1748.0;1805.0;1634.0;8.54;6.6;5.86;4.53
12163;870.54;881.7;833.33;7.54;7.03;10.39;9.69
12164;1268.71;1079.0;1477.4;8.24;5.72;7.79;5.41
12165;1695.67;2064.25;958.5;8.99;6.6;6.36;4.67
12166;848.2;678.67;1102.5;6.98;6.66;9.88;9.42
12167;1799.27;1793.94;1807.8;7.65;8.42;5.1;5.62
12168;1673.03;1700.62;1652.95;7.49;6.85;5.37;4.91
12169;1638.71;1623.42;1657.68;8.69;6.58;6.36;4.82
12170;1189.73;1285.14;1022.75;7.15;6.52;7.21;6.58
12171;1565.67;1621.57;1370.0;7.65;6.6;5.87;5.06
12172;1200.07;1207.5;1191.57;7.66;5.72;7.66;5.72
12174;2230.65;2332.93;2130.81;10.07;7.44;5.42;4.0
12176;2260.36;2292.1;2227.38;10.01;9.07;5.31;4.82
12177;1451.56;1356.0;1571.0;7.66;6.52;6.33;5.39
12178;1794.8;1156.0;2220.67;7.68;6.85;5.13;4.58
12179;1313.4;1233.33;1433.5;7.54;7.03;6.89;6.43
12180;1406.0;1079.0;1896.5;7.68;6.85;6.55;5.85
12181;1204.0;1070.33;1404.5;8.46;6.25;8.43;6.23
12182;1650.0;1733.67;1399.0;7.49;6.85;5.45;4.98
12183;1388.14;1227.0;1791.0;6.34;6.45;5.48;5.58
12184;2514.75;2349.5;2680.0;7.49;6.52;3.57;3.11
12185;1636.48;1293.19;2059.0;7.86;7.44;5.76;5.46
12186;1296.33;860.33;1732.33;6.34;6.45;5.86;5.97
12187;1614.91;1393.0;1818.33;6.13;6.66;4.56;4.95
12188;2150.17;2236.0;2064.33;7.93;6.46;4.43;3.6
12189;1537.09;1717.4;1386.83;8.44;6.25;6.59;4.88
12190;1215.67;786.75;2073.5;7.5;6.25;7.41;6.17
12191;1182.5;975.86;1471.8;7.65;6.25;7.77;6.34
12192;606.0;596.8;652.0;7.54;7.03;14.93;13.93
12193;1217.44;1370.0;912.33;6.74;5.72;6.64;5.63
12194;1817.19;1697.8;2016.17;8.44;6.58;5.57;4.34
12195;1027.0;856.0;1198.0;7.54;6.45;8.81;7.54
12197;1212.95;1135.97;1292.42;7.62;6.45;7.54;6.38
12198;1385.31;1451.27;1335.85;7.46;6.6;6.46;5.71
12199;1563.97;1245.5;1850.6;8.37;7.06;6.42;5.42
12200;1805.43;1766.73;1840.92;7.68;6.85;5.1;4.55
12201;1494.56;1606.45;1318.71;8.99;7.44;7.22;5.97
12202;2136.11;2117.09;2161.18;9.43;8.07;5.3;4.53
12203;3153.11;4947.5;1717.6;7.49;6.85;2.85;2.61
12204;1330.57;1150.33;1465.75;7.49;6.85;6.75;6.18
12205;1383.24;1460.36;1298.4;7.45;6.67;6.47;5.78
12206;1375.13;1168.33;1685.33;7.42;6.6;6.48;5.76
12207;1468.0;1320.0;1542.0;8.44;6.58;6.9;5.38
12208;1641.66;1618.87;1668.25;8.5;7.33;6.21;5.36
12209;1371.47;1447.78;1302.8;6.74;6.66;5.89;5.83
12210;2489.5;3541.4;1437.6;7.45;8.42;3.59;4.06
12211;1589.0;1000.0;2178.0;7.68;6.85;5.8;5.17
12212;1329.0;997.5;1550.0;7.49;7.83;6.77;7.07
12213;1905.05;2053.5;1806.08;7.49;6.85;4.72;4.31
12214;1676.62;1454.0;1815.75;8.24;6.52;5.89;4.67
12215;2056.33;1857.3;2237.27;7.65;6.6;4.47;3.85
12216;1248.48;1300.31;1156.33;6.13;6.52;5.89;6.27
12217;1474.46;1609.0;1390.38;7.15;6.52;5.82;5.31
12219;1379.65;1556.0;1256.2;6.13;6.52;5.33;5.67
12220;1670.18;1675.91;1659.67;7.49;6.85;5.38;4.92
12221;1450.14;1038.33;1759.0;6.74;5.72;5.57;4.73
12222;1055.67;1153.6;985.71;7.49;6.25;8.52;7.11
12223;1253.0;1314.62;1176.71;8.24;6.67;7.89;6.39
12224;1435.09;1446.58;1421.0;7.26;6.52;6.07;5.45
12225;1792.31;1872.65;1650.15;7.93;6.85;5.31;4.59
12226;1132.87;1010.33;1316.67;6.74;5.72;7.13;6.05
12227;1383.14;1198.0;1522.0;7.65;6.25;6.64;5.42
12228;1066.32;962.3;1181.89;6.34;6.45;7.13;7.26
12230;1397.78;1511.43;1000.0;6.61;6.45;5.67;5.54
12231;1279.37;1239.74;1355.33;8.17;6.42;7.66;6.02
12232;1313.15;1180.75;1372.0;7.49;6.85;6.84;6.26
12233;517.0;525.5;500.0;6.34;6.45;14.71;14.98
12234;1559.07;1652.67;1496.67;7.5;6.58;5.78;5.06
12235;1195.36;1204.6;1103.0;8.18;6.58;8.22;6.6
12236;1615.0;1676.75;1368.0;7.68;6.85;5.7;5.09
12237;1540.0;1848.75;1128.33;7.49;6.85;5.84;5.34
12238;1989.8;1817.5;2104.67;7.49;6.46;4.51;3.89
12239;1845.33;1703.0;1916.5;7.49;6.85;4.87;4.45
12240;1226.93;1088.75;1411.17;6.74;6.25;6.59;6.11
12241;2346.56;2283.74;2426.13;7.68;7.44;3.93;3.8
12242;1431.0;1121.0;1741.0;7.15;6.67;5.99;5.59
12243;1444.73;1088.08;1682.5;7.93;6.85;6.59;5.69
12244;1300.35;1309.25;1287.0;7.93;6.46;7.32;5.96
12246;1213.75;998.67;1342.8;6.98;5.72;6.91;5.65
12247;1064.65;1123.92;872.0;7.49;6.85;8.44;7.72
12248;1088.8;1324.0;736.0;8.18;6.45;9.02;7.11
12249;1089.4;1059.0;1097.0;6.34;7.03;6.98;7.75
12250;1938.75;1390.5;2487.0;6.74;6.66;4.17;4.12
12251;1544.4;1751.25;717.0;7.93;6.46;6.16;5.02
12252;1994.94;1959.12;2023.6;7.65;6.25;4.6;3.76
12253;1707.27;1606.05;1804.09;7.93;6.46;5.57;4.54
12254;2368.62;2388.88;2338.82;8.99;7.44;4.55;3.77
12255;1455.71;1613.0;1167.33;7.5;6.46;6.19;5.32
12256;2024.92;2014.9;2058.33;8.61;7.44;5.1;4.41
12257;1569.17;1549.64;1599.86;7.15;6.52;5.47;4.99
12258;1628.19;1620.83;1637.48;8.44;6.25;6.22;4.6
12259;1575.53;1514.8;1662.29;7.65;6.67;5.83;5.08
12260;1118.33;1060.25;1234.5;8.17;7.83;8.76;8.4
12261;2127.71;1796.67;4114.0;8.61;7.44;4.86;4.19
12262;1588.54;1815.65;1237.55;8.44;6.58;6.38;4.97
12263;1708.55;1802.8;1630.0;7.45;6.52;5.23;4.58
12264;2330.92;2315.7;2343.0;9.88;9.1;5.08;4.69
12265;1504.33;1686.44;958.0;7.66;6.66;6.11;5.31
12266;1073.82;1088.88;1033.67;7.68;6.46;8.58;7.21
12267;1197.55;1257.33;1125.8;6.61;6.45;6.62;6.47
12268;1100.8;1211.33;935.0;7.66;6.66;8.35;7.26
12270;1461.09;1498.17;1420.92;8.16;6.74;6.7;5.54
12272;1782.43;1854.0;1603.5;8.46;6.52;5.69;4.39
12273;1665.83;1486.5;1755.5;6.74;6.66;4.85;4.8
12274;1067.57;1145.0;603.0;7.49;6.25;8.42;7.03
12277;1426.25;1155.67;2238.0;6.74;5.72;5.67;4.81
12278;1140.33;1460.5;500.0;8.44;6.25;8.88;6.57
12280;1176.8;1171.75;1180.17;8.24;7.2;8.4;7.34
12281;1475.37;1321.2;1732.33;7.15;6.52;5.81;5.31
12282;1298.5;1159.0;1438.0;7.93;7.83;7.33;7.24
12283;1371.92;1248.44;1742.33;6.61;6.46;5.78;5.65
12284;1600.12;2117.25;1083.0;7.93;6.46;5.95;4.84
12286;1379.46;1197.36;1591.92;7.54;6.46;6.56;5.62
12287;1452.73;1474.83;1426.2;8.61;6.67;7.11;5.51
12288;1791.42;1751.67;1831.17;8.54;7.44;5.72;4.98
12289;1424.33;1267.33;1581.33;7.42;6.6;6.26;5.56
12290;1397.42;1253.86;1598.4;7.42;6.6;6.38;5.66
12291;2072.67;2040.67;2136.67;7.68;6.85;4.45;3.97
12292;1291.11;1273.43;1353.0;7.49;6.85;6.96;6.37
12293;1152.17;1282.33;1022.0;7.4;6.42;7.71;6.68
12294;1214.71;1207.5;1224.33;7.68;6.46;7.58;6.38
12296;1236.27;1322.8;1193.0;7.93;6.46;7.7;6.27
12297;1914.06;2113.6;1581.5;7.68;6.52;4.81;4.09
12298;860.58;922.89;673.67;7.65;6.6;10.67;9.2
12299;1445.74;1318.57;1801.8;7.93;6.46;6.58;5.36
12300;1456.71;1501.96;1408.38;8.71;7.01;7.18;5.78
12301;1946.59;1690.25;2216.42;7.15;6.52;4.41;4.02
12303;1251.29;1117.0;1352.0;7.49;6.85;7.18;6.57
12305;948.54;896.45;1008.84;8.37;6.43;10.59;8.13
12307;1007.71;951.5;1082.67;7.93;6.46;9.44;7.69
30001;3415.4;3873.5;3110.0;11.14;8.9;3.91;3.13
30002;2530.4;2574.15;2483.0;11.07;9.62;5.25;4.56
30003;4085.77;3995.16;4222.65;13.07;11.53;3.84;3.39
30004;3355.47;3547.18;3109.69;11.39;10.06;4.08;3.6
30005;1961.4;1167.0;2160.0;8.84;9.13;5.41;5.59
30006;3095.17;3105.57;3079.78;12.3;10.47;4.77;4.06
30007;1875.91;1830.25;1931.91;10.01;8.69;6.41;5.56
30008;2251.3;2303.39;2173.17;8.52;9.26;4.54;4.93
30009;1667.38;2263.57;971.83;7.4;6.42;5.33;4.62
30010;2413.99;2288.45;2577.49;10.15;8.78;5.04;4.36
30011;3421.87;3296.23;3582.99;13.46;12.21;4.72;4.28
30012;2476.16;2607.87;2324.83;10.35;8.89;5.02;4.31
30013;3240.4;3366.0;3114.8;10.28;10.58;3.81;3.92
30014;3519.28;3328.0;3790.25;11.7;10.09;3.99;3.44
30015;1838.12;1946.0;1658.33;8.98;6.42;5.86;4.19
30016;1098.83;1003.0;1233.0;7.4;8.3;8.08;9.06
30017;2221.75;1838.6;2860.33;7.4;7.83;4.0;4.23
30018;3194.29;3222.0;3028.0;10.85;10.59;4.08;3.98
30019;3058.89;3119.3;2951.28;11.51;9.19;4.51;3.61
30020;2718.58;2695.57;2772.25;12.33;9.97;5.44;4.4
30021;3745.25;3048.0;3844.86;10.24;10.09;3.28;3.23
30022;2244.0;1866.0;3000.0;8.31;8.15;4.44;4.36
30023;3812.23;3067.12;4238.0;11.77;10.01;3.7;3.15
30024;1633.21;1508.57;1757.86;9.3;6.42;6.83;4.71
30025;1573.0;1475.0;1695.5;8.98;7.83;6.85;5.97
30026;1360.05;1381.32;1328.87;9.3;7.83;8.2;6.91
30027;2554.75;2696.68;2446.88;10.13;9.62;4.76;4.52
30028;1969.74;1934.29;2016.08;9.78;8.61;5.96;5.24
30029;2435.75;2260.91;2730.21;8.52;9.13;4.2;4.5
30030;2812.57;2657.38;3014.3;11.14;9.15;4.75;3.9
30031;2779.63;2892.17;2442.0;10.31;9.26;4.45;4.0
30032;2044.17;2154.32;1895.93;10.1;9.61;5.93;5.64
30033;2715.64;2712.55;2720.71;11.96;9.98;5.29;4.41
30034;2781.82;2743.15;2835.95;11.64;10.06;5.02;4.34
30035;3173.35;3116.62;3223.78;10.31;9.26;3.9;3.5
30036;2842.89;3047.0;2617.52;12.7;10.72;5.36;4.53
30037;1519.3;1674.49;1364.11;7.73;7.07;6.11;5.58
30038;1162.0;823.2;1500.8;7.4;7.83;7.64;8.09
30039;2481.04;2547.43;2409.54;12.68;10.12;6.13;4.89
30040;1562.36;1405.83;1750.2;8.17;7.83;6.27;6.02
30041;3415.96;3483.16;3293.41;11.7;10.58;4.11;3.72
30042;2669.45;2661.93;2682.08;11.08;8.78;4.98;3.95
30043;2847.9;2782.11;3440.0;11.22;11.2;4.73;4.72
30044;2851.67;2324.5;3906.0;7.05;7.07;2.96;2.97
30045;2286.85;2176.5;2381.43;8.31;7.07;4.36;3.71
30046;2013.95;1973.36;2108.67;10.15;8.96;6.05;5.34
30047;2826.94;2666.0;3016.27;11.6;10.49;4.92;4.45
30049;2470.0;2184.0;2827.5;11.7;10.09;5.68;4.9
30050;2489.33;2701.5;2383.25;10.65;8.75;5.13;4.22
30051;1723.08;1628.1;1786.4;7.17;7.07;4.99;4.92
30052;1861.88;1987.11;1721.0;8.98;6.42;5.78;4.14
30053;1910.2;2091.33;1638.5;10.15;8.9;6.38;5.59
30054;3278.83;3496.4;2191.0;10.85;8.99;3.97;3.29
30055;2210.89;2154.33;2324.0;11.14;9.15;6.04;4.96
30056;3305.46;3437.87;3084.78;10.31;9.26;3.74;3.36
30057;3012.24;2886.95;3262.82;11.36;10.93;4.52;4.35
30058;1640.44;1727.43;1336.0;9.1;8.3;6.66;6.07
30059;3069.81;3128.95;2987.0;12.08;9.67;4.72;3.78
30060;2831.6;2907.88;2757.2;12.52;10.51;5.31;4.45
30061;2545.22;2430.2;2745.26;11.36;9.75;5.35;4.59
30062;3069.99;3024.07;3115.91;11.64;10.97;4.55;4.29
30064;1226.12;1017.25;1435.0;8.17;7.83;7.99;7.66
30065;1745.38;1499.89;2297.75;11.08;8.78;7.62;6.03
30066;2947.21;3312.12;2460.67;11.07;8.75;4.51;3.56
30067;2696.71;2760.71;2651.9;11.02;9.26;4.9;4.12
30068;1955.78;1971.14;1902.0;11.08;9.62;6.8;5.9
30069;3287.14;3697.71;2876.57;10.65;8.99;3.89;3.28
30070;2792.06;3067.64;2286.83;11.68;9.05;5.02;3.89
30071;2150.33;2849.25;1591.2;11.07;9.62;6.18;5.37
30072;1845.93;1466.17;2130.75;10.24;8.9;6.66;5.78
30073;3798.93;3371.58;4287.33;10.28;10.36;3.25;3.27
30075;3598.11;3787.48;3219.38;12.72;11.53;4.24;3.85
30076;2718.82;2788.83;2634.8;10.33;9.05;4.56;3.99
30077;1917.18;1711.91;2293.5;7.17;7.07;4.49;4.42
30079;1434.8;1193.0;1918.4;8.31;8.48;6.95;7.09
30080;1557.82;1498.1;1591.0;7.6;7.07;5.86;5.44
30081;3192.89;3476.78;2937.4;9.03;8.3;3.39;3.12
30082;2973.46;3068.2;2837.44;12.09;9.49;4.88;3.83
30083;3259.04;3052.3;3595.96;12.19;10.4;4.49;3.83
30084;2668.75;2634.67;2689.2;10.18;9.37;4.58;4.21
30085;2751.77;2940.06;2523.14;11.7;10.36;5.1;4.52
30086;4192.06;3162.29;4912.9;10.24;8.9;2.93;2.55
30087;2558.88;2990.5;2127.25;7.4;6.42;3.47;3.01
30088;2396.33;2503.45;2228.0;10.65;8.75;5.33;4.38
30089;2546.82;2528.88;2567.09;10.5;9.25;4.95;4.36
30090;1514.41;1354.0;2035.75;7.6;7.07;6.03;5.6
30091;2987.03;2759.05;3227.67;11.77;9.37;4.73;3.76
30092;2683.95;2725.63;2637.63;10.88;8.76;4.86;3.92
30093;2816.33;2664.0;3121.0;9.1;8.78;3.88;3.74
30094;3484.33;3880.0;3088.67;10.13;8.78;3.49;3.02
30095;2847.77;2808.09;2887.45;10.85;8.99;4.57;3.79
30096;2804.61;2696.59;3200.67;9.27;9.05;3.97;3.87
30097;2509.65;2447.9;2597.86;9.01;8.48;4.31;4.05
30098;2843.12;2805.86;3104.0;10.65;8.75;4.49;3.69
30099;2543.45;2646.67;2419.6;8.98;8.78;4.23;4.14
30100;2035.93;1885.2;2119.67;10.59;8.9;6.24;5.24
30101;2618.3;2829.12;1775.0;10.59;8.9;4.85;4.08
30102;1902.28;2035.38;1758.08;11.07;10.09;6.99;6.37
30103;2927.59;3306.33;2473.1;11.44;10.33;4.69;4.24
30104;2453.33;2545.58;2268.83;11.07;9.62;5.42;4.71
30105;2196.29;2059.56;2350.12;7.4;6.42;4.04;3.51
30106;2471.52;2678.77;2134.75;11.08;8.78;5.38;4.26
30107;3154.64;2384.29;4502.75;11.44;10.33;4.35;3.93
30108;1864.5;700.0;3029.0;7.17;6.42;4.62;4.13
30109;2720.0;2535.67;3826.0;11.14;9.15;4.91;4.04
30110;3338.1;3343.67;3333.55;11.02;10.36;3.96;3.72
30111;3508.0;3620.29;3246.0;10.31;8.9;3.53;3.04
30112;2809.07;2936.14;2661.95;11.35;8.75;4.85;3.74
30113;3271.42;2681.8;3692.57;11.14;9.26;4.09;3.4
30114;2726.89;2715.7;2740.88;10.65;8.75;4.69;3.85
30115;3230.93;3132.75;3343.14;10.28;9.26;3.82;3.44
30116;2122.03;2080.21;2199.23;10.28;8.49;5.81;4.8
30117;2947.52;3113.0;2769.78;12.34;10.46;5.03;4.26
30119;2018.67;2134.75;1786.5;11.08;8.78;6.59;5.22
30120;2024.81;1931.29;2211.86;8.31;8.48;4.93;5.03
30121;3570.67;3875.0;3418.5;10.85;8.75;3.65;2.94
30122;2507.25;2483.12;2531.38;11.35;10.09;5.43;4.83
30123;3351.39;3550.84;3102.09;12.69;10.23;4.54;3.66
30124;3523.0;2650.5;4104.67;8.52;9.13;2.9;3.11
30125;2697.54;2621.43;2812.73;11.81;10.58;5.25;4.7
30126;3518.9;3532.11;3508.09;10.24;10.09;3.49;3.44
30127;2698.08;2930.0;2425.24;10.18;8.76;4.53;3.9
30128;2487.51;2452.93;2528.58;12.22;10.52;5.9;5.08
30129;2731.08;2323.44;3954.0;10.13;9.62;4.45;4.23
30130;1408.17;1494.0;1312.24;7.6;8.48;6.48;7.23
30131;2832.14;2687.79;3014.47;9.34;9.13;3.96;3.87
30132;1179.73;1163.02;1201.21;8.38;7.07;8.52;7.19
30133;5292.2;5097.23;5538.87;14.61;10.82;3.31;2.45
30134;2532.17;2713.71;2278.0;8.52;9.13;4.04;4.33
30135;2364.55;2319.48;2432.85;11.42;9.33;5.79;4.74
30136;3401.71;3092.73;3758.23;12.26;10.01;4.33;3.53
30137;2309.0;1379.0;2541.5;7.17;6.42;3.73;3.33
30138;3259.79;3275.05;3224.5;11.25;11.2;4.14;4.12
30139;1591.0;1674.0;1480.33;7.4;6.42;5.58;4.84
30140;1401.06;1398.47;1404.0;7.4;6.42;6.34;5.5
30141;2653.29;2613.77;2702.03;10.73;8.97;4.85;4.06
30142;1643.09;1770.33;1370.43;11.14;8.48;8.13;6.19
30143;2708.25;2797.8;2559.0;8.84;9.13;3.92;4.04
30144;3356.08;3660.67;2442.33;10.65;8.75;3.81;3.13
30145;2518.74;2608.11;2367.94;11.7;10.36;5.57;4.93
30146;2335.35;2302.57;2373.58;10.62;8.78;5.45;4.51
30147;2474.22;2450.77;2529.64;10.15;8.78;4.92;4.26
30148;2797.27;2492.0;3163.6;10.65;8.99;4.57;3.86
30149;2765.81;3091.88;2439.75;10.04;9.91;4.36;4.3
30150;2565.11;2644.0;2289.0;10.65;8.75;4.98;4.09
30151;3141.4;3100.7;3168.53;8.52;9.13;3.25;3.49
30152;2393.49;2433.72;2320.56;11.14;8.48;5.58;4.25
30154;2509.23;1775.33;3138.29;8.98;6.42;4.29;3.07
30155;2746.83;2741.25;2754.77;11.73;10.11;5.12;4.42
30156;2772.7;2631.7;2936.66;11.55;10.59;5.0;4.58
30158;2612.44;2599.5;2638.33;10.59;8.9;4.86;4.09
30159;1363.55;1123.88;1619.2;8.31;8.48;7.31;7.46
30160;2255.8;1390.0;2472.25;10.15;8.96;5.4;4.77
30161;2600.09;2538.0;2651.83;11.08;9.62;5.11;4.44
30162;2737.15;2610.23;2864.08;11.08;8.78;4.86;3.85
30163;2407.0;1882.0;2757.0;11.07;9.62;5.52;4.8
30164;2096.76;1957.2;2299.35;8.52;9.13;4.88;5.22
30165;2484.85;2572.58;2414.67;11.14;8.9;5.38;4.3
30166;2785.29;2775.26;2798.25;10.43;9.57;4.49;4.12
30167;1967.24;2172.84;1576.6;9.01;8.48;5.49;5.17
30168;2827.94;2662.2;2903.27;10.13;9.62;4.3;4.08
30169;2684.02;2535.62;2913.9;11.34;11.07;5.07;4.95
30170;1916.45;1744.58;2188.58;9.3;7.83;5.82;4.9
30171;1619.91;1560.16;1793.73;7.55;7.07;5.59;5.23
30172;2138.4;2249.0;1880.33;8.98;8.78;5.04;4.93
30173;2447.84;2277.95;2657.71;10.59;8.9;5.19;4.36
30174;3707.09;3653.03;3776.28;10.31;9.26;3.34;3.0
30175;3382.0;3519.75;2280.0;8.52;9.13;3.02;3.24
30176;1514.78;1666.4;1325.25;9.3;8.3;7.36;6.57
30177;2468.23;2566.5;2140.67;10.59;8.9;5.15;4.33
30178;2647.9;2610.47;2688.0;10.51;9.25;4.76;4.19
30179;2325.4;2210.6;2489.84;10.04;8.34;5.18;4.3
30180;2658.85;2597.86;2730.0;10.24;10.09;4.62;4.56
30181;2204.0;2156.25;2251.75;11.08;8.75;6.03;4.76
30182;2586.34;2584.55;2590.3;11.31;8.75;5.25;4.06
30183;2369.32;2599.11;1884.22;11.08;8.96;5.61;4.54
30184;2591.03;2912.18;2287.72;10.15;8.96;4.7;4.15
30185;3967.3;5928.43;3370.43;11.31;10.01;3.42;3.03
30186;3481.48;3272.26;3799.87;11.25;11.2;3.88;3.86
30187;1635.5;1659.17;1564.5;11.14;9.26;8.17;6.79
30188;2314.68;2413.07;2142.5;10.15;9.62;5.26;4.99
30189;2461.13;2456.5;2466.71;11.67;11.57;5.69;5.64
30191;2321.12;2332.0;2309.56;9.03;8.76;4.67;4.53
30192;3316.15;3021.67;3568.57;10.65;8.99;3.85;3.25
30193;2512.47;2607.78;2369.5;11.35;10.09;5.42;4.82
30194;2107.73;1559.1;3205.0;8.31;8.48;4.73;4.83
30196;2670.64;2169.11;3573.4;10.18;9.05;4.57;4.06
30197;2695.8;2683.75;2744.0;10.59;9.15;4.71;4.07
30198;1958.0;1653.5;2262.5;7.17;6.42;4.39;3.93
30200;2145.91;2553.56;1883.86;9.1;8.3;5.09;4.64
30201;1945.17;2158.0;1793.14;7.05;8.15;4.35;5.03
30202;1797.68;1748.8;1857.94;10.9;9.01;7.28;6.02
30203;2565.67;2525.33;2606.0;8.31;8.48;3.89;3.97
30204;3393.64;2347.0;4649.6;11.14;9.15;3.94;3.23
30205;2606.5;2424.6;2788.4;11.02;9.26;5.07;4.26
30206;3113.81;2955.28;3319.9;11.56;11.21;4.46;4.32
30207;2526.13;2386.83;2678.09;11.02;9.26;5.23;4.4
30209;3673.77;3599.09;3737.25;11.41;11.27;3.73;3.68
30210;2517.99;2477.26;2575.77;10.28;9.74;4.9;4.64
30211;2583.17;2532.39;2643.57;11.69;9.55;5.43;4.44
30212;2214.4;2180.14;2247.17;10.25;8.84;5.56;4.79
30214;2295.11;2267.24;2345.0;11.08;9.62;5.79;5.03
30215;1950.0;1934.29;1986.67;8.52;9.13;5.24;5.62
30216;1557.06;1610.38;1512.16;8.31;8.48;6.41;6.53
30217;3250.14;3242.23;3260.3;12.66;11.52;4.68;4.25
30218;2862.43;2241.5;3328.12;8.52;9.15;3.57;3.83
30219;1584.5;1543.5;1625.5;9.91;9.48;7.5;7.18
30220;2654.67;3364.5;2299.75;8.98;8.3;4.06;3.75
30221;2270.69;2169.06;2398.67;9.82;8.85;5.19;4.68
30222;3499.57;4035.67;3097.5;11.68;9.05;4.01;3.1
30223;2473.21;2447.04;2519.93;11.14;9.81;5.4;4.76
30224;2967.44;3337.56;2491.57;10.24;10.09;4.14;4.08
30225;2696.7;2748.96;2609.6;10.28;9.05;4.57;4.03
30226;2736.4;2670.36;2890.5;11.68;9.05;5.12;3.97
30227;1770.18;1716.97;1857.6;8.11;8.48;5.5;5.75
30228;2758.11;2760.75;2755.17;10.24;10.09;4.46;4.39
30229;1760.82;1859.87;1548.57;8.98;6.42;6.12;4.37
30230;2876.63;2127.31;3572.43;9.27;9.05;3.87;3.77
30231;1491.42;1465.89;1514.4;7.4;6.42;5.95;5.16
30232;3061.65;2891.18;3374.17;10.28;9.05;4.03;3.55
30233;2188.42;1961.42;2577.57;11.35;8.96;6.22;4.92
30234;2263.88;2024.25;2503.5;11.07;9.62;5.87;5.1
30235;2706.43;2886.25;2500.93;11.7;10.36;5.19;4.59
30237;2150.33;2322.59;1857.5;8.31;8.48;4.64;4.73
30238;1388.2;1705.0;913.0;9.3;8.3;8.04;7.17
30239;1887.53;1958.1;1746.4;7.6;7.07;4.83;4.49
30240;2312.89;2493.2;2087.5;10.15;9.15;5.27;4.75
30241;2479.12;2421.75;2586.2;11.35;9.67;5.5;4.68
30242;2505.57;2458.4;2623.5;9.27;9.05;4.44;4.33
30243;2385.62;2339.52;2448.2;11.69;10.07;5.88;5.06
30244;2917.17;2518.33;3316.0;10.85;8.99;4.46;3.7
30245;2505.1;2437.5;2775.5;11.31;8.99;5.42;4.31
30248;2717.5;2619.67;2815.33;10.15;8.96;4.48;3.96
30249;3159.72;3183.27;3122.71;11.31;11.2;4.29;4.25
30250;2737.5;2718.75;2775.0;10.59;8.9;4.64;3.9
30251;2117.88;1559.8;3048.0;9.95;8.3;5.64;4.7
30252;2351.5;2444.33;2258.67;10.13;8.78;5.17;4.48
30253;1934.17;1929.35;1943.14;8.31;8.48;5.16;5.26
30254;2609.46;2452.09;2753.71;9.81;9.25;4.51;4.25
30255;2121.97;1988.11;2295.48;11.13;9.27;6.29;5.24
30256;2168.55;2421.55;1915.55;11.68;9.05;6.46;5.01
30257;2764.67;2696.15;2888.0;11.56;9.57;5.02;4.15
30258;2287.34;2279.44;2297.76;10.04;9.77;5.27;5.12
30259;2326.74;2333.43;2316.46;10.36;10.15;5.34;5.24
30260;2983.59;3019.86;2944.54;11.44;10.33;4.6;4.16
30261;2163.11;2071.0;2485.5;10.15;9.15;5.63;5.07
30262;2594.54;2781.5;1971.33;11.02;10.36;5.1;4.79
30263;2053.79;2101.17;1991.39;8.39;8.3;4.9;4.85
30264;1842.25;1916.0;1768.5;10.15;9.15;6.61;5.96
30265;2958.25;3114.25;2802.25;11.08;8.75;4.49;3.55
30266;2290.53;2177.0;2468.93;8.52;9.13;4.46;4.78
30267;2035.25;2765.0;1548.75;11.08;8.78;6.53;5.17
30268;1678.58;1684.13;1657.75;8.31;8.48;5.94;6.06
30269;2578.29;2627.43;2527.45;8.14;6.42;3.79;2.99
30270;2559.22;2428.2;2804.88;10.13;9.62;4.75;4.51
30271;2002.85;2170.9;1442.67;11.14;9.15;6.67;5.48
30272;1689.67;1698.0;1673.0;8.98;8.3;6.37;5.89
30273;2569.67;2671.76;2456.84;9.27;9.13;4.33;4.26
30274;2421.25;2457.9;2367.57;11.14;9.15;5.52;4.53
30275;2242.67;2432.57;1578.0;11.14;9.15;5.96;4.89
30276;3267.01;3081.72;3475.05;12.1;10.1;4.44;3.71
30277;2654.12;2682.5;2569.0;9.27;9.05;4.19;4.09
30278;2991.72;2974.95;3019.67;10.37;9.93;4.16;3.98
30279;2662.25;2714.31;2610.19;10.28;9.26;4.63;4.17
30280;1434.06;1522.0;1346.11;8.98;8.3;7.51;6.94
30281;2523.28;2515.89;2531.96;11.35;9.27;5.4;4.41
30282;2174.08;2074.2;2236.5;10.18;9.05;5.62;4.99
30283;3859.5;1763.0;5956.0;7.4;6.42;2.3;2.0
30284;1994.51;1958.22;2055.0;9.1;8.48;5.48;5.1
30285;2558.21;2714.0;2374.09;10.15;9.15;4.76;4.29
30286;3333.71;3253.38;3393.96;11.7;10.58;4.21;3.81
30287;1939.11;1803.43;2018.25;11.68;9.05;7.23;5.6
30288;1526.3;1465.82;1600.22;8.48;8.3;6.67;6.53
30290;2577.96;2569.08;2584.62;11.68;9.05;5.44;4.21
30291;3463.67;3449.8;3533.0;10.13;6.42;3.51;2.22
30292;2595.57;3114.5;2388.0;10.18;8.76;4.7;4.05
30293;3132.09;2898.75;3754.33;8.52;9.13;3.26;3.5
30294;2343.04;2237.09;2490.08;11.86;9.12;6.08;4.67
30295;3087.72;2948.88;3235.06;10.93;10.54;4.25;4.1
30296;5778.83;4697.0;6860.67;8.98;8.3;1.86;1.72
30297;2886.13;2702.18;3041.77;7.4;6.42;3.08;2.67
30298;2147.65;1960.31;2575.86;10.13;9.62;5.66;5.38
30299;3807.05;3480.92;4044.24;10.28;10.58;3.24;3.34
30300;2194.0;2257.17;2139.86;11.08;8.96;6.06;4.9
30301;3343.46;3090.33;3560.43;11.02;10.36;3.95;3.72
30302;2725.35;2853.84;2431.64;10.29;9.25;4.53;4.07
30303;2274.48;2135.94;2470.75;8.52;8.48;4.5;4.47
30304;2588.1;2313.0;2771.5;9.27;9.05;4.3;4.19
30305;2001.23;1888.7;2184.49;9.65;9.15;5.79;5.48
30306;2998.0;3493.4;2378.75;10.65;8.99;4.26;3.6
30307;1299.57;1348.39;1252.79;7.85;7.07;7.25;6.52
30308;3350.14;3122.55;3919.12;11.7;10.58;4.19;3.79
30309;2605.1;2551.86;2729.33;10.65;8.99;4.91;4.14
30310;2577.57;2486.4;2805.5;7.4;6.42;3.44;2.99
30311;2399.19;2457.83;2333.22;11.08;8.78;5.54;4.39
30312;3009.87;2777.5;3209.05;11.44;11.49;4.56;4.58
30313;2438.29;2353.62;2575.88;11.07;8.96;5.45;4.41
30314;2780.91;2996.5;2206.0;11.07;8.75;4.78;3.78
30315;3049.89;3012.13;3111.93;11.46;10.51;4.51;4.14
30316;1929.73;2011.0;1604.67;8.31;7.07;5.17;4.39
30317;2169.56;2203.37;2126.1;12.63;10.36;6.98;5.73
30319;3283.14;3016.8;3949.0;10.31;9.26;3.77;3.38
30321;2817.99;2966.51;2665.09;12.16;10.8;5.18;4.6
30322;1482.0;370.0;2038.0;7.17;6.42;5.81;5.2
30324;2972.25;2901.45;3128.0;10.65;8.99;4.3;3.63
30325;2236.38;2381.33;2018.94;9.0;6.42;4.83;3.44
30326;2549.89;2687.15;2354.84;10.67;10.31;5.02;4.85
30327;2001.5;2545.0;1458.0;8.52;9.15;5.11;5.48
30328;2367.66;2305.73;2503.9;10.5;8.54;5.32;4.33
30329;2298.11;2351.14;2112.5;7.4;6.42;3.86;3.35
30330;2503.5;2359.63;3050.2;11.08;8.78;5.31;4.21
30331;2273.68;2372.91;2091.75;10.18;8.76;5.37;4.63
30333;2662.17;2564.87;2792.56;11.18;10.66;5.04;4.8
30334;3763.62;3699.93;3837.97;11.35;9.94;3.62;3.17
30336;2352.25;2355.05;2349.12;10.5;9.25;5.36;4.72
30337;3067.93;2942.18;3413.75;10.31;10.36;4.03;4.05
30338;2376.11;2230.25;2492.8;10.31;9.26;5.2;4.68
30339;1780.19;1639.82;1917.8;7.4;6.42;4.99;4.33
30340;2349.29;2439.43;2259.14;11.02;9.25;5.63;4.72
30341;2630.89;2697.11;2532.14;11.11;9.57;5.07;4.37
30342;2500.22;2102.2;3246.5;9.03;9.22;4.33;4.43
30343;2582.12;1735.33;3090.2;10.28;9.13;4.78;4.24
30344;3162.51;3201.2;3121.95;11.94;10.74;4.53;4.07
30345;1419.0;1431.8;1408.33;8.31;8.48;7.03;7.17
30346;3207.73;3188.56;3221.0;10.28;10.36;3.84;3.87
30347;3079.25;3097.12;3051.64;12.08;10.62;4.71;4.14
30348;2086.38;2131.27;1980.27;10.34;8.9;5.94;5.12
30349;2615.0;2420.0;2792.27;10.65;8.75;4.89;4.01
30350;1469.56;1443.68;1499.21;8.66;6.42;7.07;5.24
30351;3769.25;3688.19;3864.4;12.49;12.24;3.98;3.9
30352;3193.88;3344.89;2999.71;10.65;8.99;4.0;3.38
30353;2374.33;2980.0;2071.5;9.91;9.48;5.01;4.79
30354;3005.4;2858.75;3592.0;11.35;8.96;4.53;3.58
30355;2526.44;2698.7;2239.33;10.29;8.76;4.89;4.16
30356;2923.78;3089.37;2753.32;11.64;10.31;4.78;4.23
31001;1259.0;1511.0;1007.0;8.2;8.1;7.82;7.72
31002;2217.71;2170.67;2500.0;9.48;9.17;5.13;4.96
31003;3364.9;3386.91;3295.71;11.3;11.59;4.03;4.13
31004;2797.9;2876.77;2675.65;10.73;9.51;4.6;4.08
31005;1362.0;1381.0;1354.4;8.24;8.1;7.26;7.14
31008;2117.17;2826.5;1762.5;8.32;8.1;4.72;4.59
31009;1723.0;2296.0;1150.0;7.42;7.22;5.17;5.03
31010;1660.33;1458.0;1761.5;8.47;7.15;6.12;5.17
31011;1311.62;1305.4;1315.5;8.65;7.25;7.91;6.63
31012;1160.5;1272.33;825.0;7.42;7.22;7.68;7.46
31013;1626.57;1223.5;2164.0;7.42;7.22;5.48;5.33
31014;1297.75;988.5;1607.0;7.42;7.22;6.86;6.68
31015;1258.0;536.0;1498.67;8.65;7.15;8.25;6.82
31017;1398.0;1030.67;2500.0;8.65;7.15;7.42;6.14
31018;1418.0;878.0;1688.0;8.75;7.55;7.4;6.39
31020;1265.32;1226.0;1332.71;8.65;7.25;8.2;6.87
31021;2027.0;1976.5;2128.0;7.42;7.55;4.39;4.47
31022;2831.07;2845.72;2810.89;11.83;10.55;5.01;4.47
31023;1165.92;1185.67;1146.17;8.75;6.84;9.0;7.04
31024;2588.0;2914.67;1608.0;9.48;9.17;4.39;4.25
31025;3515.8;3794.0;3098.5;11.81;10.38;4.03;3.54
31026;2182.38;2131.09;2213.72;8.81;7.61;4.84;4.19
31027;926.0;1028.0;824.0;9.18;7.96;11.89;10.32
31028;1456.31;1293.83;1612.28;8.12;6.84;6.69;5.64
31029;2760.0;2705.0;2778.33;10.97;10.94;4.77;4.75
31030;1413.0;1008.0;1818.0;8.24;7.04;7.0;5.98
31031;1756.27;2497.0;1682.2;8.9;7.22;6.08;4.93
31032;2885.04;2962.13;2765.88;11.65;10.48;4.84;4.36
31033;2107.13;2050.2;2186.51;10.92;9.61;6.22;5.47
31034;1356.0;1275.0;1410.0;8.9;6.84;7.88;6.06
31035;3383.22;3258.69;3535.78;12.52;11.59;4.44;4.11
31036;3457.51;3760.04;3022.62;12.23;10.94;4.24;3.8
31037;2091.2;2098.56;2084.12;9.33;7.18;5.36;4.12
31038;2737.18;3053.0;2516.1;10.96;9.27;4.8;4.06
31041;1242.2;1319.0;1223.0;8.65;7.22;8.35;6.97
31042;2257.98;2151.92;2406.24;9.64;7.15;5.12;3.8
31043;1533.5;1699.67;1367.33;7.99;7.22;6.25;5.65
31044;3866.88;3925.94;3783.47;12.81;12.89;3.98;4.0
31045;1678.58;1574.86;1823.8;8.9;7.22;6.36;5.16
31046;2750.0;2769.5;2711.0;7.42;8.42;3.24;3.68
31047;1665.25;1794.0;1622.33;9.4;7.96;6.77;5.74
31048;2750.33;2765.02;2731.87;11.46;10.36;5.0;4.52
31049;2542.18;2821.89;1283.5;10.81;10.69;5.1;5.05
31050;1724.78;1779.0;1535.0;8.9;7.55;6.19;5.25
31051;2167.2;2462.0;1725.0;9.58;9.35;5.31;5.18
31052;2414.12;2345.0;2507.93;9.48;8.82;4.71;4.38
31053;3428.07;3507.75;3109.33;12.23;10.69;4.28;3.74
31054;1856.67;2305.5;959.0;9.33;7.18;6.03;4.64
31055;2944.0;2760.0;3036.0;9.33;8.64;3.8;3.52
31056;3092.23;3036.9;3173.9;12.14;11.0;4.71;4.27
31057;2856.42;2683.63;3090.93;11.11;10.37;4.67;4.36
31059;1771.57;2563.0;1455.0;8.24;7.04;5.58;4.77
31061;2743.0;2698.5;2921.0;9.69;9.79;4.24;4.28
31063;1592.2;1143.0;2266.0;8.75;8.1;6.59;6.1
31065;2260.0;2286.68;2205.48;9.77;8.9;5.19;4.73
31066;2375.06;2408.74;2324.18;10.27;9.58;5.19;4.84
31067;2162.75;2408.0;1917.5;7.42;7.15;4.12;3.97
31068;2404.5;2923.0;1886.0;8.47;7.15;4.23;3.57
31069;3336.73;3363.2;3303.93;12.54;11.92;4.51;4.29
31070;1482.73;1572.8;1407.67;8.9;6.84;7.21;5.54
31071;2657.4;2336.0;3139.5;9.3;8.9;4.2;4.02
31072;2120.0;1587.0;2475.33;8.2;8.1;4.64;4.58
31073;2497.45;2200.0;2745.33;9.68;9.27;4.65;4.46
31075;2985.11;2898.91;3044.38;9.69;9.33;3.9;3.75
31076;1899.67;2125.8;769.0;7.42;7.22;4.69;4.56
31077;2157.89;1901.5;2231.14;8.17;8.46;4.54;4.7
31079;2817.82;2839.49;2794.79;10.31;10.19;4.39;4.34
31080;1222.27;1133.95;1310.59;7.99;6.84;7.85;6.72
31081;2014.0;1625.0;2403.0;8.47;8.42;5.05;5.02
31082;2600.54;2707.38;2507.93;11.3;10.17;5.22;4.69
31083;1730.33;1566.17;2058.67;8.75;8.1;6.07;5.62
31084;1770.38;1685.18;1864.1;8.75;7.25;5.93;4.91
31085;1786.55;1961.89;1576.13;8.65;6.81;5.81;4.57
31086;1477.0;909.0;2045.0;8.75;6.84;7.11;5.56
31088;2989.44;3140.56;2818.17;10.68;10.47;4.29;4.2
31089;2978.2;2947.78;3023.83;10.81;8.95;4.36;3.61
31090;1315.67;1253.33;1378.0;8.61;6.58;7.85;6.0
31091;2832.04;2823.67;2845.93;11.19;10.2;4.74;4.32
31092;1376.5;1653.67;545.0;7.42;7.15;6.47;6.23
31093;2206.09;2102.27;2400.75;8.99;8.38;4.89;4.56
31094;2604.25;2564.82;2667.09;9.98;9.95;4.6;4.58
31097;2183.5;1710.2;2446.44;8.93;7.61;4.91;4.18
31098;1926.44;2003.11;1829.33;8.61;8.38;5.36;5.22
31099;2474.67;2211.0;2550.0;9.33;7.18;4.53;3.48
31100;2007.3;1935.78;2107.0;9.48;7.96;5.67;4.76
31101;3101.33;2997.55;4243.0;9.77;9.66;3.78;3.74
31102;2208.62;2524.0;2019.4;8.81;8.64;4.79;4.7
31104;2414.17;2493.0;2256.5;9.3;8.82;4.62;4.38
31105;2684.86;2226.75;3295.67;10.97;8.64;4.9;3.86
31106;2284.21;2294.48;2276.22;10.25;8.91;5.39;4.68
31107;2268.27;2285.21;2247.85;10.31;9.13;5.45;4.83
31108;2491.33;2383.0;2708.0;7.99;7.55;3.85;3.64
31109;1240.81;993.38;1488.25;7.99;8.1;7.73;7.83
31110;1629.94;1740.88;1519.0;8.0;7.25;5.89;5.33
31111;2724.67;2661.5;2756.25;9.4;7.96;4.14;3.51
31113;3301.17;3383.48;3192.84;12.27;11.59;4.46;4.21
31116;2867.5;2874.23;2857.72;11.42;10.27;4.78;4.3
31117;3387.91;3263.56;3684.42;11.74;10.88;4.16;3.85
31118;2678.03;2660.13;2697.31;10.42;9.85;4.67;4.41
31119;1696.0;1658.0;1772.0;8.24;8.1;5.83;5.73
31120;2896.33;2472.67;3178.78;10.81;9.57;4.48;3.97
31124;1961.67;1939.6;2072.0;8.9;7.55;5.45;4.62
31126;1922.83;2090.33;1755.33;9.83;8.38;6.13;5.23
31128;2080.24;2268.0;1829.89;9.18;7.96;5.29;4.59
31132;3209.25;2718.0;4683.0;8.65;8.42;3.23;3.15
31133;1566.5;625.0;2508.0;8.11;7.15;6.22;5.48
31134;685.0;915.0;455.0;8.75;6.84;15.33;11.99
31135;1749.16;1706.79;1811.01;8.51;8.08;5.84;5.54
31136;2937.26;2678.84;3195.68;10.68;9.91;4.36;4.05
31139;1261.86;1417.8;872.0;8.65;7.15;8.22;6.8
31140;1743.33;1702.0;1795.0;8.65;7.25;5.95;4.99
31141;2397.33;1834.67;2960.0;7.99;6.84;4.0;3.43
31142;2140.0;2091.33;2176.5;8.11;7.15;4.55;4.01
31143;1318.6;1313.75;1338.0;8.9;7.22;8.1;6.57
31144;1766.06;1647.65;1909.86;8.65;7.15;5.88;4.86
31145;2077.13;2089.16;2062.34;9.4;8.62;5.43;4.98
31147;1859.93;1995.0;1758.62;7.42;7.22;4.79;4.66
31148;2887.22;2966.5;2728.67;11.81;10.38;4.91;4.31
31149;2757.2;2760.07;2753.59;11.99;11.15;5.22;4.85
31150;2935.88;2859.91;3013.15;11.72;10.57;4.79;4.32
31151;3065.85;2943.0;3142.62;11.11;10.38;4.35;4.06
31152;1354.67;2500.0;782.0;8.2;8.1;7.27;7.17
31153;2198.15;2029.15;2512.0;9.18;7.59;5.01;4.14
31155;1490.36;1330.0;1771.0;8.0;7.25;6.44;5.83
31156;1860.75;1341.0;2172.6;8.99;8.38;5.8;5.41
31157;2891.93;2924.85;2852.17;11.69;10.75;4.85;4.46
31158;1635.0;1252.5;2400.0;9.13;8.73;6.7;6.4
31159;1405.0;1552.25;1110.5;8.9;7.22;7.6;6.17
31160;2874.88;3078.2;2581.85;10.37;9.83;4.33;4.1
31161;4212.85;4670.27;3653.78;10.73;10.37;3.06;2.95
31162;3211.27;3205.44;3220.0;10.73;9.51;4.01;3.56
31163;3322.76;3315.29;3332.72;11.3;10.94;4.08;3.95
31164;1805.67;1481.0;1968.0;8.99;8.95;5.97;5.95
31165;2788.29;2782.83;2795.41;10.15;10.18;4.37;4.38
31166;2146.6;2040.0;2217.67;8.77;9.33;4.9;5.22
31167;1737.12;1752.58;1700.0;8.0;7.25;5.53;5.0
31168;1781.5;2636.0;927.0;8.32;8.1;5.6;5.46
31169;3358.9;3341.55;3386.56;12.11;10.99;4.33;3.92
31170;2130.25;1957.0;2650.0;7.99;6.84;4.5;3.85
31171;2637.0;3390.33;2072.0;11.11;10.37;5.06;4.72
31173;2203.17;1967.25;2675.0;9.4;7.96;5.12;4.34
31174;1503.5;1420.08;1628.62;8.0;7.25;6.39;5.78
31175;1799.6;1840.33;1738.5;8.0;7.55;5.33;5.03
31176;1216.0;1255.8;1116.5;8.65;7.15;8.53;7.05
31177;1404.25;1190.5;1618.0;7.42;7.15;6.34;6.11
31178;1595.25;1169.5;2021.0;8.32;8.1;6.26;6.09
31179;2102.7;1984.0;2153.57;8.81;7.61;5.03;4.35
31181;2428.0;2302.16;2578.04;9.18;9.87;4.54;4.88
31182;2751.45;2794.24;2706.65;11.11;10.05;4.85;4.38
31183;1690.0;1726.0;1672.0;8.75;7.55;6.21;5.36
31184;4003.62;4170.08;3814.45;11.85;10.94;3.55;3.28
31186;2876.27;2893.52;2849.24;11.32;10.22;4.72;4.26
31187;2838.44;2830.31;2848.8;10.75;10.08;4.55;4.26
31188;2845.6;2885.23;2803.07;8.77;10.25;3.7;4.32
31189;1453.33;1578.0;1391.0;8.2;8.49;6.77;7.01
31190;1329.72;1069.6;1429.77;7.75;7.15;6.99;6.45
31191;1521.0;1714.17;941.5;8.0;7.25;6.31;5.72
31192;2776.78;2161.33;3392.22;10.73;9.51;4.64;4.11
31193;1697.53;1756.81;1630.52;8.24;8.1;5.83;5.72
31194;1757.75;1720.67;1869.0;10.2;8.64;6.96;5.9
31197;1483.4;1316.43;1873.0;9.13;7.22;7.39;5.84
31199;1797.42;1550.4;1973.86;7.42;7.15;4.96;4.77
31202;2569.57;2547.15;2602.67;9.83;10.27;4.59;4.79
31203;2865.27;2989.61;2700.4;11.45;10.59;4.8;4.44
31205;2735.81;2750.98;2716.95;11.24;10.06;4.93;4.41
31206;1584.4;1489.67;1661.91;9.4;6.63;7.12;5.02
31207;1107.37;1164.83;935.0;7.42;7.22;8.04;7.82
31208;1736.3;2072.8;1399.8;8.0;7.25;5.53;5.01
31210;2324.97;2249.83;2453.79;9.33;9.17;4.82;4.73
31211;2876.29;2952.8;2685.0;11.01;10.18;4.59;4.25
31212;3420.12;3542.74;3031.83;10.81;10.69;3.79;3.75
31213;2102.4;2064.5;2127.67;8.11;7.15;4.63;4.08
31215;3135.33;3249.5;2222.0;9.8;10.17;3.75;3.89
31216;2580.5;2559.0;2623.5;10.96;9.8;5.1;4.56
31218;1173.0;611.0;1454.0;8.9;7.22;9.11;7.39
31219;2426.0;2319.43;2674.67;9.18;8.9;4.54;4.4
31220;2016.58;2033.9;1930.0;7.6;7.96;4.52;4.74
31221;1725.77;1657.2;1862.9;8.11;7.15;5.64;4.97
31224;1248.71;1248.29;1249.11;8.78;7.22;8.43;6.94
31226;1570.33;1211.0;2289.0;8.09;7.59;6.18;5.8
31227;3793.11;3849.25;3748.2;11.7;10.38;3.7;3.28
31228;2894.0;2837.3;2970.55;10.96;11.61;4.54;4.82
31229;2215.45;2295.71;1942.6;8.32;8.1;4.51;4.39
31230;2955.47;3010.0;2893.45;10.85;10.5;4.4;4.26
31231;2604.62;2598.0;2611.25;9.18;8.82;4.23;4.06
31232;2463.74;2266.93;2516.22;9.94;9.89;4.84;4.82
31233;2667.19;2562.78;2801.43;9.48;8.82;4.26;3.97
31234;2005.2;1791.5;2147.67;9.83;9.57;5.88;5.73
31236;1201.38;957.5;1282.67;8.0;7.25;7.99;7.24
31237;991.73;1056.38;819.33;8.0;7.25;9.68;8.77
31238;1341.12;1269.0;1514.2;8.9;7.22;7.97;6.46
31239;1367.13;1292.1;1452.89;8.22;8.1;7.22;7.11
31240;2729.57;2866.8;2386.5;10.73;9.51;4.72;4.18
31241;1132.0;1109.67;1148.75;8.65;7.22;9.17;7.65
31242;2790.0;3030.0;2550.0;8.47;8.42;3.64;3.62
31243;2083.0;2354.0;1947.5;8.93;7.61;5.14;4.39
31244;1919.17;1920.2;1914.0;8.65;7.15;5.41;4.47
31245;1410.5;1683.2;1137.8;8.65;7.25;7.36;6.16
31246;1450.82;1356.9;1585.0;8.75;7.55;7.24;6.25
31247;1385.07;1404.42;1362.95;7.42;7.22;6.43;6.25
31248;2897.72;2950.88;2811.64;11.2;10.2;4.64;4.23
31249;2597.77;2662.61;2306.0;10.73;9.51;4.96;4.39
31250;2202.39;2171.2;2241.38;9.3;8.1;5.07;4.41
31251;1133.5;1084.33;1281.0;8.2;8.1;8.68;8.57
31252;2851.24;2823.15;2896.88;11.01;10.18;4.64;4.29
31253;2576.28;2591.0;2551.96;10.91;9.66;5.08;4.5
31254;3322.86;3423.07;3177.55;12.62;11.59;4.56;4.18
31255;1564.0;1635.2;1208.0;7.42;7.22;5.7;5.54
31258;2105.83;1994.4;2663.0;9.18;7.96;5.23;4.54
31259;3473.47;3640.84;3299.12;11.89;9.81;4.11;3.39
31260;1323.0;1277.0;1369.0;8.75;7.55;7.94;6.85
31261;2408.56;2499.54;2310.0;9.3;8.9;4.63;4.43
31262;2279.87;2647.22;1728.83;9.33;7.18;4.91;3.78
31263;2691.73;2667.3;2710.05;9.48;8.82;4.23;3.93
31264;2457.56;2475.5;2421.67;9.18;8.82;4.48;4.31
31265;1864.86;2148.0;1157.0;7.02;8.38;4.52;5.4
31266;1953.5;2306.0;1836.0;9.58;8.49;5.89;5.21
31268;1361.0;1372.5;1338.0;8.75;7.55;7.71;6.66
31269;2442.27;2226.93;2857.57;9.77;9.66;4.8;4.75
31270;1810.12;1945.75;1674.5;8.75;7.55;5.8;5.01
31271;2924.9;2956.48;2893.33;11.49;10.19;4.71;4.18
31273;3377.28;3543.7;3210.87;10.81;10.35;3.84;3.68
31275;1834.33;2400.0;1551.5;8.61;8.38;5.63;5.49
31276;1422.82;1376.83;1478.0;8.9;7.22;7.51;6.09
31277;2766.76;2704.69;2814.05;10.6;9.57;4.6;4.15
31278;2282.86;1908.25;2782.33;8.9;7.55;4.68;3.97
31279;2822.67;3917.5;633.0;9.4;7.59;4.0;3.23
31280;1721.92;1741.18;1616.0;9.18;7.96;6.4;5.55
31281;2035.71;1986.18;2112.27;8.61;8.95;5.07;5.28
31282;2829.81;2701.52;2982.77;11.64;10.66;4.94;4.52
31283;2193.0;2083.0;2229.67;9.3;8.49;5.09;4.64
31284;3446.1;3569.0;3357.33;11.85;11.59;4.13;4.03
31285;3220.88;3150.6;3250.17;9.8;10.17;3.65;3.79
31286;1999.87;1974.9;2049.8;9.18;8.9;5.51;5.34
31287;2492.47;2507.39;2477.22;10.54;9.89;5.07;4.76
31288;2449.25;2869.5;2029.0;9.68;8.46;4.74;4.15
31291;2764.88;2782.36;2739.99;10.86;10.6;4.72;4.6
31293;3034.47;2854.37;3255.74;11.32;9.76;4.48;3.86
31294;1337.67;1203.0;1607.0;8.75;7.25;7.85;6.5
31296;1440.0;2354.0;526.0;8.75;7.55;7.29;6.29
31297;2668.18;2762.76;2535.19;9.91;9.16;4.45;4.12
31299;2580.02;2582.74;2575.5;10.71;9.59;4.98;4.46
31300;1282.17;989.0;1428.75;7.42;7.55;6.95;7.07
31301;1781.5;1656.0;1907.0;7.99;8.1;5.38;5.46
31302;1706.33;1625.5;1868.0;8.75;7.22;6.15;5.08
31303;2282.04;2251.56;2326.16;9.3;9.84;4.89;5.18
31304;2640.11;3004.2;2185.0;10.2;8.64;4.64;3.93
31305;1078.0;958.67;1197.33;9.13;7.22;10.16;8.04
31306;2615.88;962.0;3608.2;7.42;7.22;3.41;3.31
31308;749.0;741.0;765.0;7.42;7.22;11.89;11.57
31309;1687.11;1843.67;1374.0;8.32;8.1;5.92;5.76
31310;2115.83;2034.5;2278.5;9.33;7.61;5.29;4.32
31311;2933.74;2782.09;3142.25;9.68;8.46;3.96;3.46
31313;1775.71;1930.75;1569.0;7.42;7.25;5.02;4.9
31314;1444.9;1467.57;1392.0;8.75;6.84;7.27;5.68
31315;1310.63;1316.45;1305.69;8.0;7.25;7.32;6.63
31316;1447.44;1361.0;1533.89;8.65;7.15;7.17;5.93
31317;2196.64;1999.38;2722.67;8.32;8.9;4.54;4.86
31318;1566.5;1953.67;1334.2;8.24;7.04;6.31;5.39
31319;2271.25;2368.33;1980.0;9.4;7.59;4.97;4.01
31320;2681.32;2645.75;2742.29;9.3;8.82;4.16;3.95
31323;1416.71;1649.4;835.0;8.9;7.22;7.54;6.11
31324;1725.05;1886.16;1534.11;9.02;7.04;6.27;4.9
31327;1941.57;1934.0;1951.67;8.24;7.25;5.09;4.48
31328;2671.0;2834.22;1202.0;10.73;9.51;4.82;4.27
31330;2117.17;1447.0;2251.2;9.18;8.82;5.2;5.0
31331;2989.71;3825.33;2363.0;10.97;9.51;4.4;3.82
31332;2337.75;2456.5;2219.0;9.48;9.17;4.86;4.71
31334;2602.5;2585.27;2629.57;9.48;9.35;4.37;4.31
31335;2207.0;2250.0;2185.5;8.47;8.42;4.61;4.58
31336;1647.78;1469.36;1925.33;8.0;7.25;5.83;5.28
31337;1537.27;1666.12;1193.67;7.75;6.81;6.05;5.31
31338;2651.75;2782.0;2261.0;10.81;9.57;4.89;4.33
31339;2532.8;2171.75;3977.0;9.69;9.79;4.59;4.64
31340;6856.0;3890.33;11304.5;11.81;11.43;2.07;2.0
31341;2657.77;2713.77;1969.86;10.48;9.94;4.73;4.49
31342;1821.6;1658.5;2474.0;8.65;7.25;5.7;4.77
31344;1066.5;1064.44;1067.92;8.0;7.55;9.0;8.5
31345;2429.46;2395.07;2478.32;9.48;8.82;4.68;4.36
31346;2653.85;2557.43;2878.83;8.17;8.46;3.69;3.83
31348;1007.67;1289.0;445.0;7.42;7.22;8.84;8.6
31349;1971.71;1782.8;2444.0;8.75;7.04;5.32;4.28
31350;1846.5;2169.0;1201.5;8.32;8.1;5.41;5.26
31351;2725.16;2738.07;2707.88;11.24;10.2;4.95;4.49
31352;8735.67;10900.0;4407.0;9.8;10.69;1.35;1.47
31355;4098.14;4078.53;4140.14;11.3;12.06;3.31;3.53
31356;2954.28;2922.5;2988.71;9.83;8.95;3.99;3.64
31357;1525.64;1711.33;690.0;8.0;7.25;6.29;5.7
31358;3039.61;3003.25;3085.31;11.1;10.92;4.38;4.31
31360;2558.96;2433.27;2651.13;8.65;7.15;4.05;3.35
31361;2329.0;2077.0;2581.0;9.18;8.82;4.73;4.54
31362;2310.2;2696.0;2053.0;8.09;7.04;4.2;3.66
31363;1819.67;1609.0;1861.8;7.99;8.1;5.27;5.34
31364;2958.24;3102.5;2789.1;10.81;10.16;4.39;4.12
31365;1494.46;1815.75;980.4;8.24;7.04;6.62;5.65
31366;3039.24;3114.2;3008.0;11.11;10.37;4.39;4.09
31368;2746.33;3053.0;2593.0;9.33;9.17;4.08;4.01
31369;1752.0;1460.0;2044.0;7.42;7.22;5.08;4.94
31371;1603.4;1562.75;1766.0;8.81;7.61;6.59;5.7
31372;1221.21;1185.0;1269.5;8.75;7.55;8.6;7.42
31373;2172.5;2481.0;1864.0;8.32;8.1;4.6;4.47
31374;2324.05;1720.36;3154.12;10.73;9.51;5.54;4.91
31375;1677.94;1727.6;1625.85;9.03;7.52;6.46;5.38
31376;1475.2;1546.17;1368.75;8.75;7.25;7.12;5.89
31377;2567.27;2800.0;2288.0;9.33;9.17;4.36;4.29
31378;1216.0;1603.0;1022.5;8.75;8.1;8.63;7.99
31379;1614.0;1771.5;1456.5;9.18;8.82;6.82;6.56
31380;2548.33;2695.0;1375.0;7.6;9.17;3.58;4.32
31381;2790.42;2965.29;2592.23;10.73;9.51;4.61;4.09
31383;2975.25;3108.62;2817.64;10.81;9.8;4.36;3.95
31384;3290.27;3314.75;3261.47;10.73;9.51;3.91;3.47
31385;1375.29;1507.0;1046.0;7.99;6.84;6.97;5.97
31386;1788.56;1635.4;1980.0;8.75;8.1;5.87;5.43
31387;2249.75;3014.0;1995.0;8.24;8.1;4.4;4.32
31388;3613.25;3548.0;3635.0;9.8;10.17;3.26;3.38
31389;3267.16;3246.12;3291.89;11.79;11.2;4.33;4.11
31390;1213.58;1238.77;1181.04;8.74;7.22;8.64;7.14
31391;1724.62;1789.89;1577.75;8.75;7.55;6.09;5.25
31394;1891.25;1195.0;2587.5;8.11;7.15;5.15;4.54
31395;2443.51;2531.32;2334.68;11.5;10.23;5.65;5.03
31396;1959.01;2010.19;1896.4;8.77;9.61;5.37;5.89
31398;1381.62;1567.0;825.5;7.99;7.22;6.94;6.27
31399;2399.27;2376.24;2427.03;9.18;10.33;4.59;5.17
31401;2586.67;2735.0;2438.33;10.73;9.51;4.98;4.41
31402;3018.53;2785.17;3174.11;10.97;10.94;4.36;4.35
31403;2686.86;2514.1;2830.83;9.74;9.43;4.35;4.21
31405;1063.25;878.5;1617.5;8.65;7.15;9.76;8.07
31406;1658.33;1529.11;1755.25;8.75;7.04;6.33;5.09
31407;2593.82;2527.88;2695.73;10.81;9.8;5.0;4.53
31408;917.5;590.0;1245.0;7.42;7.22;9.71;9.44
31409;3338.23;3278.73;3437.39;11.53;11.55;4.15;4.15
31410;2940.12;2860.79;3045.4;11.29;10.68;4.61;4.36
31411;3361.82;3574.43;2989.75;12.25;11.45;4.37;4.09
31412;1787.71;1788.5;1786.67;8.32;6.84;5.58;4.59
31413;2366.12;2329.69;2484.5;8.61;8.38;4.36;4.25
31415;2160.75;1635.5;2686.0;8.75;8.1;4.86;4.5
31416;2191.71;2261.6;2017.0;9.3;8.9;5.09;4.87
31417;3143.97;3128.91;3163.12;11.41;10.81;4.36;4.13
31418;4158.39;4456.27;3885.33;12.82;12.06;3.7;3.48
31419;2128.6;1858.33;2534.0;8.2;8.1;4.62;4.57
31420;2907.71;3127.3;2594.0;11.52;9.81;4.75;4.05
31421;2721.99;2799.28;2609.74;11.52;10.37;5.08;4.57
31423;2000.67;2249.0;1504.0;9.3;8.49;5.58;5.09
31424;3117.34;3131.16;3100.19;11.51;10.7;4.43;4.12
31425;1746.69;1571.25;1805.17;8.24;7.59;5.66;5.22
31426;1327.56;1526.2;996.5;8.9;7.22;8.05;6.53
31427;1276.61;1308.0;1227.78;8.75;7.55;8.22;7.1
31428;2629.75;2813.5;2446.0;8.2;8.1;3.74;3.7
31429;3272.9;3358.58;3144.38;11.81;10.37;4.33;3.8
31430;1484.0;1417.5;1583.75;8.9;7.22;7.2;5.84
31431;1508.82;1490.6;1524.0;8.65;7.25;6.88;5.76
31432;2140.5;1567.0;2714.0;8.47;8.42;4.75;4.72
31433;2968.31;3038.05;2884.45;12.22;10.9;4.94;4.41
31435;2577.33;2430.33;2724.33;9.77;9.35;4.55;4.35
31436;1855.25;2601.0;1606.67;8.32;8.1;5.38;5.24
31439;3859.67;3685.5;4208.0;10.97;10.94;3.41;3.4
31441;2719.25;3147.0;2291.5;10.2;8.64;4.5;3.81
31442;2177.73;1913.33;2354.0;9.18;8.82;5.06;4.86
31443;1283.42;1758.5;1188.4;7.99;6.84;7.47;6.4
31444;2537.71;3076.5;1819.33;8.99;8.38;4.25;3.96
31445;3442.01;3337.12;3642.9;12.57;11.89;4.38;4.14
31446;3135.87;3093.12;3195.41;12.64;11.18;4.84;4.28
31447;897.0;996.5;698.0;8.65;7.25;11.57;9.69
31448;3440.36;3870.6;3081.83;11.81;10.38;4.12;3.62
31449;1662.67;1940.0;1524.0;7.42;7.55;5.36;5.45
31450;2409.82;2440.25;2328.67;9.33;9.17;4.65;4.57
31451;1958.22;1993.11;1921.51;8.53;8.14;5.23;4.99
31454;2085.96;2064.87;2113.09;9.23;9.9;5.31;5.69
31455;1885.27;1972.34;1714.75;9.18;7.59;5.84;4.83
31456;1056.33;1138.0;1015.5;9.3;8.1;10.56;9.2
31457;1422.04;1385.8;1482.44;8.75;7.25;7.38;6.11
31458;2931.05;2847.75;3018.37;11.56;9.87;4.73;4.04
31459;3063.25;2939.73;3335.0;10.96;9.27;4.29;3.63
31460;2816.26;2839.14;2783.86;11.02;9.73;4.7;4.15
31461;1417.0;1175.5;1900.0;8.0;7.55;6.77;6.39
31462;3072.82;3073.51;3071.73;12.14;10.69;4.74;4.18
31463;1694.29;1706.2;1664.5;8.81;7.61;6.24;5.39
31464;2603.0;2040.2;4010.0;9.58;9.35;4.42;4.31
31465;1616.0;1524.0;1708.0;8.11;8.42;6.03;6.26
31466;2733.6;2649.0;2830.29;8.77;9.33;3.85;4.1
31467;3017.08;3032.87;2992.38;11.07;10.33;4.4;4.11
31470;1720.0;1657.29;1845.43;8.11;7.15;5.66;4.99
31471;1181.26;1101.79;1370.0;8.65;7.15;8.78;7.26
31472;1895.67;1965.0;1826.33;9.13;7.15;5.78;4.52
31473;1717.09;1666.44;1759.74;8.99;8.38;6.28;5.86
31474;1431.6;1463.5;1304.0;9.18;7.59;7.69;6.36
31475;2440.68;2419.5;2453.57;9.77;9.66;4.81;4.75
31476;2051.21;2211.5;1776.43;8.32;8.9;4.87;5.21
31478;1715.06;1757.25;1650.15;8.93;7.36;6.25;5.15
31480;3542.44;3658.04;3369.06;12.23;10.94;4.14;3.7
31481;2332.03;2544.0;2131.21;9.58;9.35;4.93;4.81
31482;1562.8;1969.33;953.0;8.32;8.1;6.39;6.22
31483;1356.41;1314.54;1405.01;8.64;7.93;7.64;7.02
31484;3020.52;3074.58;2970.62;11.48;10.69;4.56;4.25
31486;2612.98;2662.81;2504.53;9.3;9.35;4.27;4.29
31487;963.0;1034.0;892.0;8.75;7.55;10.9;9.41
31488;3311.11;3273.85;3357.82;12.53;11.24;4.54;4.07
31490;2762.42;2769.57;2752.33;11.05;9.47;4.8;4.11
31491;1783.0;1515.0;2158.2;8.93;7.61;6.01;5.13
31492;2019.57;1867.62;2222.17;9.18;8.9;5.45;5.29
31493;2062.0;1495.0;2345.5;8.75;6.84;5.09;3.98
31495;2349.67;2107.17;2592.17;10.73;9.51;5.48;4.86
31496;2355.0;1460.0;3250.0;9.69;9.79;4.94;4.99
31497;3352.54;3365.06;3341.9;11.65;10.48;4.17;3.75
31498;1968.0;3213.0;723.0;8.9;6.84;5.43;4.17
31499;2520.84;2542.93;2488.17;10.19;9.66;4.85;4.6
31500;2569.18;2281.65;2818.37;8.65;7.15;4.04;3.34
31501;3403.67;3916.33;2891.0;9.8;10.17;3.46;3.58
31502;1510.78;1512.25;1509.6;8.75;6.84;6.95;5.44
31503;1373.08;1426.29;1298.6;8.75;7.55;7.65;6.6
31504;1721.0;1331.5;2500.0;8.75;7.55;6.1;5.26
31505;1605.07;1137.25;1792.2;8.24;7.59;6.16;5.68
31506;3319.75;3334.83;3300.54;12.41;11.35;4.48;4.1
31507;2301.0;2341.13;2236.5;10.04;9.72;5.23;5.07
31509;1400.4;1375.5;1500.0;7.42;7.22;6.36;6.19
31512;3529.0;3646.7;3360.86;11.3;10.94;3.84;3.72
31513;1696.5;930.0;2846.25;8.9;7.22;6.3;5.11
31515;2910.91;3149.67;1836.5;9.74;9.43;4.01;3.89
31516;2742.47;2800.26;2642.64;10.64;9.48;4.66;4.15
31517;2084.28;1899.96;2340.28;10.15;7.96;5.84;4.58
31519;2402.25;2311.5;2493.0;10.97;8.64;5.48;4.32
31520;1978.5;2618.0;1339.0;8.2;8.1;4.98;4.91
31521;1042.5;995.0;1090.0;8.0;7.25;9.21;8.34
31523;1703.4;1707.29;1698.45;8.63;7.25;6.08;5.1
31525;2938.17;2886.33;2990.0;8.32;8.9;3.4;3.63
31526;2924.78;2948.17;2887.19;11.07;10.55;4.54;4.33
31527;2796.0;2288.2;3642.33;10.2;8.64;4.38;3.71
31528;1459.67;1376.0;1501.5;8.75;6.84;7.19;5.63
31529;2032.0;673.0;2711.5;8.32;7.04;4.91;4.16
31531;1577.67;1276.0;1728.5;8.9;7.22;6.77;5.49
31533;2856.77;2871.71;2838.64;11.04;9.81;4.64;4.12
31534;2489.67;2540.2;2237.0;10.2;8.64;4.92;4.17
31535;1301.88;1244.73;1379.82;8.9;7.22;8.21;6.65
31536;1893.8;1946.25;1684.0;8.9;7.55;5.64;4.78
31537;1992.0;2614.0;1370.0;8.75;7.55;5.27;4.55
31538;2042.0;1232.0;2447.0;9.77;8.1;5.74;4.76
31540;3514.75;3196.5;3833.0;10.97;8.64;3.75;2.95
31541;3214.16;3168.49;3269.99;12.15;11.29;4.54;4.21
31542;1168.5;1368.0;969.0;8.9;7.22;9.14;7.41
31544;1170.0;1104.0;1209.6;8.65;7.25;8.87;7.43
31546;2443.33;2326.0;2560.67;10.73;9.17;5.27;4.5
31547;2610.08;2669.71;2532.06;10.86;9.82;4.99;4.51
31548;2242.67;4037.0;1345.5;7.42;8.42;3.97;4.51
31550;1500.08;1488.86;1513.17;8.0;7.25;6.4;5.8
31551;2738.83;2842.14;2594.2;10.73;9.51;4.7;4.17
31552;1539.75;1495.67;1672.0;8.24;7.04;6.42;5.49
31553;2337.25;2253.17;2463.38;9.83;9.57;5.05;4.91
31554;2009.5;994.0;3025.0;8.24;7.25;4.92;4.33
31555;3643.33;3667.19;3611.65;13.48;11.95;4.44;3.94
31556;1759.33;1832.8;1392.0;8.9;7.22;6.07;4.92
31557;3494.2;3471.22;3524.93;12.27;11.39;4.21;3.91
31558;2556.67;2651.33;2367.33;9.33;8.64;4.38;4.06
31560;2718.73;2628.25;2822.14;10.97;7.61;4.84;3.36
31561;3482.64;3506.53;3451.27;12.18;10.82;4.2;3.73
31563;3281.22;3286.44;3276.0;10.81;10.18;3.95;3.72
31564;1236.0;1006.0;1696.0;7.42;7.15;7.21;6.94
31565;1027.05;1051.56;1008.67;8.9;7.22;10.4;8.43
31566;2755.44;2868.75;2664.8;9.33;7.61;4.07;3.32
31567;3879.71;3759.0;3970.25;9.8;10.94;3.03;3.38
31568;2590.33;2680.0;2500.67;10.73;7.61;4.97;3.53
31569;2247.86;1731.33;2635.25;8.79;7.36;4.69;3.93
31570;1225.17;1131.67;1318.67;9.33;7.61;9.14;7.46
31572;2723.91;2590.78;2816.08;10.73;10.16;4.73;4.48
31573;2730.34;2695.17;2764.04;10.79;9.65;4.74;4.24
31574;2677.12;2727.58;2613.2;11.04;10.35;4.95;4.64
31575;4237.09;4778.38;3455.22;12.81;11.43;3.63;3.24
31576;2199.33;2049.67;2349.0;10.73;9.51;5.85;5.19
31578;3731.43;3063.55;4466.1;12.25;11.43;3.94;3.68
31579;2950.24;2946.36;2968.33;11.01;10.18;4.48;4.14
31580;3061.83;2989.14;3163.6;11.04;9.81;4.33;3.85
31581;2515.95;2532.69;2488.75;8.99;9.28;4.29;4.43
31582;2823.08;2837.49;2802.23;9.8;8.64;4.16;3.67
31583;2512.7;2667.5;2287.55;9.68;9.27;4.62;4.43
31584;2141.65;2092.29;2207.85;9.69;8.66;5.43;4.85
31585;1664.51;1634.14;1714.53;8.9;7.55;6.42;5.44
31586;1315.63;1326.57;1239.0;9.13;6.84;8.33;6.24
31587;2672.25;2945.4;2217.0;9.68;9.27;4.35;4.16
31588;2878.34;2812.68;2946.19;11.41;10.37;4.76;4.32
31589;2335.58;2283.77;2447.83;9.33;9.17;4.8;4.71
31591;1340.0;1081.67;1533.75;8.24;7.04;7.38;6.3
31592;2553.88;2669.85;2453.04;9.83;8.95;4.62;4.21
31593;1527.0;2174.0;1203.5;9.3;8.1;7.31;6.36
32001;1350.42;1191.13;1567.64;8.06;7.3;7.16;6.48
32004;1379.67;1481.0;1329.0;7.66;7.3;6.66;6.35
32005;1837.0;1600.5;2546.5;7.64;7.3;4.99;4.77
32007;1377.4;1202.0;1640.5;9.83;7.45;8.56;6.49
32009;1663.0;1831.0;1495.0;8.06;7.37;5.81;5.32
32012;1950.5;2256.7;1567.75;8.38;7.45;5.15;4.58
32013;1791.48;1802.1;1778.46;9.29;9.84;6.22;6.59
32016;2019.14;1946.0;2074.0;8.95;9.33;5.32;5.55
32017;1584.25;1475.67;1910.0;8.85;7.17;6.71;5.43
32018;1846.33;1828.0;1855.5;8.2;8.49;5.33;5.52
32019;1850.91;1786.78;2139.5;8.95;8.21;5.8;5.33
32020;1904.33;2256.0;1728.5;8.9;7.37;5.61;4.64
32022;1364.33;1401.2;1180.0;7.66;7.3;6.74;6.42
32024;1277.33;1205.0;1313.5;8.35;7.97;7.85;7.49
32025;1487.0;1757.2;1149.25;7.64;6.22;6.17;5.02
32027;1378.02;1456.6;1306.59;8.06;7.17;7.02;6.24
32028;1220.25;1293.67;1000.0;7.41;6.79;7.29;6.68
32029;1309.92;1546.38;931.6;7.79;7.97;7.14;7.3
32030;1230.0;1076.0;1281.33;7.88;6.79;7.69;6.62
32031;1705.0;1617.0;1969.0;7.64;6.22;5.38;4.38
32032;1393.53;1420.58;1285.33;7.41;7.3;6.38;6.28
32033;1119.4;1175.0;1105.5;8.12;7.97;8.71;8.55
32034;1894.33;2210.0;1263.0;7.88;6.68;4.99;4.23
32035;1205.88;1379.0;917.33;8.3;6.94;8.26;6.91
32036;1676.88;1517.25;1836.5;7.41;7.3;5.3;5.22
32037;1536.56;1532.0;1540.2;8.35;6.85;6.52;5.35
32041;1882.33;1993.0;1827.0;7.99;6.79;5.09;4.33
32043;1217.8;1141.5;1268.67;8.12;7.3;8.0;7.19
32044;2164.4;3093.0;1932.25;8.35;7.01;4.63;3.89
32045;2445.43;2343.5;3057.0;7.79;6.79;3.82;3.33
32046;2173.67;2078.0;2365.0;8.85;7.17;4.89;3.96
32049;1222.5;1109.0;1336.0;7.66;7.3;7.52;7.16
32053;2157.5;2222.0;2093.0;7.99;6.79;4.45;3.78
32054;1515.8;1424.86;1728.0;8.3;8.21;6.57;6.5
32058;1877.5;1296.0;2459.0;8.9;7.37;5.69;4.71
32060;1920.33;1903.0;1955.0;8.95;8.21;5.59;5.13
32062;1119.6;933.5;1243.67;7.66;7.13;8.21;7.64
32063;1231.56;980.0;1357.33;7.66;7.13;7.47;6.94
32064;1558.0;1090.33;1838.6;8.12;6.94;6.26;5.35
32065;1492.57;1552.0;1448.0;8.3;7.97;6.67;6.41
32066;1677.75;1489.8;1991.0;7.02;7.97;5.02;5.7
32068;1664.5;1407.0;1750.33;7.02;6.58;5.06;4.74
32073;1107.29;1379.75;744.0;7.66;6.94;8.3;7.52
32076;1696.68;1667.79;1777.6;8.2;8.49;5.8;6.0
32077;1938.0;1824.67;2278.0;7.79;7.97;4.82;4.94
32079;1236.64;1168.25;1323.68;8.12;6.22;7.88;6.03
32080;1904.75;2048.8;1664.67;8.13;6.85;5.12;4.32
32081;1346.4;1734.33;764.5;8.06;7.3;7.18;6.5
32082;1896.33;2218.0;1253.0;8.13;7.01;5.14;4.44
32083;1392.0;1382.55;1401.45;8.3;7.97;7.15;6.87
32084;2994.5;4293.0;1696.0;8.74;6.77;3.5;2.71
32085;1866.57;1849.0;1879.75;7.61;6.58;4.89;4.23
32086;1650.33;1242.0;1854.5;7.17;6.68;5.21;4.86
32087;885.75;764.33;1250.0;7.64;7.13;10.35;9.66
32090;2796.5;2855.67;2619.0;8.77;8.49;3.76;3.64
32091;2160.0;2322.0;1836.0;8.3;8.21;4.61;4.56
32092;2015.0;1258.0;2772.0;9.83;7.45;5.85;4.44
32093;2000.0;2677.0;1661.5;8.85;7.17;5.31;4.3
32094;1545.83;1238.57;1976.0;7.64;6.22;5.93;4.83
32095;1648.94;1426.75;1871.12;8.35;7.01;6.08;5.1
32096;1424.5;1442.25;1405.55;8.77;6.22;7.39;5.24
32098;2595.44;2634.25;2564.4;8.77;8.49;4.05;3.92
32099;1822.0;2033.0;1400.0;8.9;6.68;5.86;4.4
32102;1707.29;1574.0;1760.6;8.3;6.94;5.83;4.88
32104;1627.0;1459.75;2296.0;7.79;6.79;5.75;5.01
32106;1919.1;2039.56;1752.31;8.61;8.38;5.38;5.24
32107;1439.83;1445.76;1432.32;8.81;6.93;7.35;5.77
32108;1444.0;2053.0;835.0;8.06;7.17;6.7;5.96
32109;1383.33;1377.0;1396.0;8.06;7.3;6.99;6.33
32110;1507.38;1677.67;1361.43;8.12;6.85;6.47;5.45
32113;1828.33;2130.0;1677.5;7.66;7.3;5.03;4.79
32115;1386.4;2001.0;976.67;8.12;6.94;7.03;6.01
32116;1155.83;1124.8;1311.0;7.41;6.68;7.69;6.94
32117;2202.14;2218.5;2180.33;8.3;8.21;4.52;4.48
32119;1491.08;1493.32;1488.23;8.54;7.31;6.87;5.88
32120;2128.36;2142.7;2092.5;9.83;7.45;5.54;4.2
32121;2041.64;2147.33;1851.4;8.77;8.49;5.15;4.99
32122;1634.5;1311.0;2281.5;7.88;6.79;5.79;4.98
32123;2887.5;2807.0;2968.0;8.77;8.21;3.64;3.41
32124;1754.25;1403.25;2105.25;8.2;8.49;5.61;5.81
32126;1233.86;1549.5;1107.6;7.41;6.68;7.21;6.5
32127;1357.48;1457.19;1148.1;7.66;7.13;6.77;6.3
32128;1549.0;2167.0;1394.5;7.79;7.97;6.03;6.18
32129;1663.67;1791.67;1535.67;7.02;6.58;5.07;4.74
32130;1450.6;1563.75;998.0;8.32;6.79;6.88;5.62
32131;1035.0;612.67;1457.33;7.61;7.18;8.82;8.32
32132;1603.67;1600.07;1608.1;7.99;8.61;5.98;6.44
32133;1573.06;1557.82;1606.6;8.3;6.85;6.33;5.23
32134;2479.17;2685.5;2066.5;8.77;8.49;4.24;4.11
32138;1524.33;1561.5;1450.0;9.3;8.49;7.32;6.68
32139;1232.0;1706.0;1074.0;8.74;6.77;8.51;6.59
32141;1891.5;1333.0;2450.0;8.32;6.79;5.28;4.31
32142;1209.25;925.0;1493.5;7.02;7.97;6.97;7.91
32143;1951.0;1639.33;2262.67;8.13;6.85;5.0;4.21
32146;1277.4;1561.33;851.5;7.61;6.58;7.15;6.18
32147;1777.48;1902.38;1548.5;9.04;8.29;6.1;5.6
32149;1799.89;1476.5;2090.95;8.12;6.85;5.42;4.57
32150;1727.33;1822.0;1680.0;7.02;6.58;4.88;4.57
32151;2032.6;2742.33;968.0;6.94;7.17;4.1;4.23
32152;1485.22;1316.33;1823.0;8.9;6.68;7.19;5.4
32155;1400.81;1284.29;1505.05;7.66;7.17;6.56;6.14
32157;3033.67;2693.5;3714.0;8.38;7.45;3.31;2.95
32158;1434.63;1426.67;1458.5;8.13;6.77;6.8;5.66
32159;1371.08;1587.25;1275.0;7.79;7.97;6.82;6.98
32160;2607.04;2605.41;2609.2;10.66;8.98;4.91;4.13
32161;1531.67;1273.0;1661.0;8.06;7.17;6.31;5.61
32162;1390.21;1400.41;1374.45;8.3;7.97;7.16;6.88
32163;1165.2;1253.0;814.0;8.06;7.3;8.3;7.51
32165;2086.0;2717.0;1455.0;8.95;8.21;5.15;4.73
32166;1243.33;1365.0;1000.0;7.64;6.94;7.37;6.7
32167;1542.0;1327.75;1827.67;7.41;6.68;5.77;5.2
32169;1856.67;3267.0;1151.5;7.88;6.79;5.1;4.39
32171;1359.6;1491.25;833.0;8.95;8.49;7.9;7.49
32174;2279.0;2489.0;2121.5;7.41;7.3;3.9;3.84
32175;1382.75;1454.67;1167.0;7.41;7.37;6.43;6.4
32176;1903.0;2059.0;1825.0;8.35;7.01;5.27;4.42
32177;1645.86;1442.75;1916.67;7.88;6.79;5.75;4.95
32180;1542.5;1420.3;1695.25;8.12;6.22;6.32;4.84
32181;1459.89;1553.25;1385.2;8.9;6.68;7.32;5.49
32182;1805.0;1562.0;1926.5;8.95;8.49;5.95;5.64
32183;2295.5;2500.0;2091.0;8.95;7.45;4.68;3.89
32185;2057.0;2188.0;1926.0;7.99;6.79;4.66;3.96
32189;1314.0;1298.5;1345.0;8.43;7.13;7.69;6.51
32190;1062.05;998.08;1154.44;7.64;6.94;8.63;7.84
32191;1140.25;1328.0;577.0;7.64;7.3;8.04;7.68
32192;1706.75;1915.2;1359.33;8.85;7.27;6.22;5.11
32193;1609.38;1482.0;1685.8;7.66;7.13;5.71;5.31
32194;3707.0;2713.0;4701.0;8.3;6.85;2.69;2.22
32198;2764.0;3119.0;2231.5;8.2;6.79;3.56;2.95
32199;1394.83;1312.25;1560.0;8.06;7.3;6.93;6.28
32200;2510.2;2107.0;3115.0;8.95;8.21;4.28;3.93
32202;1661.67;1980.0;1502.5;7.66;7.17;5.53;5.18
32203;1715.67;1655.0;1727.8;8.35;6.85;5.84;4.79
32204;2511.82;1321.75;3191.86;8.3;7.97;3.96;3.81
32207;1702.6;1699.43;1710.0;8.95;8.21;6.31;5.79
32208;1880.32;1836.8;1933.77;8.55;7.21;5.46;4.6
32209;1481.29;1549.5;1454.0;8.06;7.17;6.53;5.81
32210;2837.18;2501.75;3731.67;9.69;9.79;4.1;4.14
32212;1157.4;1118.67;1215.5;8.13;6.85;8.43;7.1
32213;1859.58;1872.28;1841.14;9.39;8.69;6.06;5.61
32215;1447.0;1420.0;1474.0;7.88;6.79;6.54;5.63
32217;2028.75;2084.67;1861.0;7.41;7.37;4.38;4.36
32219;1504.6;1804.0;1205.2;7.66;7.3;6.11;5.82
32220;1952.8;1924.75;2065.0;7.66;7.3;4.71;4.48
32221;2263.67;1644.0;2573.5;8.95;8.21;4.74;4.35
32224;1702.25;2070.0;1334.5;8.3;7.01;5.85;4.94
32225;1159.33;1250.0;1114.0;7.41;6.68;7.67;6.91
32227;1961.07;2836.71;1194.88;7.66;6.22;4.69;3.81
32229;1796.33;1515.5;2358.0;8.74;7.97;5.84;5.33
32231;1709.17;1850.0;1638.75;8.12;6.94;5.7;4.87
32233;1636.13;1472.27;1848.18;7.41;7.37;5.43;5.41
32234;2236.2;2295.75;1998.0;8.77;8.49;4.7;4.55
32235;1529.83;2008.0;1290.75;7.66;6.94;6.01;5.44
32236;2137.5;619.0;3656.0;7.66;7.13;4.3;4.0
32237;2219.64;2166.4;2264.0;8.38;7.45;4.53;4.03
32238;1404.67;2128.0;1043.0;7.88;7.37;6.74;6.3
32239;3104.23;3225.12;2910.8;8.35;7.01;3.23;2.71
32241;2284.6;2842.0;1913.0;8.13;6.94;4.27;3.65
32242;1422.85;1165.08;1703.04;8.31;6.79;7.01;5.73
32243;1253.5;1321.75;1117.0;7.64;7.13;7.31;6.82
32244;1633.17;1174.5;1862.5;8.06;7.17;5.92;5.27
32246;1334.0;1226.4;1872.0;7.64;7.13;6.87;6.41
32247;1612.5;1815.0;1545.0;8.77;8.21;6.52;6.11
32248;1875.14;2063.5;1624.0;7.61;6.77;4.87;4.33
32249;1594.25;1369.6;1806.76;8.8;7.45;6.62;5.61
32252;1308.64;1390.43;1191.06;7.41;6.68;6.79;6.13
32253;1261.46;1224.75;1320.2;9.86;6.58;9.38;6.26
32254;1520.0;1644.62;1021.5;7.88;6.79;6.22;5.36
32255;1169.75;1361.5;978.0;8.38;7.97;8.59;8.18
32256;1371.55;1421.94;1274.36;7.85;6.86;6.87;6.0
32260;3446.0;4933.0;1959.0;8.32;6.84;2.9;2.38
32261;2079.67;1467.0;3305.0;9.58;8.49;5.53;4.9
32262;2142.25;1699.0;2408.2;9.69;7.45;5.43;4.17
32263;1542.0;1468.33;1763.0;7.79;6.79;6.06;5.28
32266;1927.0;2276.0;1752.5;7.88;6.79;4.91;4.23
32268;2076.0;1983.07;2336.2;8.77;8.21;5.07;4.75
32269;1240.6;1357.71;967.33;7.02;6.58;6.79;6.36
32270;2053.4;1781.0;2235.0;8.2;8.49;4.79;4.96
32271;1304.5;933.67;1527.0;7.66;7.13;7.05;6.56
32272;1949.25;2058.33;1622.0;7.17;6.68;4.41;4.11
32273;2049.75;1818.83;2742.5;7.41;7.37;4.34;4.31
32274;1255.43;1150.0;1519.0;7.66;7.13;7.32;6.81
32276;1898.25;2141.0;1817.33;8.2;8.49;5.19;5.37
32279;1758.27;1847.88;1519.33;8.38;8.21;5.72;5.61
32280;1089.38;1115.0;1012.5;7.88;6.84;8.69;7.54
32282;1634.0;1892.33;859.0;8.95;8.21;6.57;6.03
32283;1415.0;1435.67;1404.67;7.41;6.68;6.28;5.66
32285;1363.06;1195.43;1493.44;7.79;6.79;6.86;5.98
32286;1812.4;1592.0;2143.0;8.38;7.97;5.55;5.28
32288;2299.67;2251.5;2396.0;8.95;8.21;4.67;4.29
32289;1813.25;2253.5;1373.0;8.2;8.1;5.43;5.36
32290;1316.39;1280.64;1363.42;8.12;6.22;7.4;5.67
32292;1791.86;1650.25;1980.67;8.35;6.85;5.6;4.59
32294;1460.75;1715.67;696.0;8.12;6.85;6.67;5.63
32296;1371.2;1263.27;1475.65;8.17;7.41;7.15;6.49
32297;2596.14;2940.0;2137.67;8.95;8.21;4.14;3.8
32298;1604.5;2079.0;1319.8;8.38;8.21;6.27;6.14
32299;1432.75;1865.0;1000.5;8.12;6.94;6.8;5.81
32300;1451.67;1250.0;1552.5;8.95;6.79;7.4;5.61
32301;2082.12;2128.73;2004.44;7.79;8.21;4.49;4.73
32302;1743.0;1781.0;1667.0;7.79;6.79;5.36;4.67
32303;2183.33;2230.5;2089.0;7.88;7.37;4.33;4.05
32304;1484.25;1370.5;1598.0;7.99;6.79;6.46;5.49
32305;1257.94;1459.86;1129.45;7.66;7.13;7.31;6.8
32306;2231.5;2228.71;2235.4;8.38;7.01;4.51;3.77
32307;1932.4;1865.97;2020.96;8.95;8.21;5.56;5.1
32308;2003.33;1184.0;2413.0;9.58;9.35;5.74;5.6
32310;1478.0;1500.0;1456.0;7.64;7.17;6.2;5.82
32311;1687.88;1787.5;1389.0;8.13;7.97;5.78;5.67
32312;2086.31;2260.62;1807.4;8.95;8.21;5.15;4.72
32313;1305.0;1888.0;1013.5;8.74;8.38;8.03;7.71
32314;1302.0;1587.0;1017.0;9.86;7.18;9.08;6.61
32317;1383.0;1042.0;1724.0;8.06;7.37;6.99;6.39
32319;1296.91;1138.52;1674.62;8.0;7.3;7.4;6.75
32320;2206.2;1753.67;2885.0;7.61;6.77;4.14;3.68
32321;2365.5;1754.0;2977.0;8.2;8.49;4.16;4.31
32323;903.33;800.0;1110.0;7.79;6.68;10.35;8.87
32324;2907.75;4106.5;1709.0;7.17;6.79;2.96;2.8
32327;1429.0;677.0;1805.0;7.88;6.79;6.62;5.7
32328;2857.67;1825.0;3374.0;8.13;6.85;3.41;2.88
32329;3603.75;2880.0;5775.0;8.38;7.01;2.79;2.34
32330;1377.37;1274.83;1685.0;8.06;7.17;7.02;6.24
32331;2083.12;2019.67;2141.69;8.3;8.21;4.78;4.73
32333;1416.33;1291.25;1666.5;8.85;7.17;7.5;6.07
32334;3270.0;3212.33;3350.73;9.69;9.79;3.56;3.59
32335;1588.55;1354.4;1783.67;8.74;7.45;6.6;5.63
32336;1916.0;2745.67;1293.75;8.2;8.49;5.14;5.32
32338;1732.75;1168.5;2297.0;7.64;6.94;5.29;4.81
32339;2454.5;3021.5;2171.0;9.83;7.45;4.8;3.64
32340;1391.93;1212.64;2049.33;7.64;6.94;6.59;5.98
32343;1676.56;1765.14;1366.5;8.3;7.97;5.94;5.71
32344;1276.53;1248.82;1333.69;7.97;7.17;7.49;6.74
32345;1941.44;1806.8;2165.83;8.13;7.01;5.03;4.33
32346;1602.0;1222.67;2171.0;8.12;7.97;6.08;5.97
32348;1485.21;1599.5;1199.5;8.3;8.21;6.7;6.64
32351;1582.57;1702.67;862.0;8.12;6.85;6.16;5.2
32352;1745.33;1951.5;1333.0;8.3;6.94;5.7;4.77
32355;1740.67;1881.5;1459.0;7.17;6.68;4.94;4.6
32358;2384.25;2609.0;2159.5;7.61;7.74;3.83;3.9
32359;1770.5;2474.0;1536.0;8.38;7.45;5.68;5.05
32360;1413.67;1700.33;1127.0;8.3;7.97;7.04;6.77
32362;1092.67;979.0;1320.0;8.06;7.3;8.85;8.01
32365;1397.12;1293.33;1708.5;8.32;6.84;7.15;5.88
32367;1466.0;1743.0;1189.0;7.79;7.37;6.38;6.03
32368;1302.5;1845.0;1121.67;8.38;8.21;7.72;7.57
32369;1649.3;1517.5;1737.17;7.66;7.13;5.57;5.19
32370;1369.82;1288.82;1518.33;8.13;6.58;7.12;5.76
32372;2355.5;2391.2;2177.0;9.83;7.45;5.01;3.79
32373;1146.5;1240.75;1052.25;7.41;6.68;7.76;6.99
32375;1612.63;1657.6;1537.67;7.88;6.68;5.87;4.97
32376;1926.33;1155.5;3468.0;7.02;6.58;4.38;4.1
32378;1111.0;949.67;1272.33;8.06;7.17;8.7;7.74
32380;952.5;873.0;1032.0;8.06;7.17;10.15;9.03
32381;1600.57;1759.0;1481.75;7.79;6.79;5.84;5.09
32382;1712.64;1741.0;1696.43;8.12;7.97;5.69;5.59
32383;1787.0;1978.33;1595.67;7.41;7.37;4.98;4.95
32384;1984.0;1964.0;2034.0;8.3;8.21;5.02;4.97
32385;1236.0;889.0;1583.0;7.02;6.58;6.82;6.39
32388;2216.75;2466.5;1967.0;8.38;8.21;4.54;4.45
32389;1787.06;1788.22;1785.57;7.79;6.79;5.23;4.56
32391;2089.0;4508.0;879.5;8.13;6.58;4.67;3.78
32392;1227.67;722.0;1480.5;8.2;8.49;8.02;8.3
32395;1065.57;832.75;1376.0;7.61;6.58;8.57;7.41
32396;1382.1;1673.25;1188.0;8.13;7.01;7.06;6.09
32397;1601.4;1767.75;1490.5;7.88;6.68;5.91;5.01
32398;1148.62;1104.86;1455.0;8.85;7.17;9.25;7.49
32400;1309.4;1188.29;1592.0;8.13;7.01;7.45;6.43
32401;1241.5;1255.33;1200.0;7.41;6.79;7.16;6.56
32402;1380.67;1111.0;1515.5;8.12;7.97;7.06;6.93
32404;1542.96;1539.13;1547.75;8.3;6.94;6.45;5.4
32405;1855.6;1896.0;1694.0;8.3;7.01;5.36;4.53
32406;1493.75;1636.33;1066.0;8.38;8.21;6.73;6.6
32407;1892.67;1773.0;1952.5;8.2;8.49;5.2;5.38
32408;1216.5;1362.0;1071.0;7.64;6.22;7.54;6.13
32409;1841.67;1469.0;2028.0;7.88;6.79;5.14;4.42
32410;2140.51;2176.06;2087.96;8.87;9.07;4.97;5.09
32411;1676.0;1270.0;1811.33;7.79;6.79;5.58;4.86
32412;1337.56;1285.04;1413.06;8.2;8.49;7.36;7.61
32414;1155.0;1375.0;1081.67;7.64;7.3;7.94;7.58
32415;1904.38;1801.5;2007.25;7.17;6.68;4.51;4.21
32417;1191.07;1202.7;1162.0;8.3;6.94;8.36;6.99
32418;2063.8;2375.5;817.0;8.32;6.79;4.84;3.95
32421;2271.25;1896.5;2646.0;9.58;8.49;5.06;4.48
32424;3926.33;1333.0;5223.0;8.85;7.27;2.71;2.22
32425;2580.79;2206.22;2917.9;9.69;9.79;4.51;4.55
32426;1619.83;1730.43;1523.06;7.88;6.79;5.84;5.03
32429;1715.57;1800.4;1503.5;8.13;7.01;5.69;4.91
32430;990.67;1000.0;972.0;7.88;6.84;9.55;8.29
32431;2166.5;3333.0;1000.0;8.74;7.45;4.84;4.13
32432;2285.33;2942.5;971.0;8.95;9.35;4.7;4.91
32433;1390.72;1295.17;1478.92;8.32;6.79;7.18;5.86
32436;1518.94;1599.5;1384.67;7.02;6.58;5.55;5.2
32437;1220.0;1315.6;1060.67;7.64;7.3;7.51;7.18
32439;1095.37;1131.5;1083.33;8.85;7.17;9.7;7.85
32440;1636.17;1477.0;1795.33;8.06;7.3;5.91;5.35
32441;1234.33;1382.0;939.0;8.38;7.97;8.14;7.75
32442;1510.08;1390.27;2169.0;8.13;7.01;6.46;5.57
32443;1670.0;1426.25;2645.0;8.06;7.3;5.79;5.24
32445;2363.62;2661.5;2065.75;8.06;7.17;4.09;3.64
32446;1566.86;1559.17;1613.0;7.41;7.37;5.67;5.64
32448;1888.5;2297.86;1315.4;8.38;7.45;5.32;4.73
32449;1459.83;1280.2;2358.0;7.66;7.13;6.3;5.86
32451;2107.0;1898.0;2211.5;7.99;6.79;4.55;3.87
32452;1517.2;1609.0;1379.5;8.74;6.77;6.91;5.35
32455;1442.0;1827.67;863.5;8.9;6.68;7.41;5.56
32457;1865.25;1670.4;2190.0;8.13;7.97;5.23;5.13
32458;1824.33;2272.5;1600.25;7.66;7.3;5.04;4.8
32459;1474.71;1466.35;1492.83;8.35;6.94;6.8;5.65
32460;2033.0;1951.8;2236.0;8.85;7.17;5.23;4.23
32462;1275.94;1258.31;1299.7;8.08;7.22;7.6;6.79
32463;1490.32;1499.33;1486.15;8.06;7.17;6.49;5.77
32464;1592.0;1530.58;1714.83;7.41;6.68;5.58;5.04
32465;2284.5;2675.67;1111.0;8.32;6.84;4.37;3.59
34001;2353.2;2260.84;2495.58;10.46;7.85;5.33;4.0
34002;2310.18;2316.37;2287.0;10.87;8.51;5.65;4.42
34003;3963.46;3828.02;4141.07;11.86;10.89;3.59;3.3
34004;2330.3;3782.25;1362.33;8.66;8.09;4.46;4.17
34006;1405.75;1162.4;1811.33;7.41;8.09;6.32;6.91
34007;1520.67;1266.2;1838.75;8.66;7.87;6.83;6.21
34008;1851.56;1782.0;1886.33;8.9;6.25;5.77;4.05
34009;2160.33;1860.39;2560.26;10.87;9.21;6.04;5.11
34010;2842.98;3018.83;2615.04;10.34;9.61;4.36;4.06
34012;4275.48;4212.44;4653.67;12.43;9.48;3.49;2.66
34013;2314.33;2311.44;2317.88;10.87;8.51;5.64;4.41
34014;4884.63;5209.41;4459.92;13.34;11.11;3.28;2.73
34015;2012.92;1743.6;2205.29;8.34;7.87;4.97;4.69
34016;2604.09;2633.25;2526.33;10.94;10.88;5.04;5.01
34017;2265.73;1923.5;2461.29;10.51;9.09;5.57;4.81
34018;1989.06;1721.94;2429.8;11.09;8.98;6.69;5.42
34019;1333.67;1320.1;1350.62;7.54;6.25;6.78;5.62
34020;1650.71;1541.15;2006.75;8.66;6.74;6.29;4.9
34021;1527.7;1090.33;1715.14;8.34;7.87;6.55;6.19
34022;4034.64;4044.7;4021.02;13.83;12.37;4.11;3.68
34023;4173.95;4086.93;4275.42;12.68;13.25;3.65;3.81
34024;3698.98;3541.07;3898.09;12.66;12.78;4.11;4.14
34025;2505.48;2566.05;2443.44;11.09;8.14;5.31;3.9
34026;1365.7;1405.14;1273.67;8.66;8.09;7.61;7.11
34027;3495.11;2960.47;4000.06;11.2;10.59;3.85;3.64
34028;1652.04;1784.2;1524.03;8.43;8.42;6.12;6.11
34029;2554.91;2655.91;2453.91;10.97;9.15;5.15;4.3
34030;2064.5;1807.0;2837.0;7.98;7.92;4.64;4.6
34031;2367.76;2391.95;2335.75;10.77;9.16;5.46;4.64
34032;1959.06;1932.72;1992.42;9.94;9.55;6.09;5.85
34033;3214.18;3371.52;2981.07;13.09;10.22;4.89;3.81
34034;1251.75;1083.5;1420.0;8.78;7.72;8.41;7.4
34035;3274.29;3522.8;2919.29;12.62;9.48;4.63;3.47
34036;2373.97;1874.71;2741.84;10.42;8.27;5.27;4.18
34037;2347.26;2524.72;2157.42;12.1;8.64;6.18;4.42
34038;1479.09;1387.96;1570.21;8.19;6.25;6.64;5.07
34039;4120.36;3975.23;4259.17;13.2;12.78;3.84;3.72
34040;1710.5;921.0;2500.0;9.65;8.06;6.77;5.65
34041;2568.52;2485.38;2670.85;10.87;9.15;5.08;4.27
34042;3406.0;3633.0;3027.67;9.3;9.48;3.28;3.34
34043;3564.33;3479.0;3735.0;11.2;11.34;3.77;3.82
34044;1219.62;1132.0;1412.4;8.9;7.92;8.76;7.79
34045;1815.53;2046.67;1555.5;10.46;8.06;6.91;5.33
34046;2373.0;1549.17;3608.75;8.84;6.25;4.47;3.16
34047;3048.9;3258.0;2421.6;10.97;8.51;4.32;3.35
34049;1280.64;1289.5;1268.83;7.49;6.25;7.02;5.86
34050;3825.58;3872.45;3761.12;13.27;12.74;4.16;4.0
34051;2838.43;2895.34;2733.5;10.87;9.76;4.6;4.13
34052;2010.62;1969.98;2044.01;9.16;7.82;5.47;4.67
34055;1245.57;1105.2;1596.5;8.84;6.25;8.52;6.02
34056;2363.32;2533.75;2107.69;10.65;9.62;5.41;4.88
34057;4273.13;4256.99;4291.18;14.69;14.52;4.12;4.08
34058;4240.71;4046.27;4519.31;12.42;11.61;3.52;3.29
34059;1277.5;1318.62;1195.25;8.66;8.09;8.13;7.6
34060;2262.0;1923.17;2600.83;9.91;9.48;5.26;5.03
34061;1956.05;2061.58;1775.14;7.98;7.92;4.9;4.86
34062;1918.0;2087.0;1816.6;8.9;7.58;5.57;4.74
34063;2349.6;2521.73;2138.82;10.87;8.6;5.55;4.39
34064;1337.33;1564.71;1138.38;8.17;8.27;7.33;7.42
34065;1936.79;1979.29;1912.0;8.9;7.72;5.51;4.78
34066;4755.33;3750.0;6766.0;12.43;11.56;3.14;2.92
34067;2829.76;2470.85;3381.92;9.1;8.3;3.86;3.52
34068;1930.05;1776.43;2006.86;10.61;8.51;6.6;5.29
34069;1939.38;1922.67;1959.52;9.25;9.06;5.72;5.6
34070;1697.79;1347.91;1993.85;8.9;7.72;6.29;5.45
34071;1153.92;1088.89;1300.25;7.49;6.25;7.79;6.5
34073;2565.19;2736.06;2324.41;11.13;9.32;5.21;4.36
34074;2013.78;2121.45;1932.37;9.04;7.92;5.39;4.72
34075;1554.39;1469.29;1608.55;8.66;6.74;6.68;5.21
34076;2585.49;2309.18;2943.06;10.74;9.99;4.98;4.63
34077;4269.14;4366.66;4134.48;14.68;13.46;4.13;3.78
34078;3329.35;3113.83;3627.77;12.43;8.3;4.48;2.99
34079;2472.81;2384.62;2587.47;10.96;10.11;5.32;4.9
34080;2109.06;2909.8;1745.09;8.84;6.25;5.03;3.56
34081;2730.35;2715.49;2749.15;10.82;9.38;4.75;4.12
34082;4633.93;4762.55;4348.11;13.13;12.19;3.4;3.16
34084;2236.82;2200.9;2268.25;10.17;8.98;5.46;4.82
34085;2954.76;2939.4;2961.17;11.09;7.85;4.5;3.19
34086;1218.71;1249.92;1181.82;7.41;7.03;7.29;6.92
34087;3718.76;3740.28;3673.47;13.17;12.41;4.25;4.0
34088;3488.77;3521.58;3447.18;11.24;10.91;3.87;3.75
34089;1975.56;1991.63;1951.44;9.01;7.72;5.47;4.69
34090;4173.75;4160.86;4187.97;15.02;13.76;4.32;3.96
34092;1729.8;1901.6;1461.38;8.34;7.87;5.78;5.46
34093;1751.83;2056.5;1142.5;9.65;8.06;6.61;5.52
34094;2655.78;2177.7;3253.38;11.09;7.85;5.01;3.55
34095;3617.7;3682.23;3538.02;13.25;11.59;4.39;3.85
34096;2308.22;1923.23;2665.71;9.65;7.92;5.02;4.12
34097;1913.57;1958.85;1854.7;7.41;6.74;4.64;4.23
34098;1084.09;778.71;1618.5;8.06;7.03;8.93;7.78
34101;2508.93;2421.83;2619.88;11.12;9.31;5.32;4.46
34102;5054.2;7200.0;4517.75;10.85;10.59;2.58;2.51
34103;2034.04;1769.47;2596.25;10.87;8.51;6.41;5.02
34104;2303.0;1997.0;3221.0;10.46;7.58;5.45;3.95
34105;2321.44;2857.5;1892.6;9.65;7.58;4.99;3.92
34106;1983.0;3118.0;848.0;10.42;8.27;6.3;5.01
34107;1755.05;1875.64;1607.67;7.98;6.25;5.46;4.27
34108;3713.18;3637.08;3810.34;12.6;12.4;4.07;4.01
34109;1977.21;2112.5;1771.05;10.46;7.58;6.35;4.6
34110;2940.69;2856.92;3192.0;10.85;10.59;4.43;4.32
34111;1978.14;2074.54;1873.12;9.45;8.45;5.73;5.13
34113;3181.15;3123.16;3244.53;11.82;11.33;4.46;4.28
34114;2796.76;2642.41;3008.37;10.5;10.99;4.5;4.71
34115;1114.78;1018.5;1191.8;9.3;8.3;10.01;8.93
34116;3436.69;3469.92;3389.63;13.68;12.63;4.78;4.41
34117;965.73;923.29;1016.65;7.54;6.25;9.37;7.77
34119;1768.59;1658.38;1856.77;8.55;7.92;5.8;5.37
34120;4011.18;3948.03;4111.64;14.55;14.19;4.35;4.25
34121;1979.17;1680.33;2278.0;7.49;6.25;4.54;3.79
34122;2560.91;2472.0;2716.5;10.74;9.99;5.03;4.68
34123;3504.34;3449.47;3563.38;13.88;12.68;4.75;4.34
34124;2217.18;2105.6;3333.0;10.74;9.99;5.81;5.4
34126;2155.51;2126.29;2197.03;9.96;6.25;5.55;3.48
34127;3400.15;3260.96;3596.65;12.05;10.68;4.25;3.77
34128;2226.89;2267.13;2174.39;8.6;8.3;4.64;4.47
34129;4680.41;4566.93;4818.8;15.72;14.71;4.03;3.77
34130;2521.7;2488.8;2554.6;9.65;7.58;4.59;3.61
34131;3791.94;3808.88;3776.89;12.43;11.56;3.93;3.66
34132;2108.57;1987.75;2269.67;7.49;8.27;4.26;4.71
34134;3589.3;3568.89;3622.56;13.01;11.08;4.35;3.71
34135;1925.77;1904.8;1959.59;9.53;8.0;5.94;4.98
34136;2234.5;2077.75;2508.81;10.61;9.09;5.7;4.88
34137;4259.6;3574.5;7000.0;10.42;9.15;2.93;2.58
34138;2241.9;2276.0;2190.75;10.87;8.51;5.82;4.56
34139;2341.3;2297.03;2436.14;11.09;8.98;5.68;4.6
34140;2504.8;2388.84;2678.74;10.17;9.74;4.87;4.66
34141;1436.96;1305.12;1671.33;7.41;6.74;6.18;5.63
34142;1719.22;1715.56;1722.73;8.45;8.27;5.9;5.77
34143;3598.53;3473.06;3790.44;11.48;11.17;3.83;3.72
34144;1259.36;1096.71;1466.36;7.49;8.06;7.14;7.68
34145;2757.91;2737.55;2779.69;12.06;10.85;5.25;4.72
34146;3238.48;3227.43;3256.17;13.17;10.78;4.88;3.99
34147;2177.48;2038.33;2366.34;10.11;8.58;5.57;4.73
34148;2217.01;2215.0;2219.95;9.69;9.45;5.24;5.11
34149;2075.66;2173.83;1915.0;10.46;9.21;6.05;5.32
34150;3931.62;3848.39;4029.16;11.76;10.76;3.59;3.28
34151;2929.85;2861.18;3009.7;12.3;10.35;5.04;4.24
34152;3066.0;3531.8;2289.67;12.43;9.48;4.86;3.71
34153;3911.5;3693.94;4237.83;13.57;11.56;4.16;3.54
34154;4763.98;4576.79;4993.4;14.12;13.58;3.56;3.42
34155;2468.2;2465.7;2471.09;8.9;9.14;4.33;4.45
34157;3541.18;3434.19;3673.94;12.8;12.05;4.34;4.08
34159;3666.94;3361.72;4027.67;12.5;11.19;4.09;3.66
34160;1861.24;1698.69;2389.5;8.84;6.25;5.7;4.03
34161;2486.45;2509.34;2463.12;8.9;9.62;4.29;4.64
34162;2404.05;2505.02;2285.1;10.59;8.35;5.28;4.17
34163;3393.18;3457.0;3335.9;12.55;11.32;4.44;4.0
34164;3969.08;4122.56;3508.67;10.85;11.34;3.28;3.43
34165;2991.28;2995.85;2983.97;11.14;10.88;4.47;4.36
34166;2461.52;2543.64;2361.17;10.92;9.04;5.32;4.41
34167;2436.12;2105.0;2546.5;9.01;7.93;4.44;3.91
34168;3935.6;5578.67;1471.0;9.65;7.58;2.94;2.31
34169;5206.96;4879.16;5589.38;14.61;12.72;3.37;2.93
34170;1634.53;1579.71;1672.9;8.34;7.87;6.12;5.78
34172;3533.85;3505.6;3568.9;14.33;13.05;4.87;4.43
34173;3258.33;2904.33;3612.33;10.97;9.99;4.04;3.68
34174;2345.94;2135.44;2616.57;9.1;8.3;4.66;4.24
34175;2817.0;3446.67;1872.5;10.87;9.15;4.63;3.9
34176;4026.42;3983.54;4082.0;13.01;12.15;3.88;3.62
34177;2789.67;3089.6;1290.0;13.13;11.79;5.65;5.07
34178;1968.35;2076.26;1856.2;9.86;8.64;6.01;5.26
34179;3791.46;3779.57;3806.67;12.62;11.19;4.0;3.54
34180;2260.82;2524.08;1944.9;10.87;9.15;5.77;4.85
34181;2427.75;2493.44;2356.8;10.87;8.06;5.37;3.98
34182;2771.11;2911.47;2615.15;10.4;9.21;4.5;3.99
34183;2064.91;2151.31;1962.55;9.59;8.06;5.57;4.68
34184;1929.24;2111.43;1697.36;10.51;8.51;6.54;5.3
34185;3052.25;2724.67;3248.8;9.1;9.48;3.58;3.73
34186;1535.18;1777.67;1244.2;9.65;9.15;7.54;7.15
34187;1273.17;1430.87;977.5;7.98;7.92;7.52;7.46
34188;2318.33;2422.0;2111.0;9.65;8.06;5.0;4.17
34189;1653.97;1555.26;1767.21;8.4;6.74;6.1;4.89
34190;1314.4;1495.0;893.0;8.66;8.09;7.9;7.39
34191;2539.88;2699.08;2022.5;10.17;8.98;4.8;4.24
34192;5460.01;5393.42;5562.86;15.41;11.33;3.39;2.49
34193;1515.53;1295.67;1845.33;7.41;7.72;5.86;6.11
34194;2372.78;2353.99;2394.22;10.83;8.85;5.48;4.48
34195;2186.33;2162.0;2198.5;9.91;9.48;5.44;5.2
34196;1090.88;1085.6;1099.67;8.17;7.83;8.98;8.62
34197;2293.73;2435.0;2076.38;10.46;8.51;5.47;4.45
34198;4625.75;4527.96;4754.42;15.01;14.67;3.89;3.8
34199;2496.75;2534.06;2451.28;10.94;9.03;5.26;4.34
34200;1974.78;2093.2;1826.75;9.65;7.58;5.87;4.61
34201;1546.42;1570.12;1499.0;8.9;7.72;6.91;5.99
34202;3634.14;3635.75;3631.95;12.15;11.74;4.01;3.88
34203;2667.23;2534.87;2908.59;11.6;9.62;5.22;4.33
34204;2839.0;2836.72;2842.17;10.61;9.09;4.49;3.84
34206;2074.52;1828.69;2474.0;9.01;7.93;5.21;4.59
34207;2591.26;2490.19;2754.54;10.65;8.91;4.93;4.13
34208;2633.78;2837.33;2226.67;10.94;10.88;4.98;4.96
34209;3497.5;3422.95;3594.99;11.23;10.05;3.85;3.45
34210;2577.77;2441.46;2764.07;10.97;9.15;5.11;4.26
34211;1728.73;1940.59;1451.69;8.84;6.25;6.14;4.34
34212;2249.6;2021.0;2592.5;8.17;7.83;4.36;4.18
34213;3326.16;3351.9;3286.28;11.76;10.85;4.24;3.91
34214;2013.44;1993.42;2053.5;10.46;7.58;6.23;4.52
34215;2204.88;2391.25;2039.22;10.97;10.88;5.97;5.92
34216;2351.86;2685.5;2218.4;9.65;8.06;4.92;4.11
34217;4099.19;4046.89;4173.42;13.79;13.12;4.04;3.84
34218;2147.08;2089.86;2227.2;7.98;7.92;4.46;4.43
34219;1449.44;1442.87;1457.67;7.41;7.03;6.13;5.82
34220;2732.5;2192.0;3273.0;9.65;8.06;4.24;3.54
34221;2323.27;2294.0;2340.0;9.91;7.83;5.12;4.05
34222;3459.18;2943.5;4078.0;10.97;9.09;3.81;3.15
34223;1957.26;1879.74;2067.42;11.09;7.85;6.8;4.81
34224;2596.62;2484.31;2758.36;11.09;7.85;5.12;3.63
34225;1899.95;1871.19;1926.68;9.11;8.39;5.75;5.3
34226;1647.8;1592.04;1692.09;9.01;7.87;6.56;5.73
34227;3735.46;3617.22;3841.87;13.13;10.22;4.22;3.28
34228;1216.0;1011.0;1421.0;8.78;7.72;8.66;7.61
34229;1627.21;1323.5;1991.67;8.78;7.03;6.47;5.19
34230;1548.0;1496.5;1568.6;7.49;8.27;5.8;6.41
34232;2107.73;2167.0;2076.35;7.98;7.92;4.54;4.51
34233;1264.2;1417.5;1162.0;7.49;8.27;7.11;7.85
34234;2367.22;2332.0;2384.83;10.46;7.92;5.3;4.01
34235;1882.44;2180.2;1747.09;7.54;7.92;4.81;5.05
34237;2182.85;2295.16;2044.63;10.04;8.7;5.52;4.78
34239;2730.26;2694.37;2772.29;11.36;10.33;4.99;4.54
34240;4475.45;4421.15;4536.07;14.25;12.61;3.82;3.38
34241;2705.83;2682.93;2737.9;10.94;10.88;4.85;4.82
34242;3923.89;4115.67;3204.75;10.85;10.59;3.32;3.24
34243;2275.24;2205.93;2389.41;9.41;8.3;4.97;4.38
34244;3844.21;3794.55;3903.12;12.79;11.34;3.99;3.54
34245;1673.07;1710.4;1609.07;8.78;7.87;6.3;5.65
34246;2912.27;2491.72;3241.39;13.09;10.22;5.39;4.21
34247;4568.08;4651.45;4471.45;14.46;13.13;3.8;3.45
34248;3082.4;3564.6;2600.2;10.85;10.59;4.22;4.12
34249;4002.38;4051.28;3917.35;11.2;11.34;3.36;3.4
34250;1583.31;1703.86;1442.67;7.41;7.92;5.61;6.0
34251;2129.0;2582.2;1675.8;10.42;7.83;5.87;4.41
34252;1252.67;1328.82;1043.25;7.49;7.92;7.18;7.59
34254;2525.97;2243.79;3090.33;10.74;9.99;5.1;4.74
34255;4349.87;4352.92;4345.9;14.12;12.77;3.9;3.52
34256;4126.04;4678.48;3662.0;13.09;11.34;3.81;3.3
34257;1829.83;1372.5;2058.5;7.54;6.25;4.94;4.1
34258;2225.16;2331.39;2104.28;11.09;7.58;5.98;4.09
34259;3189.9;3312.55;3021.81;12.85;11.5;4.83;4.33
34260;994.45;1081.18;821.0;8.84;6.25;10.67;7.54
34261;2577.33;2386.83;2958.33;10.42;7.83;4.85;3.65
34262;2018.12;2608.5;1427.75;10.74;9.99;6.38;5.94
34265;3709.82;3520.55;4056.83;11.2;11.34;3.62;3.67
34266;4597.71;4261.0;4653.83;12.43;11.11;3.24;2.9
34267;2603.52;2600.46;2608.28;9.91;9.99;4.57;4.6
34268;2173.45;2067.15;2327.0;10.74;9.99;5.93;5.51
34269;1412.2;1583.5;1298.0;7.41;8.09;6.29;6.88
34270;4184.71;4180.1;4190.82;14.82;13.23;4.25;3.79
34271;1687.2;1879.0;1639.25;7.98;6.25;5.68;4.45
34272;3707.58;3562.58;3906.96;12.04;11.75;3.9;3.8
34273;2077.0;1137.5;3956.0;8.84;6.25;5.11;3.61
34274;3122.94;3222.19;2984.0;11.42;10.7;4.39;4.11
34276;4029.78;3988.74;4072.88;13.15;11.5;3.91;3.43
34277;1891.83;1231.5;2222.0;9.91;9.48;6.28;6.01
34279;1608.75;1645.43;1580.22;7.98;7.92;5.95;5.91
34280;3685.4;3831.25;3102.0;12.41;10.56;4.04;3.44
34281;2341.34;2399.16;2289.54;10.61;9.09;5.44;4.66
34282;2966.71;2773.47;3288.78;12.62;11.19;5.11;4.53
34283;1467.2;1700.33;1117.5;10.42;7.83;8.52;6.41
34284;1290.58;1266.62;1318.91;7.38;7.03;6.87;6.54
34285;3077.14;3241.92;2809.38;10.61;11.17;4.14;4.35
34286;1801.67;1850.4;1558.0;10.42;8.27;6.94;5.51
34287;1945.0;1714.86;2347.75;10.42;9.99;6.43;6.16
34288;3063.84;3160.93;2918.2;13.09;10.22;5.13;4.0
34289;2323.35;2219.48;2466.44;10.22;8.95;5.28;4.62
34290;4423.75;4371.0;4529.25;13.14;11.11;3.56;3.01
34291;1793.06;1049.0;2103.08;7.98;7.92;5.34;5.3
34292;2539.31;2619.14;2477.22;10.87;9.15;5.14;4.32
34293;1634.88;1534.94;1773.69;8.78;7.03;6.44;5.16
34294;3117.11;3156.73;3054.86;12.26;10.22;4.72;3.93
34295;3663.22;4036.5;3499.34;13.51;12.48;4.43;4.09
34296;3144.48;3053.0;3266.44;12.44;10.59;4.75;4.04
34297;3347.75;4320.0;3023.67;10.85;8.99;3.89;3.22
34298;2812.33;2830.31;2790.94;11.57;9.75;4.94;4.16
34299;3023.17;2799.05;3295.53;11.94;10.33;4.74;4.1
34300;2367.42;2331.12;2411.61;9.91;9.31;5.02;4.72
34301;3732.52;3599.24;3893.56;12.5;13.49;4.02;4.34
34302;1627.24;1583.75;1689.36;7.41;6.74;5.46;4.97
34304;2264.63;2309.92;2211.09;10.42;7.83;5.52;4.15
34305;1559.73;1809.6;1351.5;7.41;7.03;5.7;5.41
34306;1814.25;453.0;2268.0;8.17;8.27;5.4;5.47
34307;4012.7;3925.74;4129.91;13.58;12.18;4.06;3.64
34308;2033.14;1815.1;2214.83;8.84;7.92;5.22;4.67
34309;4087.66;3904.22;4241.23;13.16;11.11;3.86;3.26
34310;2368.69;2101.05;2630.38;9.78;8.98;4.95;4.55
34311;2665.77;2656.51;2682.9;10.4;9.21;4.68;4.14
34312;1954.09;2003.69;1878.52;7.49;8.06;4.6;4.95
34313;2127.29;2245.86;1574.0;10.61;9.15;5.99;5.16
34314;4244.6;3205.0;4504.5;13.14;11.11;3.71;3.14
34315;2088.86;1613.0;3278.5;12.16;9.09;6.98;5.22
34316;1662.71;1811.6;1290.5;10.74;9.99;7.75;7.21
34317;1532.42;1513.5;1627.0;10.42;7.83;8.16;6.13
34318;3704.11;3534.4;3916.25;10.85;8.99;3.52;2.91
34319;1893.75;1719.17;2417.5;10.46;7.58;6.63;4.81
34320;3692.74;3795.77;3503.83;12.55;9.48;4.08;3.08
34321;3643.38;3519.33;3767.42;11.55;11.34;3.8;3.74
34322;4539.9;4907.44;1232.0;10.85;11.56;2.87;3.05
34324;3607.23;3539.99;3686.61;12.67;11.15;4.22;3.71
34325;2291.15;2127.48;2497.52;11.13;9.21;5.83;4.82
34327;4056.57;4179.15;3907.17;14.18;12.13;4.2;3.59
34328;2304.74;2306.94;2301.0;10.94;10.88;5.7;5.66
34329;3535.4;3419.31;3689.04;11.7;9.51;3.97;3.23
34331;1414.22;1667.2;1098.0;8.78;7.72;7.45;6.55
34332;3076.11;2976.27;3220.01;11.99;10.09;4.68;3.94
34333;5822.71;5646.86;6046.52;13.35;11.66;2.75;2.4
34334;1965.08;2369.5;1560.67;7.98;6.25;4.87;3.82
34335;1873.22;1796.27;1994.14;9.65;8.06;6.18;5.16
34336;2136.37;1982.71;2313.81;11.5;8.75;6.46;4.92
34337;3743.38;3675.5;3826.09;13.26;11.59;4.25;3.71
34339;1586.57;1328.75;1930.33;8.34;7.87;6.31;5.96
34340;3711.07;3563.42;3829.2;12.26;10.22;3.96;3.3
34341;2793.67;2790.34;2798.73;10.76;11.17;4.62;4.8
34342;3846.2;3940.0;3783.67;12.43;11.79;3.88;3.68
34343;3234.43;3014.82;3435.75;12.43;9.48;4.61;3.52
34344;5495.71;5436.78;5565.49;16.46;11.75;3.59;2.56
46001;1705.5;1546.71;2091.14;9.02;7.42;6.35;5.22
46003;1615.74;1576.44;1672.91;7.95;7.44;5.91;5.52
46004;984.5;927.0;1042.0;6.81;6.99;8.3;8.52
46005;1907.24;1907.88;1906.67;9.02;7.42;5.68;4.67
46006;1572.8;1366.29;1753.5;7.62;7.5;5.81;5.72
46007;1898.67;1940.33;1836.17;9.02;7.91;5.7;5.0
46008;3290.0;3324.0;3278.67;7.34;7.42;2.68;2.71
46009;1754.24;1738.23;1780.25;7.15;6.99;4.89;4.78
46011;1777.62;1850.91;1697.0;8.84;6.99;5.97;4.72
46012;1166.3;1185.71;1121.0;7.13;6.99;7.34;7.19
46013;1677.17;1642.0;1712.33;7.2;7.96;5.15;5.69
46015;1407.5;1458.17;1329.8;7.6;6.43;6.48;5.48
46016;1858.0;1479.5;2362.67;8.34;7.54;5.39;4.87
46017;2012.8;1990.5;2027.67;6.81;6.99;4.06;4.17
46018;1886.86;1461.67;2205.75;7.62;7.37;4.85;4.69
46020;1538.83;1429.0;1560.8;7.2;8.42;5.62;6.57
46021;2003.75;2038.17;1900.5;7.15;7.44;4.28;4.45
46022;2804.5;3667.0;2681.29;9.02;7.42;3.86;3.17
46023;1833.43;1730.75;1970.33;7.2;8.66;4.71;5.67
46024;1531.0;1317.2;1744.8;8.84;6.99;6.93;5.48
46026;2063.43;1963.75;2196.33;8.61;7.61;5.01;4.42
46027;1522.5;1350.0;1695.0;8.61;7.44;6.79;5.86
46028;1692.39;1564.55;1775.12;7.13;7.41;5.06;5.26
46029;1695.07;1648.95;1737.0;8.99;7.44;6.37;5.27
46030;1589.78;1467.6;1742.5;6.81;7.44;5.14;5.61
46031;1782.0;1827.0;1737.0;7.15;7.37;4.81;4.96
46032;1687.7;1796.38;1253.0;9.02;7.96;6.41;5.66
46033;2039.17;2066.88;2017.0;9.02;7.3;5.31;4.3
46034;1127.29;1092.0;1141.4;6.81;6.43;7.25;6.84
46035;2295.5;2322.6;2160.0;8.56;7.44;4.47;3.89
46036;2220.5;1508.0;2933.0;6.81;6.43;3.68;3.47
46038;1495.73;1531.5;1429.69;8.84;7.44;7.09;5.97
46039;1441.75;1286.0;1909.0;8.61;7.44;7.17;6.19
46040;1521.6;1187.67;2022.5;7.62;7.44;6.01;5.86
46042;1737.29;1705.31;1781.03;9.27;8.16;6.4;5.64
46043;1767.8;1497.67;2173.0;8.84;7.44;6.0;5.05
46044;1872.07;2005.0;1606.2;9.02;7.42;5.78;4.76
46045;2014.0;2199.91;1877.67;8.61;6.52;5.13;3.89
46046;1651.43;1578.6;1833.5;9.02;7.96;6.56;5.78
46047;2075.2;2257.5;1953.67;7.95;7.54;4.6;4.36
46049;2549.0;1795.0;2737.5;7.45;6.67;3.51;3.14
46050;1767.8;847.0;1998.0;7.2;7.61;4.89;5.16
46051;1887.0;1897.0;1877.0;7.15;6.99;4.54;4.45
46052;1483.29;1359.33;1576.25;8.56;6.99;6.92;5.66
46053;1756.92;1524.33;1956.29;8.56;7.44;5.85;5.08
46054;2019.47;1597.12;2502.14;7.62;7.37;4.53;4.38
46055;1689.03;1843.48;1260.0;8.56;6.52;6.08;4.63
46056;2000.8;1588.33;2619.5;7.15;6.52;4.29;3.91
46057;1577.68;1554.09;1610.12;7.15;6.43;5.44;4.89
46058;2079.63;2520.62;1758.91;8.34;7.44;4.81;4.29
46059;1310.57;1463.67;1195.75;7.95;7.54;7.28;6.9
46060;2087.36;1846.57;2508.75;9.02;7.42;5.19;4.27
46061;1976.5;3073.0;1611.0;7.34;7.42;4.46;4.5
46062;1688.2;1709.23;1649.14;7.34;7.42;5.22;5.27
46063;1672.69;1745.41;1541.8;7.2;7.38;5.17;5.3
46064;1642.5;1398.81;1967.42;8.08;7.96;5.91;5.81
46065;2027.0;2016.83;2034.62;8.34;8.08;4.94;4.78
46066;2077.23;1891.08;2346.11;8.08;7.39;4.67;4.27
46068;1956.67;2392.5;1085.0;7.45;7.44;4.57;4.56
46070;3441.44;4878.0;2292.2;9.02;7.91;3.15;2.76
46072;1800.6;1725.75;2100.0;7.62;7.39;5.08;4.93
46073;1246.5;1248.0;1243.0;7.2;7.44;6.93;7.16
46074;1816.44;1773.38;2161.0;7.13;7.41;4.71;4.9
46075;2809.0;2412.0;4397.0;7.15;6.99;3.05;2.99
46076;1679.25;1673.8;1688.33;8.84;7.2;6.32;5.14
46079;1399.57;1542.0;1043.5;7.15;7.96;6.13;6.82
46080;1897.95;1633.2;1992.5;9.02;7.96;5.7;5.03
46082;1914.33;1946.67;1849.67;8.61;7.96;5.4;4.99
46083;1586.53;1609.35;1540.9;8.34;7.41;6.31;5.61
46084;1740.0;1774.0;1683.33;7.95;7.54;5.49;5.2
46085;1159.38;1010.8;1407.0;6.98;6.43;7.23;6.65
46086;1597.0;1877.67;1316.33;8.34;7.54;6.27;5.66
46087;2001.86;2074.5;1905.0;7.62;7.39;4.57;4.43
46088;1511.2;1481.75;1629.0;9.02;7.61;7.16;6.04
46089;1922.89;1616.4;2512.31;9.02;7.42;5.63;4.63
46090;1907.5;1383.0;2432.0;7.62;7.37;4.79;4.64
46091;2036.71;1955.89;2182.2;8.61;7.96;5.07;4.69
46092;1930.88;1873.8;2026.0;8.61;7.96;5.35;4.94
46093;1958.44;2288.4;1546.0;7.15;6.99;4.38;4.28
46094;1929.65;1938.64;1913.17;7.15;6.99;4.44;4.35
46095;1789.69;1846.57;1723.33;9.02;7.96;6.05;5.33
46097;1314.4;1198.5;1391.67;8.84;7.2;8.07;6.57
46098;2359.89;2105.57;3250.0;7.62;7.5;3.87;3.81
46100;2443.94;2594.25;2083.2;7.15;6.52;3.51;3.2
46101;1525.83;1467.0;1643.5;8.56;6.43;6.73;5.05
46102;1889.13;1964.13;1791.59;10.11;8.73;6.42;5.55
46103;1845.27;1990.2;1724.5;7.2;8.66;4.68;5.63
46104;2280.33;1763.0;2539.0;7.15;7.37;3.76;3.88
46105;1774.07;1779.36;1759.5;8.61;7.91;5.83;5.35
46107;2088.67;2116.0;2034.0;9.02;7.59;5.18;4.36
46108;1773.69;1898.33;1613.43;7.15;6.43;4.84;4.35
46109;2227.42;2174.0;2387.67;9.02;7.61;4.86;4.1
46112;1287.2;1509.67;953.5;8.08;7.96;7.54;7.42
46113;1771.81;1668.67;1904.43;8.08;7.96;5.48;5.39
46114;1741.19;1780.12;1702.25;7.34;7.42;5.06;5.11
46116;1859.0;1681.0;2037.0;7.15;6.52;4.61;4.21
46117;1212.0;897.14;1763.0;8.84;7.44;8.75;7.36
46118;2191.1;2404.92;1906.0;8.34;7.54;4.57;4.13
46120;1933.93;1790.44;2192.2;8.08;7.42;5.02;4.6
46121;1344.67;1776.0;1129.0;7.95;7.5;7.1;6.69
46123;1465.42;1397.17;1533.67;8.84;7.44;7.24;6.09
46124;1662.67;1402.0;1793.0;8.84;7.44;6.38;5.37
46125;1792.0;1822.17;1746.75;6.94;6.43;4.65;4.3
46126;1368.8;1501.5;838.0;7.34;7.42;6.44;6.5
46127;1712.48;1619.77;1838.22;9.02;7.77;6.32;5.45
46128;1411.59;1291.97;1600.74;8.07;8.04;6.86;6.83
46129;2931.86;1870.0;3356.6;7.15;7.44;2.93;3.04
46130;1632.0;1712.56;1450.75;7.34;7.59;5.4;5.58
46131;1947.0;1553.33;2143.83;8.61;7.44;5.31;4.58
46132;1626.09;1346.8;1858.83;6.81;7.44;5.02;5.49
46134;2048.13;2133.08;1708.33;7.34;7.39;4.3;4.33
46135;1188.6;1185.75;1200.0;7.6;7.2;7.67;7.27
46136;1714.22;1649.6;1795.0;7.34;7.42;5.14;5.19
46137;1901.13;1928.24;1868.21;9.02;7.61;5.69;4.8
46138;1572.5;1345.53;1923.27;8.08;7.37;6.17;5.62
46139;1808.5;2737.0;880.0;6.81;6.43;4.52;4.26
46142;2185.78;2270.33;2016.67;9.02;7.42;4.95;4.07
46143;1682.19;1336.94;2027.44;6.81;6.43;4.86;4.58
46144;1463.6;1380.57;1657.33;8.34;7.54;6.84;6.18
46145;1450.34;1435.2;1467.17;7.95;7.5;6.58;6.2
46148;1978.47;2026.16;1870.09;8.61;7.73;5.22;4.69
46149;1936.5;2013.56;1705.33;9.02;7.91;5.59;4.9
46151;993.75;1081.5;906.0;7.15;7.37;8.63;8.9
46152;1642.83;3233.0;1324.8;7.62;7.5;5.57;5.48
46153;1821.31;1798.75;1840.64;7.95;7.54;5.24;4.97
46154;1609.22;1683.75;1013.0;7.45;6.67;5.56;4.97
46155;2389.75;2062.0;2717.5;7.45;6.67;3.74;3.35
46156;1704.56;1706.43;1701.54;9.02;7.96;6.35;5.6
46157;891.5;649.0;1134.0;8.61;7.44;11.59;10.01
46159;1702.44;1665.25;1732.2;6.94;7.2;4.89;5.07
46160;874.36;864.86;883.86;7.6;6.43;10.43;8.82
46162;1354.67;1752.0;560.0;7.62;7.44;6.75;6.59
46163;1012.19;1078.62;945.75;6.94;7.2;8.23;8.53
46165;1343.67;1234.0;1398.5;6.81;7.37;6.08;6.58
46168;1374.9;1458.57;1179.67;8.56;6.52;7.47;5.69
46169;2142.6;1873.25;2322.17;8.08;7.39;4.53;4.14
46170;1423.11;1565.67;1178.71;6.81;6.99;5.74;5.9
46171;2011.45;1085.75;2540.43;7.34;7.39;4.38;4.41
46172;2037.33;2178.0;1967.0;9.02;7.61;5.31;4.48
46173;1473.22;1445.31;1499.14;8.61;6.67;7.02;5.43
46175;1892.6;1676.57;2081.62;8.56;6.43;5.43;4.08
46176;1777.68;1654.0;1947.75;7.15;6.99;4.82;4.72
46177;2122.75;2159.5;2049.25;8.84;6.99;5.0;3.95
46178;1823.29;2076.0;1486.33;9.08;7.5;5.98;4.93
46180;1795.36;1690.71;1900.0;8.56;6.52;5.72;4.36
46181;1333.0;570.0;2096.0;7.62;7.37;6.86;6.64
46182;1433.42;1438.71;1424.79;9.02;7.42;7.55;6.21
46183;1775.38;1643.5;1888.43;8.61;7.44;5.82;5.03
46184;2126.54;2163.5;2067.4;7.34;7.39;4.14;4.17
46185;2231.82;2064.91;2471.3;8.34;7.44;4.49;4.0
46187;2092.67;1965.47;2401.57;7.59;7.59;4.35;4.35
46188;2231.0;1515.33;2946.67;8.08;7.96;4.35;4.28
46189;1293.67;1416.25;1048.5;7.13;7.44;6.61;6.9
46190;2221.86;2437.17;930.0;7.15;7.96;3.86;4.3
46191;1729.82;1651.38;1799.56;9.02;7.96;6.26;5.52
46192;1486.6;1347.75;2042.0;7.95;7.54;6.42;6.09
46193;2103.7;1520.0;2353.86;7.13;7.44;4.07;4.24
46194;2493.33;2544.5;2391.0;9.08;7.39;4.37;3.56
46195;1610.29;1571.67;1679.8;6.81;6.99;5.07;5.21
46197;2161.08;2329.53;1908.4;9.02;7.61;5.01;4.22
46199;1883.0;1622.75;2403.5;7.34;6.51;4.68;4.15
46200;1975.57;1579.67;2272.5;8.08;7.39;4.91;4.49
46201;1869.47;1749.41;1989.54;7.59;7.3;4.87;4.69
46202;1406.88;1471.25;1342.5;8.61;8.66;7.35;7.39
46203;2605.33;2326.0;2745.0;7.6;6.43;3.5;2.96
46204;1208.2;1158.0;1233.3;7.62;7.5;7.57;7.45
46205;1825.47;1929.0;1734.88;8.08;7.39;5.31;4.86
46206;1514.25;1453.0;1575.5;7.2;7.3;5.71;5.79
46208;1799.55;1840.5;1690.33;7.95;7.54;5.3;5.03
46209;2262.0;1948.5;2418.75;9.08;7.54;4.82;4.0
46210;1862.33;1461.0;2063.0;7.15;7.96;4.61;5.13
46211;1716.0;1723.33;1710.5;8.08;7.96;5.65;5.56
46213;3769.88;5168.0;1439.67;7.13;7.44;2.27;2.37
46214;1939.5;2153.0;1299.0;9.02;7.42;5.58;4.59
46215;1894.28;2301.7;1385.0;7.62;7.5;4.83;4.75
46216;1872.53;1751.0;2135.83;8.08;7.37;5.18;4.72
46217;1484.25;1423.33;1667.0;9.02;8.66;7.29;7.0
46218;1740.4;882.0;1955.0;7.34;7.42;5.06;5.12
46219;1916.0;3167.0;665.0;7.62;7.37;4.77;4.62
46220;2083.32;2168.71;1933.88;7.95;7.54;4.58;4.34
46221;2233.75;2110.33;2357.17;8.56;6.52;4.6;3.5
46223;2140.75;2198.33;1968.0;7.34;7.42;4.11;4.16
46224;1809.97;1786.89;1849.03;10.19;8.56;6.76;5.68
46225;2120.55;2125.58;2113.53;9.17;8.02;5.19;4.54
46226;1434.0;1236.0;1533.0;7.6;6.43;6.36;5.38
46227;2341.6;2568.0;2190.67;7.45;6.67;3.82;3.42
46228;1762.3;1795.08;1719.7;8.84;7.44;6.02;5.06
46229;1877.68;1907.22;1836.77;8.84;7.41;5.65;4.74
46230;824.67;659.5;1155.0;8.61;6.52;12.53;9.49
46231;1835.72;1886.51;1782.19;8.2;7.42;5.36;4.85
46232;1665.48;1527.35;1983.2;7.13;7.41;5.14;5.34
46233;1443.5;1667.0;1220.0;7.62;6.99;6.33;5.81
46236;1615.4;1581.75;1750.0;7.62;7.5;5.66;5.57
46237;1692.78;1516.29;2310.5;6.81;6.99;4.83;4.96
46238;2266.0;2031.67;2617.5;7.95;7.37;4.21;3.9
46239;1536.5;1618.33;1454.67;7.95;7.54;6.21;5.89
46240;2650.81;2286.73;3451.8;7.95;7.44;3.6;3.37
46241;1859.12;1780.75;1937.5;7.62;7.5;4.92;4.84
46242;1233.1;1227.0;1247.33;6.81;6.99;6.62;6.8
46243;1197.2;1596.67;598.0;7.13;7.37;7.15;7.39
46245;1554.86;1106.5;2152.67;7.15;7.37;5.52;5.69
46246;1724.0;2059.0;1389.0;6.81;6.99;4.74;4.87
46247;1148.2;862.67;1576.5;7.2;7.96;7.53;8.31
46250;1561.0;1719.8;767.0;8.08;7.39;6.21;5.68
46251;1591.63;1562.95;1630.75;7.68;6.98;5.79;5.26
46252;1551.27;1526.83;1580.6;7.15;7.37;5.53;5.7
46253;1377.22;1563.0;1324.14;7.62;7.37;6.64;6.42
46254;2184.5;957.0;3412.0;8.61;6.67;4.73;3.66
46255;1984.23;1496.89;3080.75;7.6;6.43;4.6;3.89
46256;2184.0;2550.86;900.0;8.61;7.96;4.73;4.37
46257;1872.8;2044.4;1701.2;8.08;7.39;5.18;4.74
46258;1645.5;1435.4;2696.0;7.95;7.37;5.8;5.38
46259;1059.33;1276.5;625.0;7.95;7.37;9.01;8.35
46260;1541.0;1917.0;1165.0;7.6;7.44;5.92;5.79
46262;1866.32;2014.89;1732.6;7.2;7.3;4.63;4.7
46263;1485.6;1556.6;1414.6;7.2;7.61;5.82;6.14
46264;2654.33;1522.67;3786.0;9.02;7.37;4.08;3.33
46265;1511.0;1439.86;1594.0;7.13;7.41;5.66;5.89
46266;1582.11;1751.2;1370.75;8.56;6.52;6.49;4.95
46267;1726.71;1588.25;1911.33;8.08;7.37;5.62;5.12
46268;1723.59;1630.5;1778.35;7.62;7.96;5.3;5.54
46270;1599.36;1077.75;1897.43;7.45;6.52;5.59;4.89
46271;1332.08;1148.4;1463.29;8.84;6.99;7.96;6.3
46273;1725.26;1717.19;1768.33;8.84;6.99;6.15;4.86
46276;1421.27;1097.0;2286.0;7.45;7.44;6.29;6.28
46277;1550.71;1802.0;1215.67;7.34;6.51;5.68;5.04
46279;1418.75;950.0;1575.0;6.81;6.43;5.76;5.44
46280;1995.13;1934.57;2419.0;8.08;7.42;4.86;4.46
46281;1724.0;2024.0;1424.0;8.84;6.99;6.15;4.87
46283;1760.22;1774.33;1732.0;8.34;7.41;5.69;5.05
46284;1803.4;1660.67;2017.5;8.84;6.99;5.88;4.65
46286;1567.0;1190.0;2321.0;6.81;7.2;5.21;5.51
46288;1858.5;1639.0;1931.67;7.6;6.43;4.91;4.15
46289;1521.6;1381.33;1732.0;8.61;6.52;6.79;5.14
46290;1753.75;1623.25;1884.25;7.95;7.5;5.44;5.13
46292;1425.2;1148.0;1610.0;7.15;6.99;6.02;5.89
46293;1940.93;1964.33;1898.8;8.34;7.54;5.16;4.66
46295;1481.0;1048.33;1913.67;8.84;6.99;7.16;5.67
46296;1580.31;1624.0;1482.0;9.02;7.61;6.85;5.78
46297;1643.82;1724.25;1554.44;8.08;7.39;5.9;5.4
46299;1287.2;991.0;1484.67;8.61;7.44;8.03;6.93
46301;1740.6;1608.57;1856.12;7.2;7.42;4.97;5.12
46302;965.5;1016.0;915.0;6.94;6.43;8.63;7.99
46303;2145.75;2072.67;2365.0;7.62;7.37;4.26;4.12
46304;3650.75;6170.0;1131.5;7.95;7.5;2.61;2.46
46305;1803.0;1911.0;1479.0;7.59;7.59;5.05;5.05
46307;1696.41;1653.45;1775.17;9.02;7.59;6.38;5.37
46308;680.5;467.0;894.0;7.62;7.37;13.44;13.0
46309;1442.29;1415.03;1475.61;8.11;7.17;6.75;5.96
46310;1877.5;1837.0;1918.0;8.08;7.37;5.17;4.71
46311;1209.23;1158.26;1269.75;6.94;7.2;6.89;7.14
46312;1533.29;1415.4;1828.0;8.34;7.44;6.53;5.82
46313;1416.8;1459.33;1398.57;7.13;7.41;6.04;6.28
46314;1395.67;1218.0;1617.75;6.81;6.99;5.85;6.01
46315;1160.6;634.5;1511.33;6.94;7.2;7.18;7.44
46316;2291.69;2159.08;2689.5;8.08;7.39;4.23;3.87
46317;1779.47;1384.29;2125.25;7.13;7.44;4.81;5.02
46318;1722.83;1903.0;1362.5;6.81;7.37;4.74;5.13
46320;1721.5;1708.25;1734.75;8.61;7.96;6.0;5.55
46321;1395.67;1162.67;1628.67;7.59;7.59;6.53;6.52
46322;1881.13;1726.0;2139.67;9.02;7.61;5.76;4.85
46323;1943.5;1833.0;1980.33;7.15;7.96;4.41;4.91
46324;1333.67;1296.0;1352.5;8.08;7.37;7.27;6.63
46328;1980.33;2197.25;1546.5;7.2;7.96;4.36;4.82
46329;1917.86;1853.25;2004.0;7.2;7.96;4.51;4.98
46330;1500.29;1377.5;1642.47;7.13;7.41;5.7;5.93
46332;1401.0;1017.0;1785.0;8.56;6.52;7.33;5.59
46333;1374.0;1789.5;958.5;8.61;8.42;7.52;7.36
46334;2107.96;2231.0;1999.12;7.95;7.37;4.53;4.2
46335;2282.0;2269.1;2314.25;9.02;7.42;4.74;3.9
46336;2460.5;2655.75;1679.5;9.02;7.42;4.4;3.62
46337;1743.14;1694.67;1779.5;8.34;7.5;5.74;5.16
46339;1617.29;1705.25;1500.0;8.84;6.99;6.56;5.19
46340;1807.33;1909.5;1756.25;9.02;7.96;5.99;5.28
48001;1628.0;2221.0;1035.0;7.03;6.67;5.18;4.92
48002;1792.44;2049.67;1278.0;8.24;6.38;5.51;4.27
48003;1140.0;1115.75;1237.0;7.23;8.15;7.61;8.58
48004;1574.75;1731.8;1313.0;7.6;8.15;5.79;6.21
48005;1726.5;1310.0;2143.0;8.45;6.67;5.88;4.64
48008;1477.43;1244.0;1570.8;7.23;6.38;5.87;5.18
48009;1532.02;1590.1;1419.73;8.74;6.67;6.85;5.22
48010;953.88;989.86;702.0;6.82;6.37;8.58;8.02
48012;1285.25;919.5;1651.0;7.03;6.67;6.56;6.23
48013;1575.06;1318.78;1863.38;8.44;6.38;6.43;4.86
48015;1841.9;1765.33;1956.75;7.05;7.73;4.59;5.04
48016;1594.7;1505.4;1684.0;8.45;6.42;6.36;4.83
48017;1807.21;1357.0;2212.4;7.49;6.52;4.97;4.33
48018;1574.56;1573.6;1575.75;8.45;6.38;6.44;4.86
48019;1631.38;1734.78;1398.75;7.4;6.14;5.44;4.52
48020;1557.6;1678.0;1477.33;8.44;6.42;6.5;4.94
48021;1239.83;1105.5;1374.17;7.6;7.73;7.36;7.48
48025;1662.86;1664.67;1652.0;8.45;6.38;6.1;4.6
48026;2234.0;1957.0;2511.0;7.03;6.38;3.78;3.43
48027;1390.59;1314.0;1471.44;7.6;8.15;6.56;7.03
48028;1416.67;1833.25;583.5;7.6;6.14;6.44;5.2
48029;1088.5;408.0;1769.0;7.23;8.15;7.97;8.98
48030;1643.2;1651.0;1612.0;8.45;6.38;6.17;4.66
48032;914.0;933.0;895.0;7.49;6.67;9.83;8.76
48034;1613.63;1538.14;1701.71;7.49;6.52;5.57;4.85
48036;2240.29;1989.0;2340.8;7.6;6.14;4.07;3.29
48038;1104.24;979.67;1244.38;7.23;6.38;7.86;6.93
48039;1510.14;1579.0;1454.19;8.44;6.42;6.7;5.1
48041;2673.5;2625.0;2722.0;7.23;6.38;3.25;2.86
48042;2140.58;2115.0;2166.17;8.44;6.38;4.73;3.58
48043;1069.5;1077.17;1058.0;7.23;6.38;8.11;7.16
48045;1338.29;1450.0;1189.33;7.6;8.15;6.82;7.31
48046;1022.0;923.0;1071.5;7.03;6.38;8.25;7.49
48050;1677.06;1545.67;1846.0;8.44;6.14;6.04;4.4
48051;1849.18;1688.45;2143.83;7.6;6.42;4.93;4.16
48053;1087.8;1064.5;1122.75;7.6;8.15;8.39;8.99
48056;1701.33;1532.5;1836.4;8.44;6.52;5.95;4.6
48058;1426.0;1250.0;1484.67;7.03;6.67;5.91;5.61
48059;858.67;681.0;1214.0;7.03;6.67;9.82;9.32
48061;1667.14;1520.75;1839.35;8.98;6.14;6.46;4.42
48064;1128.71;1209.67;643.0;7.03;6.67;7.47;7.09
48065;1675.8;2145.67;971.0;8.44;6.14;6.04;4.4
48067;2050.5;2601.0;1500.0;8.44;6.42;4.94;3.76
48070;1159.11;1276.11;1053.8;7.23;6.38;7.49;6.6
48072;1136.25;1248.0;801.0;8.45;6.52;8.93;6.89
48073;1831.5;2139.0;909.0;7.49;6.67;4.91;4.37
48074;1478.8;1430.0;1491.0;7.4;6.14;6.0;4.99
48075;1834.92;1231.27;2277.6;8.44;6.14;5.52;4.02
48079;1367.18;1157.75;1486.86;7.08;6.38;6.22;5.6
48080;1391.41;1454.0;1338.77;7.35;8.15;6.34;7.03
48081;1980.5;2871.5;1089.5;8.44;8.15;5.11;4.94
48083;723.62;568.5;775.33;7.08;6.67;11.74;11.06
48086;1174.17;724.0;1264.2;7.6;8.15;7.77;8.33
48087;1428.75;1535.75;1321.75;8.45;6.67;7.1;5.6
48088;1707.83;1269.75;2584.0;7.4;6.52;5.2;4.58
48089;1655.86;1713.5;1632.8;7.08;5.56;5.13;4.03
48090;1368.94;1368.5;1369.83;7.03;6.38;6.16;5.59
48092;1436.9;1411.86;1459.92;9.29;6.67;7.76;5.57
48094;2069.09;2359.93;1616.67;7.68;6.52;4.45;3.78
48095;1959.0;1881.22;2042.92;9.65;8.65;5.91;5.3
48096;1538.25;1431.92;1735.71;7.4;6.14;5.77;4.79
48097;1385.0;737.67;2356.0;7.17;6.42;6.21;5.56
48098;1444.5;853.0;2036.0;7.4;6.42;6.15;5.33
48099;1705.06;1563.69;1824.11;7.49;6.67;5.27;4.69
48103;1924.88;1918.0;1945.5;8.45;6.52;5.27;4.06
48104;1616.31;1679.5;1515.2;8.45;6.52;6.28;4.84
48105;1895.0;1781.0;2123.0;7.23;6.38;4.58;4.04
48107;1273.67;667.0;1577.0;8.45;6.52;7.97;6.14
48111;1293.1;1231.0;1438.0;7.23;8.15;6.71;7.56
48112;1053.14;1012.33;1083.75;7.6;8.15;8.67;9.28
48116;1872.36;1923.19;1804.58;7.6;6.42;4.87;4.11
48117;1302.5;1067.0;1538.0;7.05;8.15;6.49;7.51
48119;1566.9;2062.2;1071.6;7.6;7.73;5.82;5.92
48121;1215.0;920.0;1510.0;8.45;6.38;8.35;6.3
48124;883.0;689.0;1077.0;7.49;6.67;10.18;9.06
48126;1096.5;1126.25;1066.75;8.45;6.67;9.25;7.3
48127;1495.71;1325.0;1736.71;7.08;6.38;5.68;5.12
48128;1272.57;1221.0;1311.25;8.45;6.38;7.97;6.01
48129;1402.88;1427.0;1330.5;7.23;8.15;6.18;6.97
48131;1540.0;2109.0;1160.67;7.66;6.52;5.97;5.08
48132;1348.65;1313.25;1403.72;8.45;6.38;7.52;5.67
48136;1667.8;1411.5;1838.67;7.17;6.42;5.16;4.62
48137;1987.88;1497.25;2478.5;8.45;6.42;5.1;3.87
48139;1155.0;1165.6;1141.75;6.82;6.37;7.09;6.62
48140;1496.69;1548.93;1437.19;9.01;6.67;7.22;5.35
48141;1858.5;1983.0;1734.0;7.4;6.14;4.78;3.97
48144;2515.5;3036.0;2411.4;7.4;6.42;3.53;3.06
48146;1783.49;1801.5;1766.42;8.44;6.14;5.68;4.13
48147;1584.6;1466.6;1820.6;8.44;8.15;6.39;6.17
48148;2060.06;2093.0;2034.44;7.17;6.42;4.18;3.74
48152;3305.0;2135.67;5059.0;7.17;7.07;2.6;2.57
48153;1152.33;1395.0;667.0;8.45;6.38;8.8;6.64
48155;2291.8;1765.17;2642.89;7.4;6.42;3.87;3.36
48156;1450.62;1633.0;1367.73;7.49;6.67;6.2;5.52
48158;2123.8;2253.0;1607.0;7.17;6.42;4.05;3.63
48160;1500.0;1547.0;1382.5;7.23;6.38;5.78;5.1
48161;1337.5;1094.0;1581.0;7.03;6.52;6.31;5.85
48163;2266.5;2415.0;2118.0;7.6;7.07;4.03;3.74
48165;855.67;783.5;1000.0;7.49;6.52;10.5;9.14
48166;1373.67;1833.0;1144.0;7.6;6.14;6.64;5.37
48167;1586.33;1410.0;1674.5;7.03;6.52;5.32;4.93
48169;1880.25;1923.67;1750.0;7.08;5.56;4.52;3.55
48170;2017.38;1888.8;2231.67;7.17;6.42;4.27;3.82
48171;1954.83;1615.67;2294.0;7.4;6.42;4.54;3.94
48173;2227.5;1928.5;2377.0;7.17;6.42;3.86;3.46
48174;1518.2;2479.5;877.33;7.08;5.56;5.6;4.4
48175;1795.33;1893.0;1600.0;7.49;6.52;5.01;4.36
48178;2180.57;2504.38;1981.31;7.17;6.42;3.95;3.53
48185;1460.2;1536.75;1154.0;7.49;6.52;6.16;5.36
48187;743.5;560.5;926.5;8.45;6.52;13.65;10.52
48188;1384.2;1648.71;767.0;8.45;6.38;7.33;5.53
48190;2482.5;3000.0;1965.0;8.24;6.66;3.98;3.22
48193;1803.67;673.0;2029.8;8.44;6.14;5.61;4.09
48194;1453.92;1338.0;1616.2;7.6;7.07;6.28;5.83
48198;2044.59;1748.8;2167.83;7.6;7.73;4.46;4.54
65001;2505.0;2381.6;2813.5;8.46;8.42;4.05;4.04
65002;1865.75;1978.08;1528.75;8.7;7.88;5.6;5.07
65003;2835.58;2767.9;3174.0;8.47;7.03;3.59;2.98
65004;2180.91;2100.0;2248.33;8.7;8.42;4.79;4.63
65005;2066.14;2219.33;1951.25;8.09;8.73;4.7;5.07
65007;1950.37;1499.7;2272.29;8.87;7.37;5.46;4.53
65009;1006.5;1180.0;833.0;7.42;8.73;8.85;10.4
65010;1525.2;1917.0;1264.0;8.09;8.73;6.36;6.87
65012;1253.0;2090.0;834.5;7.42;7.03;7.11;6.74
65013;565.5;583.0;548.0;8.9;7.37;18.89;15.64
65014;1401.67;1200.0;1805.0;7.42;7.03;6.36;6.02
65015;1042.75;1082.5;1003.0;7.17;6.31;8.25;7.26
65016;2024.6;2024.67;2024.5;8.11;9.13;4.81;5.41
65017;2337.53;2237.46;2458.31;8.47;8.42;4.35;4.32
65018;2015.57;2066.0;1830.67;8.46;8.18;5.04;4.87
65019;1622.53;1911.33;1430.0;8.09;8.91;5.98;6.59
65020;1481.8;1627.0;901.0;7.82;7.88;6.34;6.38
65021;2587.11;2605.0;2564.75;8.46;8.06;3.92;3.74
65024;2525.33;2544.0;2488.0;8.11;9.13;3.86;4.34
65025;2513.43;2284.69;2729.69;9.7;8.42;4.63;4.02
65028;1049.71;904.67;1158.5;9.13;6.84;10.44;7.82
65029;1979.43;1936.5;1996.6;8.46;8.06;5.13;4.88
65031;2234.89;2167.0;2318.76;7.85;7.03;4.22;3.78
65032;2385.54;2024.93;2986.56;8.2;8.06;4.12;4.05
65033;1695.0;1768.0;1622.0;8.7;8.42;6.16;5.96
65035;1425.11;1951.4;767.25;8.9;7.37;7.5;6.21
65036;3028.14;2661.0;3946.0;7.82;8.42;3.1;3.34
65040;1344.3;1420.25;1328.32;7.82;8.42;6.98;7.52
65041;1810.17;1798.71;1826.2;9.13;8.73;6.05;5.79
65042;1753.82;1815.33;1711.23;9.13;9.13;6.25;6.25
65044;1941.0;2046.5;1730.0;7.17;6.68;4.43;4.13
65045;2483.0;2583.67;2382.33;8.46;8.06;4.09;3.89
65047;1709.79;1665.11;1750.12;8.54;9.48;5.99;6.65
65048;1645.0;1632.33;1664.0;8.87;7.72;6.47;5.63
65049;1355.5;1565.33;1229.6;7.41;7.37;6.56;6.52
65050;2558.75;2745.0;2000.0;8.47;7.03;3.97;3.3
65051;1033.0;733.0;1333.0;9.13;7.03;10.61;8.17
65054;1363.27;1724.25;1157.0;9.13;8.73;8.04;7.68
65055;2345.09;2408.33;2269.2;8.46;7.88;4.33;4.03
65056;1618.2;1449.0;1660.5;8.7;8.12;6.45;6.02
65057;1825.14;1736.91;1922.2;8.87;7.88;5.83;5.18
65059;1938.63;1885.48;2006.97;8.35;7.69;5.17;4.76
65061;1151.0;948.0;1252.5;8.9;7.37;9.28;7.68
65062;1842.94;1847.81;1834.86;8.09;8.91;5.27;5.8
65064;1950.33;2353.0;1749.0;8.47;8.42;5.21;5.18
65065;1340.2;1747.5;1068.67;7.82;8.12;7.01;7.27
65069;1535.71;1495.0;1621.2;7.42;8.73;5.8;6.82
65070;2192.6;2088.0;2349.5;8.7;8.12;4.76;4.45
65072;1814.73;1814.68;1814.8;8.87;7.72;5.86;5.11
65073;1229.5;1149.0;1310.0;8.9;7.37;8.69;7.19
65075;2376.8;2028.0;2900.0;8.47;8.42;4.28;4.25
65077;2853.0;3083.44;2161.67;8.47;8.06;3.56;3.39
65078;2163.93;2089.0;2213.89;9.13;7.69;5.06;4.27
65079;1694.14;1776.5;1584.33;8.09;8.44;5.73;5.98
65081;2253.5;2213.0;2375.0;9.13;8.73;4.86;4.65
65083;1934.91;1684.0;2078.29;8.09;8.73;5.02;5.41
65084;1973.5;1879.33;2256.0;8.11;8.73;4.93;5.31
65085;1706.25;1597.0;1815.5;7.41;6.31;5.21;4.43
65087;1351.64;1321.4;1654.0;8.65;7.22;7.68;6.41
65089;2289.29;2406.5;2242.4;8.46;8.06;4.43;4.22
65092;1775.0;1813.29;1641.0;8.11;7.03;5.49;4.75
65093;1239.86;1356.75;1084.0;7.42;7.03;7.19;6.81
65094;1515.33;1219.33;1811.33;9.13;6.84;7.23;5.42
65095;1015.67;1047.0;1000.0;8.09;6.31;9.56;7.45
65097;1823.0;2051.0;1595.0;9.13;6.68;6.01;4.4
65098;2422.5;2397.67;2497.0;8.7;8.42;4.31;4.17
65099;2859.43;1417.0;3099.83;8.47;7.03;3.56;2.95
65100;1858.07;1875.69;1833.85;9.33;8.04;6.03;5.19
65101;1377.67;1164.0;1484.5;8.09;8.44;7.04;7.35
65103;1872.33;2168.0;1724.5;8.9;6.68;5.7;4.28
65104;1804.0;1918.0;1766.0;8.87;8.91;5.9;5.93
65105;2159.6;2607.33;1488.0;8.09;8.73;4.49;4.85
65106;3393.7;3007.0;3559.43;8.47;8.42;3.0;2.98
65108;1899.55;2033.5;1869.78;8.87;8.91;5.6;5.63
65109;950.0;1200.0;700.0;7.42;7.22;9.38;9.12
65112;2512.25;2355.83;2981.5;8.46;8.42;4.04;4.02
65113;1108.5;923.0;1294.0;8.09;6.68;8.76;7.23
65116;2562.71;2916.0;2366.44;8.47;7.03;3.97;3.29
65119;1068.44;1288.5;628.33;8.9;7.37;10.0;8.28
65121;1527.55;1362.71;1816.0;8.9;7.72;6.99;6.07
65123;2474.95;2607.48;2315.91;9.13;7.69;4.43;3.73
65125;1392.4;1676.0;1203.33;8.09;6.84;6.97;5.9
65126;1213.5;1479.0;417.0;7.17;6.31;7.09;6.24
65127;1397.6;1361.67;1445.93;8.46;6.84;7.26;5.88
65129;1312.66;1186.7;1592.56;7.99;6.31;7.31;5.76
65130;1249.17;1265.08;1207.8;8.06;7.3;7.74;7.01
65133;2273.4;2004.5;2452.67;8.87;7.72;4.68;4.08
65138;3536.18;3469.32;3626.55;8.47;8.42;2.88;2.86
65141;1927.0;1736.0;2500.0;8.11;8.42;5.05;5.25
65142;1209.0;1509.0;909.0;7.17;6.68;7.11;6.63
65144;3359.75;2413.5;4306.0;8.7;7.88;3.11;2.81
65146;1528.0;1589.25;1283.0;8.87;7.72;6.96;6.07
65147;2120.0;2188.5;2051.5;8.11;9.13;4.59;5.17
65150;2159.71;2098.5;2527.0;9.13;6.84;5.07;3.8
65151;1612.5;1607.5;1617.5;7.17;6.68;5.33;4.97
65154;1767.0;2126.0;1408.0;7.42;7.03;5.04;4.78
65156;1963.0;1892.25;2104.5;8.87;7.72;5.42;4.72
65158;1646.5;1394.0;1899.0;7.42;7.03;5.41;5.13
65159;1780.71;2657.0;1634.67;9.13;6.84;6.15;4.61
65160;1596.67;1899.0;992.0;8.87;9.3;6.67;6.99
65161;1422.0;1324.75;1551.67;8.9;7.72;7.51;6.52
65165;3062.4;3353.0;2868.67;8.11;7.03;3.18;2.76
65166;1401.67;1152.5;1900.0;8.11;8.73;6.95;7.47
65168;2837.58;2949.82;2701.29;8.47;8.42;3.58;3.56
65169;3333.29;2760.67;3762.75;8.47;8.42;3.05;3.03
65170;1136.5;1597.0;676.0;7.17;6.31;7.57;6.66
65173;3108.4;2977.0;3305.5;8.46;8.42;3.27;3.25
65174;1446.2;1505.0;1407.0;8.06;7.37;6.69;6.12
65175;1686.0;1670.0;1750.0;8.11;7.03;5.78;5.01
65176;1038.67;1025.8;1054.75;8.46;8.06;9.77;9.31
65177;1168.5;1168.0;1168.67;7.17;6.31;7.36;6.48
65181;1610.0;1333.0;1887.0;8.09;8.44;6.03;6.29
65182;2466.64;2294.71;2767.5;9.78;8.06;4.76;3.92
65183;1222.44;1160.33;1259.7;8.09;6.68;7.94;6.56
65184;1255.33;750.0;1508.0;9.13;6.68;8.73;6.39
65185;2392.4;1952.0;2686.0;8.7;8.72;4.37;4.37
65186;1523.5;1102.0;1945.0;7.42;7.22;5.85;5.69
65187;2040.33;2032.0;2057.0;9.13;6.84;5.37;4.02
65189;1780.33;1928.5;1484.0;8.87;7.37;5.98;4.97
65190;1414.33;450.0;1896.5;7.42;8.73;6.3;7.4
65191;1800.33;2038.67;1562.0;7.82;8.42;5.22;5.61
65192;2063.63;1750.0;2601.29;8.47;8.42;4.93;4.9
65193;1301.33;1270.0;1364.0;7.42;7.03;6.85;6.48
65194;1023.0;787.0;1259.0;9.13;7.03;10.71;8.25
65195;3385.53;3531.56;3221.25;8.47;7.03;3.0;2.49
65197;1882.67;1439.5;2769.0;7.82;8.42;4.99;5.37
65198;1909.59;2256.92;1587.07;8.09;9.13;5.08;5.74
65199;2744.0;2781.98;2704.12;8.47;7.03;3.71;3.08
65200;2344.0;2344.0;2344.0;7.82;8.42;4.01;4.31
65201;2395.6;2546.67;2169.0;8.7;8.42;4.36;4.22
65202;2399.0;3068.5;2064.25;8.7;8.12;4.35;4.06
65205;2238.0;1172.0;3304.0;8.11;7.03;4.35;3.77
65206;2020.67;1613.33;2428.0;8.09;8.91;4.8;5.29
65209;2500.5;2483.0;2518.0;8.11;7.03;3.89;3.37
65210;2177.5;3119.0;1236.0;8.46;8.42;4.66;4.64
65211;2945.8;3114.33;2693.0;8.11;8.42;3.31;3.43
65212;2738.85;2710.6;2756.5;8.47;8.42;3.71;3.69
65213;1634.75;1842.0;1427.5;7.41;6.79;5.44;4.98
65217;1542.67;1284.0;2060.0;7.42;7.03;5.77;5.47
65218;1515.35;1519.33;1505.8;9.13;7.03;7.23;5.57
65220;2291.75;2773.0;2131.33;8.83;7.88;4.63;4.12
65221;2189.38;1715.8;2978.67;8.09;9.13;4.43;5.01
65223;2276.29;2515.0;1838.67;8.83;8.91;4.66;4.7
65226;1905.42;1768.62;2061.75;9.83;7.72;6.19;4.86
65228;1642.0;1064.5;2797.0;8.11;7.03;5.93;5.14
65230;1311.0;1258.0;1319.83;7.42;7.22;6.8;6.61
65234;1929.8;2359.5;1643.33;8.47;8.42;5.27;5.24
65235;1860.53;2077.04;1730.62;8.87;8.49;5.72;5.48
65236;2088.43;2306.25;1798.0;8.7;7.88;5.0;4.53
65237;1712.17;1783.2;1357.0;7.82;7.88;5.48;5.52
65238;1963.2;2571.0;1811.25;7.82;7.88;4.78;4.82
65239;1094.0;1121.0;1067.0;9.13;7.03;10.01;7.71
65240;1164.59;1272.78;1042.88;7.41;7.37;7.63;7.59
65241;1858.71;1501.67;2126.5;9.13;8.73;5.89;5.63
65242;1262.75;1264.5;1261.0;8.9;7.72;8.46;7.34
65243;1483.36;1609.5;1147.0;7.41;7.37;5.99;5.96
65244;1849.4;1534.5;2059.33;8.7;8.12;5.65;5.27
65245;1739.75;1509.6;2123.33;8.09;8.73;5.58;6.02
65247;1241.5;1190.0;1293.0;7.82;7.88;7.56;7.61
65248;1224.6;1187.33;1280.5;6.94;7.37;6.8;7.22
65251;1754.87;1749.0;1759.62;8.83;8.91;6.04;6.09
65252;1780.73;1755.8;1793.2;8.83;8.12;5.95;5.47
65254;1263.0;952.0;1574.0;7.41;6.68;7.04;6.35
65257;2371.6;2403.0;2363.75;8.83;7.88;4.47;3.99
65258;1309.67;1337.94;1277.94;9.47;7.61;8.68;6.97
65262;1065.9;1058.0;1077.75;8.9;7.37;10.02;8.3
65263;2251.0;1071.0;3431.0;7.17;6.31;3.82;3.36
65265;1983.38;2228.75;1738.0;8.09;8.91;4.89;5.39
65266;1165.0;943.5;1608.0;9.13;6.84;9.4;7.05
65267;2365.64;2242.14;2581.75;8.47;8.42;4.3;4.27
65271;1405.8;1424.0;1378.5;8.7;7.88;7.43;6.72
65272;744.0;852.0;636.0;8.09;8.44;13.05;13.61
65273;1483.0;1456.2;1617.0;8.9;7.37;7.2;5.96
65277;1319.0;1180.0;1353.75;9.13;7.03;8.31;6.4
65279;1753.75;2086.0;1643.0;7.42;7.03;5.08;4.81
65280;1836.71;1986.5;938.0;8.7;8.12;5.69;5.31
65281;1764.86;2146.0;1479.0;8.09;8.73;5.5;5.93
65282;4215.59;3884.68;4651.0;8.11;7.03;2.31;2.0
65283;2615.0;2289.0;3104.0;8.47;7.03;3.89;3.23
65284;2015.0;1531.0;2637.29;8.83;7.88;5.26;4.69
65286;1486.29;1431.22;1544.64;8.82;9.17;7.12;7.4
65287;1344.06;1306.5;1406.67;8.9;7.22;7.95;6.45
65288;1650.0;1129.0;1910.5;7.17;6.31;5.21;4.59
65289;1054.33;1303.5;556.0;7.17;6.31;8.15;7.18
65290;1191.5;1190.0;1193.0;8.11;8.44;8.17;8.5
65291;2250.5;1243.0;3258.0;7.82;7.88;4.17;4.2
65292;1760.86;1487.0;1966.25;8.7;8.12;5.93;5.53
65293;1064.25;1221.0;907.5;7.17;6.84;8.08;7.72
65294;1433.0;1152.2;2135.0;8.09;8.73;6.77;7.31
65295;2710.99;2662.03;2785.65;8.47;8.42;3.75;3.73
65296;2090.43;2427.0;1838.0;8.06;7.17;4.63;4.11
65299;1232.17;642.0;1527.25;8.87;7.72;8.64;7.52
65300;1121.0;1026.0;1168.5;9.13;9.13;9.77;9.78
65301;1402.0;1408.67;1397.0;8.9;6.68;7.62;5.72
65303;1477.11;1483.67;1473.83;8.09;8.44;6.57;6.86
65304;1470.77;1438.39;1507.62;8.45;7.37;6.89;6.01
65305;1349.14;1436.86;1261.43;7.42;7.22;6.6;6.42
65306;1846.6;2819.5;1198.0;9.13;8.73;5.93;5.67
65307;1322.82;1288.0;1364.6;7.42;8.73;6.73;7.92
65308;1146.5;1033.0;1260.0;7.17;6.31;7.5;6.6
65311;1225.33;1338.0;1000.0;8.9;7.72;8.72;7.56
65313;1517.23;1558.56;1424.25;8.83;8.91;6.99;7.05
65314;1265.75;1207.75;1323.75;7.41;7.37;7.02;6.99
65315;1384.29;1483.33;1206.0;7.99;6.84;6.93;5.93
65316;1305.0;1447.5;1162.5;9.13;6.84;8.4;6.29
65318;896.33;706.0;991.5;8.09;6.68;10.83;8.94
65320;1945.33;1857.71;2022.0;8.09;9.13;4.99;5.64
65322;1242.13;1207.17;1347.0;9.13;8.73;8.82;8.43
65327;1290.14;1546.75;948.0;9.13;7.03;8.49;6.54
65328;2126.0;1306.0;2536.0;7.82;7.88;4.42;4.45
65329;1279.13;1187.67;1334.0;9.13;7.22;8.56;6.77
65330;1296.38;983.0;1609.75;8.9;7.37;8.24;6.82
65331;1905.69;1813.29;2011.29;8.83;7.88;5.56;4.96
65334;1397.25;1238.33;1874.0;7.82;8.12;6.72;6.98
65335;2532.0;2959.0;2389.67;8.09;9.13;3.83;4.33
65338;1980.0;2050.0;1770.0;8.11;9.13;4.92;5.54
65339;1918.86;2126.5;1642.0;7.82;8.91;4.89;5.57
65340;1886.37;1933.05;1843.58;8.87;7.72;5.64;4.91
65343;1995.75;2268.0;1723.5;7.82;8.12;4.7;4.88
65344;1880.65;1826.92;1939.04;8.83;7.88;5.64;5.03
65347;1364.0;1446.5;1199.0;7.42;7.03;6.53;6.19
65348;1296.67;1153.5;1583.0;8.7;7.88;8.05;7.29
65350;2033.2;1976.88;2070.75;8.87;7.72;5.23;4.56
65351;2886.67;2208.5;4243.0;7.82;7.88;3.25;3.27
65352;2112.75;1569.0;2656.5;8.7;8.12;4.94;4.61
65353;1683.33;1207.0;2636.0;8.09;8.44;5.77;6.02
65360;1686.5;1786.0;1388.0;8.7;8.12;6.19;5.78
65362;1868.0;1673.1;2160.36;8.7;8.42;5.59;5.41
65363;1286.17;1372.0;1166.0;8.9;6.84;8.31;6.38
65366;1750.92;1671.38;1910.0;8.7;8.12;5.96;5.57
65367;1061.0;1302.0;820.0;8.09;8.44;9.15;9.54
65369;2060.09;2135.43;1928.25;8.87;6.68;5.17;3.89
65370;2364.72;2303.75;2413.5;8.09;9.13;4.1;4.64
65372;1698.75;1860.6;1429.0;8.9;7.37;6.29;5.21
65373;1154.86;526.0;1259.67;7.17;6.31;7.45;6.55
65374;1169.0;1009.67;1408.0;7.17;6.31;7.36;6.47
65375;1134.26;1183.9;1072.94;8.37;6.68;8.85;7.07
65377;2346.5;3889.0;1832.33;8.9;6.84;4.55;3.5
65378;1944.33;2468.0;1682.5;9.13;8.44;5.63;5.21
65379;1733.5;2000.0;1467.0;8.11;8.42;5.62;5.83
65382;1191.57;1399.25;914.67;7.42;7.22;7.48;7.27
65383;2588.0;2023.0;2964.67;7.41;6.79;3.44;3.15
65386;2069.2;1829.0;2129.25;7.82;7.88;4.54;4.57
65387;2040.33;3024.0;1548.5;6.94;7.17;4.08;4.22
65388;3223.17;3106.4;3364.57;9.2;8.42;3.43;3.14
65389;1340.24;1361.87;1307.07;7.42;8.73;6.65;7.81
65390;1693.7;1628.0;1710.12;8.87;8.12;6.28;5.75
65392;2091.67;2086.67;2096.67;8.83;8.91;5.07;5.11
65393;2396.2;2003.25;3968.0;8.46;7.88;4.24;3.94
65395;1241.28;1167.45;1333.56;8.7;8.12;8.41;7.85
65396;3016.4;2101.0;3931.8;8.46;8.06;3.36;3.21
65397;1124.0;1290.0;958.0;7.41;6.68;7.91;7.13
65398;1583.75;1450.3;1806.17;8.65;7.03;6.55;5.33
65399;3194.0;3459.0;3061.5;8.46;8.42;3.18;3.16
65400;1220.83;1256.75;1149.0;9.78;8.12;9.61;7.98
65401;1886.6;1836.89;1961.17;8.83;8.91;5.62;5.67
65404;916.5;754.0;1079.0;7.99;6.79;10.46;8.89
65405;1928.33;2336.0;1724.5;9.13;8.73;5.68;5.43
65406;1453.2;1550.0;1429.0;8.87;7.72;7.32;6.38
65408;1661.74;1497.21;1917.67;9.13;7.03;6.59;5.08
65409;1411.71;1254.5;1474.6;8.9;7.37;7.57;6.26
65410;1581.78;1490.67;1764.0;7.17;8.91;5.44;6.76
65412;1566.8;1731.5;1457.0;7.41;7.37;5.67;5.64
65413;3538.67;4106.0;3084.8;8.46;8.42;2.87;2.86
65415;2512.0;2823.0;2356.5;8.7;8.12;4.16;3.88
65416;1322.33;1900.0;1033.5;7.42;7.22;6.74;6.55
65417;1725.57;1674.63;1790.33;8.73;8.43;6.07;5.86
65418;1668.5;1827.67;1191.0;8.9;7.72;6.4;5.56
65421;1029.67;859.5;1370.0;7.82;7.88;9.12;9.18
65424;3119.44;3139.4;3094.5;8.47;8.06;3.26;3.1
65425;1471.4;1271.25;1700.14;8.87;8.12;7.23;6.62
65427;1244.0;1636.0;1113.33;8.65;7.22;8.34;6.96
65429;1199.14;873.0;1329.6;8.06;7.37;8.06;7.38
65431;1271.75;1207.75;1399.75;8.11;8.42;7.66;7.95
65433;1769.18;1808.97;1722.97;8.83;7.72;5.99;5.24
65435;1625.17;1660.6;1448.0;8.46;8.42;6.25;6.22
65436;2267.2;2236.67;2313.0;7.17;8.91;3.79;4.72
65439;1911.12;1936.29;1735.0;8.87;8.12;5.57;5.1
65440;1551.8;1544.39;1559.62;9.28;8.3;7.18;6.42
65441;802.5;938.0;667.0;7.42;7.22;11.1;10.79
65442;1460.67;1535.0;1367.75;7.88;6.79;6.48;5.58
65444;2945.83;3614.0;1609.5;7.42;7.22;3.02;2.94
65445;2059.11;2200.25;1946.2;8.09;8.73;4.71;5.09
65446;2107.58;2014.17;2201.0;8.87;7.72;5.05;4.4
65447;1869.37;2222.47;1407.62;8.4;8.44;5.39;5.42
65449;1738.2;1753.5;1677.0;7.99;6.84;5.52;4.72
65450;3283.5;3314.0;3253.0;8.47;8.42;3.1;3.08
65451;2016.0;1608.2;2242.56;8.09;9.13;4.81;5.44
65452;1142.62;1118.56;1207.6;7.47;6.31;7.85;6.62
65455;1222.24;1185.7;1274.43;7.42;8.73;7.29;8.57
65456;1695.8;1937.67;1333.0;8.9;6.84;6.3;4.84
65460;1477.31;1440.0;1526.64;9.28;7.65;7.54;6.21
65462;1399.89;1448.0;1303.67;8.9;7.37;7.63;6.32
65463;2319.4;1556.0;2510.25;8.46;8.42;4.38;4.36
65464;1924.29;2007.67;1424.0;8.09;8.73;5.04;5.44
65465;3488.17;3495.24;3480.0;8.47;8.42;2.91;2.9
65467;3001.0;3174.5;2654.0;7.82;8.42;3.13;3.37
65470;1571.0;1454.33;1921.0;7.82;8.42;5.98;6.43
65471;3804.46;3437.0;3988.19;8.47;8.42;2.67;2.66
65473;2349.08;2240.67;2442.0;8.46;8.42;4.32;4.3
65474;891.5;811.0;972.0;7.17;6.31;9.64;8.49
65481;2486.19;2388.85;2621.79;8.47;8.42;4.09;4.07
65482;1633.87;1634.8;1632.33;9.13;6.84;6.71;5.03
66002;2774.91;2667.63;2875.61;10.98;10.31;4.75;4.46
66003;1485.3;1453.61;1518.05;10.01;8.58;8.09;6.93
66004;3544.82;3377.09;3726.66;10.13;8.58;3.43;2.9
66005;3314.76;2672.71;3635.79;8.57;7.72;3.1;2.8
66006;1104.67;1142.0;1086.0;8.15;7.45;8.85;8.09
66007;1859.0;2076.25;1424.5;8.9;6.85;5.75;4.42
66008;3606.55;3554.23;3665.4;11.4;10.56;3.79;3.51
66009;1787.49;1640.12;1926.82;8.98;6.85;6.03;4.6
66011;2508.19;2487.24;2529.77;9.72;9.1;4.65;4.36
66012;2331.79;2380.03;2283.55;10.96;9.41;5.64;4.84
66013;1587.83;1940.0;1235.67;8.75;6.85;6.61;5.18
66014;2050.7;2025.41;2086.63;10.32;6.91;6.04;4.04
66015;2510.0;2462.62;2548.27;9.89;9.74;4.73;4.66
66016;3620.29;3514.93;3761.8;11.61;10.09;3.85;3.35
66017;3397.82;3234.04;3583.89;12.43;10.53;4.39;3.72
66018;999.8;845.0;1619.0;9.87;8.6;11.85;10.33
66019;1111.09;941.4;1252.5;9.01;7.45;9.73;8.05
66020;3625.74;3419.39;3848.39;10.13;7.72;3.35;2.56
66021;2434.43;2432.91;2436.15;10.84;9.87;5.34;4.87
66022;6985.0;12963.0;1007.0;8.75;6.85;1.5;1.18
66023;1582.95;1405.88;1866.27;8.75;7.45;6.63;5.65
66024;2355.31;2225.57;2483.81;10.54;9.36;5.37;4.77
66025;2650.71;2545.55;2783.3;8.57;7.72;3.88;3.5
66026;2705.59;2716.12;2691.74;9.89;9.74;4.39;4.32
66027;3140.43;2894.57;3632.14;10.13;7.72;3.87;2.95
66028;2613.44;2631.11;2591.15;11.75;10.43;5.39;4.79
66030;1961.67;2032.0;1821.0;10.2;9.36;6.24;5.73
66032;1970.0;2000.0;1955.0;9.87;8.6;6.01;5.24
66033;2592.76;2506.1;2716.57;8.75;9.36;4.05;4.33
66034;1594.88;1790.5;1529.67;8.9;6.08;6.7;4.57
66036;1565.25;1887.0;1243.5;10.13;6.08;7.76;4.66
66037;3658.25;3517.74;3810.21;12.72;11.7;4.17;3.84
66038;2785.38;2770.3;2801.44;11.18;9.83;4.82;4.24
66039;1061.0;884.33;1212.43;8.15;7.45;9.22;8.43
66041;1992.9;2180.85;1840.19;10.2;9.36;6.14;5.64
66042;1560.15;1352.71;1802.17;9.01;7.45;6.93;5.73
66044;2843.33;3042.75;2683.8;8.75;9.36;3.69;3.95
66045;1817.58;1833.38;1801.77;8.9;6.08;5.88;4.01
66046;1303.03;1358.56;1226.15;7.88;6.16;7.26;5.68
66047;2783.67;2995.5;2360.0;10.13;6.08;4.37;2.62
66048;2479.66;2502.9;2446.79;11.43;10.09;5.53;4.88
66049;2607.31;2618.86;2593.9;11.1;9.84;5.11;4.53
66050;2477.8;2559.99;2377.8;11.42;10.56;5.53;5.12
66051;1855.0;2013.8;1061.0;8.9;8.58;5.76;5.55
66052;2218.13;1865.6;2805.67;8.9;8.58;4.82;4.64
66053;4998.86;4951.41;5057.26;12.42;10.09;2.98;2.42
66055;2269.46;2390.31;2126.64;9.01;6.85;4.76;3.62
66056;2086.7;2023.06;2169.92;8.75;9.36;5.03;5.38
66057;1778.11;1942.18;1520.29;8.0;6.08;5.4;4.1
66058;2081.89;2094.87;2068.91;10.2;9.36;5.88;5.4
66059;2571.89;2615.88;2528.93;10.36;10.31;4.83;4.81
66060;1405.44;1073.0;1671.4;9.93;6.85;8.48;5.85
66062;2697.5;2485.5;2838.83;8.57;7.72;3.81;3.44
66063;2410.0;2531.0;2289.0;12.13;9.74;6.04;4.85
66064;2900.59;2675.57;3058.1;10.13;7.72;4.19;3.2
66065;2434.09;2385.64;2482.54;10.68;9.63;5.26;4.75
66066;2645.46;2467.53;2833.28;8.57;7.72;3.89;3.5
66067;2961.95;2763.3;3160.6;10.13;7.72;4.1;3.13
66068;1597.0;1557.25;1636.75;8.75;8.58;6.57;6.45
66069;2222.14;2425.78;2009.02;10.2;9.13;5.51;4.93
66070;1106.0;1047.33;1131.14;8.9;8.58;9.66;9.31
66071;1536.08;1656.39;1388.7;9.07;7.47;7.09;5.84
66072;2947.35;3036.75;2869.61;10.13;7.72;4.12;3.15
66073;1971.87;2011.33;1948.2;8.9;8.58;5.42;5.22
66074;2114.63;2109.2;2123.67;8.9;6.08;5.05;3.45
66075;3374.81;2946.07;3727.88;10.13;8.58;3.6;3.05
66078;1870.4;1927.5;1832.33;8.9;8.58;5.71;5.5
66079;2228.11;1877.75;2508.4;8.9;8.58;4.8;4.62
66080;1360.55;1370.33;1356.88;10.13;8.58;8.93;7.57
66081;2235.3;2154.25;2559.5;8.0;7.72;4.29;4.15
66082;2804.36;2806.0;2801.89;10.13;7.72;4.33;3.31
66083;1242.33;1286.0;1220.5;8.15;6.85;7.87;6.61
66084;1957.57;1968.32;1948.12;8.75;8.84;5.36;5.42
66085;1441.33;1514.6;1075.0;10.13;8.58;8.43;7.14
66088;1623.27;1596.94;1646.8;9.83;8.68;7.27;6.41
66089;2211.75;1048.0;2378.0;8.75;6.85;4.75;3.72
66090;1455.67;1914.5;538.0;10.13;6.08;8.35;5.01
66091;1288.25;1056.0;1520.5;10.13;8.58;9.43;7.99
66092;1419.17;1440.33;1398.0;8.15;7.45;6.89;6.3
66093;3125.82;2916.25;3339.85;12.13;9.37;4.66;3.6
66094;3067.16;3021.74;3124.7;11.82;10.31;4.62;4.04
66095;2550.64;2402.27;2721.85;8.57;7.72;4.03;3.63
66096;1362.18;1423.23;1283.18;8.15;7.45;7.18;6.56
66097;2336.2;2172.67;2581.5;8.15;7.45;4.19;3.83
66098;2809.25;2929.58;2448.25;10.13;8.58;4.33;3.66
66099;2597.57;2244.2;3481.0;8.75;8.84;4.04;4.08
66100;2092.29;2182.75;1971.67;10.13;8.58;5.81;4.92
66101;2558.79;2605.67;2509.87;8.75;8.6;4.1;4.04
66103;1434.33;1282.75;1636.44;8.9;8.58;7.45;7.18
66104;2202.88;2236.64;2176.36;8.9;8.58;4.85;4.67
66105;3996.94;4263.82;3577.57;10.13;8.58;3.04;2.58
66106;2297.14;2093.3;2539.81;9.89;9.37;5.17;4.9
66107;1183.17;1103.06;1258.83;7.88;6.16;7.99;6.25
66108;1992.48;2037.09;1950.56;9.58;7.91;5.77;4.76
66109;2040.25;2548.67;1531.83;8.9;6.08;5.24;3.58
66111;2332.8;2251.25;2659.0;9.01;7.45;4.63;3.83
66112;3009.0;3262.4;2692.25;9.87;8.6;3.94;3.43
66113;2082.87;1967.67;2255.67;9.93;8.84;5.72;5.09
66114;2583.18;2601.89;2553.47;10.98;10.31;5.1;4.79
66115;2976.73;2834.48;3096.75;12.13;9.74;4.89;3.93
66116;2380.25;2219.33;2863.0;9.93;8.58;5.01;4.33
66117;2028.6;2085.0;1991.0;10.13;8.58;5.99;5.07
66118;1320.41;1058.67;1614.88;9.01;7.45;8.19;6.77
66119;1762.59;1838.18;1624.0;8.0;6.08;5.44;4.14
66120;2897.33;3178.0;2616.67;8.57;7.72;3.55;3.2
66121;1851.9;1650.21;2136.65;8.15;6.85;5.28;4.44
66122;1790.5;1322.33;2258.67;10.13;8.58;6.79;5.75
66123;1219.0;690.0;2277.0;10.13;6.08;9.97;5.99
66124;2936.64;2681.35;3222.73;11.24;7.72;4.59;3.16
66125;1049.46;991.43;1130.7;8.75;8.58;10.0;9.81
66126;2363.38;2389.6;2319.67;9.87;8.84;5.01;4.49
66127;2041.78;2045.25;2037.44;8.57;8.75;5.04;5.14
66128;1010.8;646.0;1102.0;10.13;6.08;12.02;7.22
66129;2472.77;2288.55;2670.63;10.12;9.37;4.91;4.55
66130;2836.78;2811.5;2856.05;10.13;7.72;4.28;3.27
66132;3612.45;3490.72;3758.53;10.13;7.72;3.36;2.57
66133;2466.15;2373.8;2639.31;10.06;9.34;4.9;4.54
66134;2127.78;2319.04;1693.09;9.89;8.84;5.58;4.98
66136;1816.91;1799.84;1834.82;10.78;10.14;7.12;6.7
66137;1491.0;1471.11;1520.83;9.89;9.37;7.96;7.54
66138;2081.02;1939.68;2184.67;10.63;9.41;6.13;5.42
66139;1126.0;1250.0;1084.67;8.15;6.08;8.68;6.48
66140;2502.63;2491.02;2516.82;10.07;8.91;4.83;4.27
66141;2358.24;2304.8;2429.08;10.74;10.65;5.47;5.42
66142;2064.4;1500.0;2205.5;10.13;6.08;5.89;3.53
66143;1963.33;3710.0;1090.0;9.01;7.45;5.51;4.55
66144;2567.37;2595.12;2532.16;10.96;9.79;5.12;4.58
66145;2397.95;2240.92;2568.06;10.52;9.59;5.27;4.8
66146;1665.2;1193.67;2372.5;8.57;7.72;6.17;5.57
66147;2182.37;1931.12;2365.09;8.57;7.72;4.71;4.25
66148;2967.95;2778.02;3198.18;11.15;10.09;4.51;4.08
66149;1719.46;1820.18;1638.21;9.71;8.0;6.78;5.59
66150;1615.48;1364.18;1799.77;10.13;8.58;7.52;6.37
66153;946.33;750.0;1044.5;9.87;8.6;12.52;10.91
66154;3110.14;3051.58;3176.35;8.0;6.08;3.09;2.35
66155;1367.0;1275.0;1390.0;8.75;6.08;7.68;5.34
66156;805.4;766.75;960.0;8.15;6.85;12.14;10.2
66158;1140.0;804.0;1644.0;8.15;7.45;8.58;7.84
66159;2267.75;2357.8;2117.67;10.13;6.55;5.36;3.47
66160;2789.4;2583.74;3136.44;9.87;8.58;4.25;3.69
66161;1552.79;1489.72;1624.45;8.0;6.08;6.18;4.7
66162;2227.93;2108.67;2442.6;8.15;6.85;4.39;3.69
66165;1674.05;1818.86;1596.08;8.15;7.45;5.84;5.34
66166;1630.07;1862.75;1364.14;10.13;8.58;7.45;6.32
66167;2851.66;2794.21;2898.97;10.13;8.58;4.26;3.61
66168;2877.17;2848.54;2899.39;10.42;10.09;4.34;4.21
66169;1406.4;1551.0;1310.0;8.15;7.45;6.95;6.36
66171;3884.27;3701.88;4082.08;12.2;11.42;3.77;3.53
66172;2396.78;2369.13;2430.92;11.38;9.96;5.7;4.99
66173;2340.03;2366.69;2320.78;10.2;9.36;5.23;4.8
66174;2163.36;2099.67;2223.71;10.4;8.82;5.77;4.89
66175;2868.37;2806.74;2939.17;9.91;9.37;4.15;3.92
66176;2373.83;2578.61;2136.71;11.17;8.75;5.65;4.43
66177;2556.07;2616.83;2464.94;9.89;9.74;4.64;4.57
66178;2449.62;2380.31;2509.7;9.89;8.84;4.84;4.33
66179;1447.09;1486.03;1405.26;8.75;8.58;7.26;7.11
66180;2311.93;2347.14;2276.12;11.33;10.55;5.88;5.47
66181;3621.61;3137.52;4219.59;8.57;7.72;2.84;2.56
66182;3618.88;3644.41;3593.34;11.98;11.02;3.97;3.65
66184;1232.4;1748.0;888.67;8.15;6.85;7.93;6.67
66185;2222.0;2534.0;1910.0;8.15;6.85;4.4;3.7
66186;2561.89;2614.9;2495.62;10.76;10.38;5.04;4.86
66187;1204.17;1217.15;1189.9;7.88;6.16;7.85;6.14
66188;3297.61;2878.92;3888.71;10.13;8.58;3.68;3.12
66189;2775.47;2915.59;2619.78;11.77;10.54;5.09;4.56
66190;2125.46;1889.43;2290.68;10.55;8.62;5.96;4.87
66191;906.5;1188.0;625.0;10.13;6.08;13.4;8.05
66192;1721.93;1520.43;1923.43;10.13;6.08;7.06;4.24
66193;1197.88;1367.12;1047.44;8.75;6.08;8.77;6.09
66194;1695.87;1838.73;1303.0;8.75;8.58;6.19;6.07
66195;2500.84;2432.53;2563.45;10.94;9.59;5.25;4.6
66196;3133.31;3032.87;3251.02;10.34;10.09;3.96;3.87
66198;1529.42;1451.14;1639.0;8.9;6.08;6.99;4.77
66199;2216.89;1894.4;2620.0;9.93;8.84;5.38;4.78
66202;2907.0;2854.33;2938.6;10.13;7.72;4.18;3.19
66203;1444.0;1769.0;794.0;9.87;8.6;8.2;7.15
66204;1256.29;1371.0;1103.33;8.9;8.58;8.51;8.19
66205;1989.68;1927.27;2075.5;9.01;6.16;5.43;3.72
66206;985.5;1089.5;881.5;8.75;6.85;10.65;8.34
66207;1850.29;1909.36;1800.31;8.75;8.6;5.67;5.58
66208;2389.34;2329.25;2461.45;10.54;9.41;5.29;4.72
66210;2339.59;2275.74;2410.12;10.47;9.63;5.37;4.94
66211;2650.29;2224.75;3217.67;8.75;8.84;3.96;4.0
66212;2986.74;2818.96;3166.5;10.93;9.92;4.39;3.99
66213;2549.39;2501.47;2591.6;11.04;9.96;5.2;4.69
66214;2405.66;2180.87;2621.08;9.89;9.74;4.93;4.86
66215;1994.57;2342.0;1531.33;8.15;6.85;4.9;4.12
66216;1074.0;482.0;1370.0;8.15;6.85;9.11;7.65
66217;2106.1;2219.5;1992.7;8.75;8.67;4.99;4.94
66218;2464.81;2313.5;2555.6;8.57;7.72;4.17;3.76
66219;1671.33;1933.0;1540.5;10.13;8.58;7.27;6.16
66221;1056.86;1166.0;402.0;8.75;6.85;9.93;7.78
66222;1541.06;1549.15;1533.65;9.79;8.58;7.63;6.68
66223;1498.89;1273.5;1563.29;8.75;8.58;7.0;6.87
66224;2281.08;2390.64;2122.5;10.75;9.38;5.66;4.93
66225;2987.37;2817.25;3168.83;9.89;9.74;3.97;3.91
66226;2395.58;2210.3;2627.19;10.24;9.74;5.13;4.88
66227;2865.78;2760.02;3011.57;11.45;11.21;4.8;4.7
66228;1984.32;1922.32;2113.5;10.75;9.41;6.5;5.69
66230;1656.2;1588.24;1713.98;9.26;6.85;6.71;4.96
66231;2019.0;1945.67;2113.29;9.01;6.91;5.36;4.11
66233;3530.75;2801.5;4260.0;9.89;8.84;3.36;3.0
66234;801.6;836.67;749.0;8.9;6.85;13.33;10.25
81001;2571.5;4417.0;1956.33;8.81;8.64;4.11;4.03
81002;1381.22;1312.85;1471.65;8.06;7.01;7.01;6.09
81003;1249.96;1071.8;1455.54;7.33;6.45;7.04;6.2
81004;2298.38;2277.39;2324.07;9.22;9.09;4.81;4.74
81005;1143.06;1096.22;1203.29;8.78;7.03;9.22;7.38
81006;2595.5;2794.0;2397.0;10.2;8.86;4.72;4.1
81010;1400.6;1525.2;1151.4;7.33;6.45;6.28;5.53
81011;2254.38;2459.23;2012.27;9.19;9.14;4.89;4.87
81013;1890.5;2163.0;1618.0;8.18;6.45;5.19;4.1
81014;1702.13;1418.77;1918.82;7.41;7.03;5.22;4.96
81016;1074.86;1091.62;1052.5;8.67;6.78;9.68;7.57
81017;1839.67;1024.0;2247.5;7.33;6.45;4.78;4.21
81018;2042.52;2050.36;2022.36;10.54;8.07;6.19;4.74
81020;2127.0;2265.5;1850.0;8.52;7.85;4.81;4.43
81021;1319.41;1258.43;1386.59;8.78;7.48;7.98;6.8
81022;2004.8;2610.33;1096.5;11.3;8.64;6.76;5.17
81023;798.45;910.0;664.6;8.84;6.25;13.29;9.39
81024;1885.4;2161.5;1701.33;8.17;7.81;5.2;4.97
81026;1570.73;1351.29;1762.75;9.9;6.45;7.56;4.93
81027;1705.5;1767.0;1644.0;8.79;7.46;6.18;5.25
81028;1841.0;1000.0;2261.5;7.33;6.45;4.78;4.21
81031;1151.41;1179.45;1100.0;8.78;7.21;9.15;7.52
81032;1916.71;1866.5;2218.0;8.79;7.46;5.5;4.67
81033;1408.33;1391.63;1431.93;9.37;8.31;7.98;7.08
81034;996.38;962.88;1050.0;8.78;7.01;10.57;8.44
81035;1984.67;2062.75;1922.2;8.44;7.0;5.1;4.23
81036;1478.91;1525.86;1375.6;8.78;7.03;7.12;5.71
81037;1113.56;1071.7;1173.75;8.78;7.03;9.46;7.58
81038;2032.72;1897.53;2253.95;8.52;7.62;5.03;4.5
81039;1798.27;1761.75;1842.1;8.95;8.3;5.97;5.54
81040;1761.9;1938.4;1585.4;8.95;7.36;6.1;5.01
81041;1068.0;1077.0;1050.0;9.48;7.6;10.65;8.54
81042;1719.16;1571.17;1896.76;8.78;7.21;6.13;5.03
81043;1837.57;1908.8;1798.0;8.95;8.3;5.85;5.42
81044;1908.67;2006.0;1860.0;8.95;8.3;5.63;5.22
81045;1951.93;2328.44;1387.17;8.44;6.36;5.19;3.91
81046;1927.59;2066.56;1771.25;9.19;7.85;5.72;4.88
81047;1144.25;1136.33;1149.0;6.34;6.45;6.64;6.77
81048;1616.87;1609.96;1624.32;9.91;8.05;7.35;5.97
81049;1906.0;2104.0;1411.0;8.79;7.46;5.53;4.7
81050;2396.88;2637.0;1676.5;10.2;8.64;5.11;4.33
81051;2088.6;2162.04;1947.83;9.48;7.0;5.45;4.02
81052;2271.26;2198.73;2339.25;8.53;7.58;4.51;4.0
81053;1032.75;1073.11;911.67;7.33;7.01;8.52;8.14
81054;1851.94;2098.56;1574.5;8.79;7.25;5.7;4.7
81055;1536.8;1578.17;1474.75;7.81;6.73;6.1;5.26
81059;2069.45;2065.83;2073.8;9.9;7.36;5.74;4.27
81060;1323.62;1330.68;1314.69;8.61;7.21;7.8;6.54
81062;1367.15;1460.43;1240.94;8.78;7.03;7.7;6.17
81063;2145.88;2396.5;1914.54;8.53;8.31;4.77;4.65
81064;1884.03;1866.31;1902.93;8.4;7.6;5.35;4.84
81065;1771.96;1784.52;1756.43;9.36;7.86;6.34;5.32
81066;1522.25;941.0;1716.0;8.78;7.01;6.92;5.52
81067;1933.92;2173.14;1599.0;8.44;8.05;5.24;4.99
81068;1683.67;1556.0;1747.5;9.59;8.31;6.84;5.92
81069;1695.03;1763.89;1480.78;8.44;6.36;5.98;4.5
81070;2372.13;2291.12;2442.19;8.52;9.59;4.31;4.85
81072;1167.5;1523.0;1049.0;8.49;6.58;8.72;6.76
81073;2409.25;2000.0;2545.67;9.9;7.58;4.93;3.77
81074;2059.19;2149.16;1916.75;8.53;7.58;4.97;4.42
81075;1840.71;1959.67;1626.6;8.95;7.25;5.84;4.73
81076;1955.11;1722.4;2246.0;8.81;8.64;5.41;5.3
81077;1348.44;1144.9;1687.67;8.18;6.45;7.28;5.74
81078;1860.12;1802.2;1947.0;8.95;7.36;5.77;4.75
81079;1841.0;1882.3;1772.17;9.9;7.36;6.45;4.8
81081;1309.66;1306.46;1318.89;8.67;6.73;7.95;6.17
81083;1689.67;1502.83;2063.33;7.81;6.73;5.54;4.78
81084;1426.63;1296.86;1527.56;8.79;7.01;7.39;5.89
81085;943.25;1059.0;596.0;7.54;6.45;9.59;8.21
81086;655.5;740.25;486.0;7.33;6.45;13.42;11.81
81087;2322.4;2288.44;2628.0;8.52;8.05;4.4;4.16
81088;2081.73;1725.5;2285.29;9.9;6.45;5.71;3.72
81089;1359.5;1897.0;822.0;8.18;6.45;7.22;5.7
81092;2431.88;2468.0;2367.67;9.19;9.14;4.53;4.51
81093;2404.2;2494.0;2344.33;8.52;7.85;4.25;3.92
81094;945.5;773.0;1118.0;7.93;6.45;10.06;8.19
81095;3108.33;3543.0;2239.0;9.48;8.05;3.66;3.11
81096;928.75;968.86;897.56;8.18;6.45;10.57;8.34
81097;1990.71;2050.69;1893.25;8.53;7.36;5.14;4.43
81098;1655.11;1539.88;2577.0;8.79;7.21;6.37;5.23
81099;2068.03;2057.01;2082.88;9.57;8.34;5.55;4.84
81101;1812.79;1773.89;1882.8;8.49;8.31;5.62;5.5
81102;2591.5;2444.5;2738.5;10.96;9.27;5.07;4.29
81103;712.0;742.0;702.0;8.78;6.45;14.79;10.88
81104;2063.62;2148.07;1984.8;9.19;9.14;5.34;5.32
81105;1478.8;1459.96;1495.84;8.85;7.59;7.18;6.16
81106;2105.82;2075.67;2142.0;10.81;8.46;6.16;4.82
81109;1361.43;1079.0;1573.25;8.95;7.25;7.89;6.39
81110;1569.0;1568.25;1572.0;7.45;6.36;5.7;4.86
81112;2151.85;2287.19;2024.47;8.52;8.05;4.75;4.49
81114;1608.08;1496.14;1764.8;9.59;8.31;7.16;6.2
81115;929.42;885.58;992.27;8.78;7.03;11.33;9.08
81116;2122.63;2046.1;2250.17;9.19;9.14;5.19;5.17
81117;1788.62;1829.67;1776.3;9.9;8.3;6.64;5.57
81119;1713.91;1993.25;1554.29;8.95;7.36;6.27;5.15
81120;1597.13;1533.63;1655.94;8.78;7.43;6.6;5.58
81121;858.81;903.33;801.57;8.06;7.03;11.27;9.83
81124;1150.92;1222.47;1082.95;7.54;7.03;7.86;7.33
81125;1229.56;1180.46;1357.2;7.33;6.45;7.16;6.3
81128;1195.0;1147.5;1255.0;8.78;6.45;8.81;6.47
81129;1899.78;1914.75;1887.8;8.79;7.46;5.55;4.71
81130;1685.9;1497.35;1857.32;8.67;7.21;6.17;5.13
81131;2150.73;2103.0;2225.31;9.19;7.85;5.13;4.38
81132;1480.1;1431.5;1524.27;8.95;7.25;7.26;5.88
81133;1975.27;1637.25;2168.43;8.53;7.36;5.18;4.47
81135;2290.5;2367.67;2059.0;7.45;7.0;3.9;3.67
81136;3240.5;6124.33;1510.2;9.08;7.81;3.36;2.89
81137;1121.71;1096.0;1156.0;8.78;7.21;9.39;7.71
81138;1509.18;1788.4;1276.5;9.19;7.85;7.3;6.24
81139;1876.58;1821.56;1986.62;9.9;7.25;6.33;4.64
81140;2224.33;2197.42;2254.83;10.28;8.92;5.54;4.81
81142;1832.75;1941.86;1680.0;8.95;7.46;5.86;4.88
81143;1476.67;1039.67;1913.67;8.95;7.46;7.27;6.06
81144;1978.67;2024.84;1904.46;10.48;8.93;6.36;5.42
81145;2236.07;2072.63;2440.37;8.58;8.27;4.61;4.44
81146;2680.8;1804.67;3995.0;8.44;6.36;3.78;2.85
81147;1708.29;1868.5;1307.75;9.9;7.36;6.96;5.17
81148;678.33;727.5;580.0;8.44;7.0;14.93;12.39
81149;2578.43;2606.33;2411.0;8.52;9.14;3.96;4.25
81150;2191.33;2249.6;1900.0;10.96;9.27;6.0;5.08
81152;1937.13;1803.88;2089.43;9.59;8.31;5.94;5.15
81156;2339.31;2226.5;2496.0;8.52;9.24;4.37;4.74
81157;1931.5;2076.75;1834.67;8.81;8.86;5.47;5.5
81158;922.43;964.0;891.25;6.34;6.45;8.24;8.39
81159;1973.45;2279.5;1606.2;10.2;8.86;6.2;5.39
81160;1193.85;1187.9;1213.67;8.79;7.46;8.84;7.5
81161;1139.5;1052.67;1400.0;7.33;6.45;7.72;6.8
81162;3046.2;3910.0;1750.5;10.2;8.64;4.02;3.4
81163;1235.17;1184.82;1304.03;8.75;7.2;8.5;7.0
81164;2378.73;2406.71;2329.75;8.52;8.46;4.3;4.27
81165;1929.78;1889.4;1980.25;8.44;7.0;5.25;4.36
81167;1009.0;1025.0;1005.0;8.18;6.45;9.73;7.67
81168;1465.13;1355.88;1675.23;8.44;6.25;6.91;5.12
81170;1398.88;1323.56;1495.71;8.44;6.36;7.24;5.46
81171;2060.77;2097.75;1986.8;8.52;9.14;4.96;5.32
81173;3377.0;3041.0;3545.0;10.2;8.64;3.62;3.07
81174;1553.83;1669.33;1438.33;8.95;7.36;6.91;5.68
81175;2088.62;2048.89;2178.0;8.17;7.81;4.69;4.49
81177;1650.0;1292.0;1864.8;9.9;7.25;7.2;5.28
81178;1985.85;2240.6;1826.62;8.17;7.81;4.94;4.72
81179;1794.78;1819.75;1774.8;8.81;7.61;5.89;5.09
81180;1578.33;1588.0;1566.25;7.45;6.36;5.67;4.84
81181;2002.33;1667.0;2170.0;9.9;7.21;5.93;4.32
81182;1183.59;1289.4;1057.62;7.33;6.45;7.43;6.54
81183;2144.67;2900.0;1767.0;7.33;6.45;4.1;3.61
81184;1632.0;1595.5;1705.0;8.44;7.0;6.21;5.15
81185;2646.6;2748.0;2579.0;8.17;8.46;3.7;3.84
81186;1156.0;433.0;1300.6;8.44;6.58;8.76;6.83
81187;2227.71;2269.5;1977.0;8.95;7.36;4.82;3.96
81188;1331.0;1173.83;1566.75;8.84;6.25;7.97;5.64
81190;1939.83;639.0;2200.0;9.9;6.45;6.13;3.99
81191;1604.37;1760.4;1344.33;8.44;7.0;6.31;5.24
81192;1215.52;1173.4;1280.31;8.84;6.25;8.73;6.17
81193;1640.59;1406.69;1830.62;8.84;7.03;6.47;5.14
81195;2261.6;2157.0;2313.9;8.79;7.21;4.66;3.83
81196;1595.46;1244.5;2157.0;8.78;7.01;6.6;5.27
81197;1896.7;1950.62;1681.0;8.44;8.05;5.34;5.09
81198;2376.0;2278.0;2425.0;9.19;8.3;4.64;4.19
81199;1046.83;844.0;1087.4;8.18;6.58;9.38;7.54
81200;2133.0;2114.57;2176.0;8.79;7.46;4.95;4.2
81201;1387.78;1502.71;1168.36;8.44;6.58;7.3;5.69
81202;1904.45;1977.85;1768.14;9.19;7.85;5.79;4.94
81203;1079.73;1113.62;989.33;7.33;6.45;8.15;7.17
81204;1559.24;1603.39;1502.83;8.78;7.54;6.76;5.8
81206;1916.65;1658.45;2153.33;8.4;7.0;5.26;4.38
81207;1096.0;1000.0;1120.0;9.9;7.25;10.84;7.94
81208;2200.12;2331.75;2068.5;9.19;7.85;5.01;4.28
81209;1675.47;1686.07;1662.68;8.78;7.01;6.29;5.02
81210;1247.25;1589.5;905.0;7.81;7.36;7.51;7.08
81211;2089.6;2267.5;1378.0;9.9;7.85;5.69;4.51
81213;2275.0;2410.5;2004.0;8.81;8.86;4.65;4.67
81214;2324.5;2305.0;2344.0;8.81;7.61;4.55;3.93
81215;2209.29;2242.27;2126.83;9.19;8.3;4.99;4.51
81217;2072.12;2398.3;1528.5;8.4;7.81;4.87;4.52
81218;2389.84;2376.32;2407.55;8.53;8.5;4.29;4.27
81219;1686.5;1640.55;1743.26;8.85;7.63;6.3;5.43
81220;2194.78;2158.73;2238.61;9.06;8.67;4.95;4.74
81221;1116.17;1489.5;929.5;6.34;6.45;6.81;6.94
81222;1587.87;1537.21;1659.38;9.97;7.26;7.54;5.49
81223;1553.43;2042.0;1358.0;8.78;7.21;6.78;5.57
81224;1594.29;1734.25;1407.67;7.45;6.36;5.61;4.79
81225;2182.31;2152.71;2205.33;8.52;7.85;4.68;4.31
81227;1391.36;1217.91;1581.06;8.42;6.53;7.26;5.63
81228;3327.67;3865.0;2253.0;10.81;9.8;3.9;3.53
81230;1548.0;1440.0;1625.14;9.59;8.31;7.44;6.44
81231;1447.44;1254.4;1688.75;8.06;6.74;6.69;5.59
81232;2111.71;2109.5;2114.67;8.53;7.36;4.85;4.18
81233;1709.73;2104.15;1408.12;9.9;6.45;6.95;4.52
81235;1533.82;1512.21;1634.67;8.79;7.21;6.88;5.64
81236;2314.6;2310.5;2317.33;10.2;9.27;5.29;4.81
81237;1470.0;1322.33;1617.67;8.79;7.46;7.18;6.09
81238;1118.18;1080.78;1157.27;8.78;7.03;9.42;7.55
81239;1099.15;961.38;1191.0;8.78;7.03;9.58;7.68
81240;2031.25;1643.0;2160.67;8.18;6.45;4.83;3.81
81242;976.5;1166.0;787.0;8.79;7.46;10.8;9.17
81243;1559.25;1239.0;1879.5;9.48;7.6;7.3;5.85
81244;1156.05;1123.05;1190.62;8.49;8.31;8.81;8.62
81245;1083.0;1050.67;1131.5;7.45;6.36;8.26;7.05
81247;2039.38;2545.25;1533.5;7.33;6.45;4.31;3.8
81248;1962.17;1740.89;2183.44;8.95;8.3;5.47;5.08
81249;1431.86;1408.15;1466.11;8.49;6.25;7.11;5.23
81250;1580.2;1399.0;1701.0;9.9;7.25;7.52;5.51
81251;2130.06;2045.71;2195.67;8.95;7.46;5.04;4.2
81252;1460.33;1000.0;1690.5;9.9;7.21;8.14;5.93
81254;1333.17;1200.5;1598.5;8.49;6.58;7.64;5.92
81255;2614.43;2888.5;2504.8;10.96;9.27;5.03;4.26
81256;799.5;786.0;813.0;9.9;7.25;14.86;10.89
81257;1808.27;1759.65;1895.2;10.41;7.88;6.91;5.23
81258;1996.37;2162.33;1896.8;8.95;7.36;5.38;4.42
81261;2557.71;2553.1;2564.29;9.19;9.14;4.31;4.29
81262;2411.8;2306.67;2569.5;8.44;6.36;4.2;3.16
81263;1683.62;1748.0;1490.5;8.44;6.36;6.02;4.53
81265;1684.33;788.0;2132.5;8.44;7.0;6.01;4.99
81266;1586.63;1529.0;1682.67;8.95;7.25;6.77;5.49
81267;1030.47;978.1;1135.2;7.33;6.45;8.54;7.51
81268;1620.0;848.5;2391.5;7.54;6.45;5.58;4.78
81269;1235.44;1140.5;1354.12;7.33;7.01;7.12;6.81
81270;1857.0;1713.0;2145.0;8.81;7.36;5.69;4.76
81271;2609.57;2577.89;2652.33;10.68;9.88;4.91;4.54
81272;1598.25;1746.33;1154.0;8.4;7.81;6.31;5.86
81273;1895.04;1763.49;2094.81;9.34;8.05;5.91;5.1
81274;2190.0;2284.57;2134.83;8.53;7.36;4.68;4.03
81275;1400.2;1843.33;735.5;9.59;8.05;8.22;6.9
81276;1962.28;1907.73;2010.41;8.4;7.81;5.14;4.77
81277;1896.67;1710.8;2129.0;9.59;7.58;6.07;4.79
81278;1157.33;1318.25;835.5;8.06;6.74;8.36;6.99
81279;2267.83;3347.0;1188.67;8.4;7.81;4.45;4.13
81280;1588.5;1900.0;1526.2;8.44;6.36;6.38;4.8
81281;1711.37;1655.1;1769.64;8.95;7.25;6.28;5.09
81283;1945.0;1991.83;1864.71;9.48;8.05;5.85;4.97
81284;2280.79;2274.41;2292.27;9.9;9.43;5.21;4.96
81285;1299.44;943.4;1744.5;7.33;6.45;6.77;5.96
81286;1350.46;1401.0;1318.88;8.95;7.25;7.95;6.45
81287;1717.0;1617.67;1791.5;9.9;8.3;6.92;5.8
81288;1724.0;1745.79;1695.83;9.02;6.73;6.28;4.69
81289;1821.37;1769.0;1864.04;9.3;8.16;6.13;5.38
81290;1538.33;1659.33;1417.33;9.48;8.05;7.4;6.28
81291;1892.43;1956.57;1828.29;9.59;8.05;6.08;5.1
81292;965.45;1007.5;545.0;8.44;6.58;10.49;8.18
81293;2364.8;2227.57;2685.0;8.17;8.46;4.15;4.29
81294;1867.3;2075.0;1733.79;9.19;9.14;5.9;5.87
81295;1719.11;1809.0;1000.0;7.33;6.45;5.12;4.5
81297;2376.28;2343.58;2406.46;8.53;8.31;4.31;4.2
81298;2396.83;2353.33;2440.33;11.3;9.27;5.66;4.64
81299;2219.27;2455.57;1805.75;9.19;7.36;4.97;3.98
81300;2248.25;2262.33;2206.0;9.48;7.6;5.06;4.06
81302;994.67;1427.0;778.5;8.18;6.58;9.87;7.94
81303;1397.07;1637.88;1076.0;6.34;6.45;5.44;5.54
81304;1206.62;1323.4;1012.0;8.44;6.36;8.39;6.33
81305;1023.79;1050.12;1000.39;7.33;6.45;8.59;7.56
81306;1543.8;1410.71;1854.33;9.59;7.58;7.46;5.89
81307;1693.26;2047.1;1300.11;8.78;7.01;6.22;4.97
81308;1277.77;1083.94;1643.89;7.33;6.58;6.89;6.18
81309;1724.93;1711.8;1757.75;8.4;7.0;5.84;4.87
81311;1473.64;1581.0;1187.33;9.9;6.45;8.06;5.25
81312;1686.91;1763.43;1553.0;8.79;7.46;6.25;5.31
81313;1832.2;1899.67;1731.0;9.48;7.6;6.21;4.98
81314;936.32;844.27;1062.88;7.54;6.45;9.66;8.27
81315;1693.85;1748.81;1597.67;8.95;7.25;6.34;5.14
81316;2144.8;2340.67;1851.0;8.44;7.6;4.72;4.25
81317;1505.55;1404.62;1651.33;7.33;6.45;5.84;5.14
81318;3109.0;3025.0;3193.0;10.2;8.64;3.94;3.34
81319;2021.0;2299.6;1742.4;8.44;8.05;5.01;4.78
81320;1910.0;2280.0;800.0;9.48;7.0;5.96;4.4
81323;2371.93;2678.75;2021.29;9.19;7.36;4.65;3.72
81324;1994.25;1920.33;2216.0;10.2;8.64;6.14;5.2
81325;1846.93;2013.53;1589.45;8.79;7.83;5.71;5.09
81326;2197.83;2528.0;2032.75;8.53;8.31;4.66;4.54
82001;2097.88;2094.44;2101.75;8.68;8.3;4.96;4.75
82002;2058.59;2110.56;1983.53;9.7;8.66;5.65;5.05
82003;1712.5;2057.0;1540.25;9.64;6.77;6.76;4.74
82005;2387.36;2211.83;2703.3;8.99;8.72;4.52;4.38
82007;1894.5;2525.0;1264.0;9.08;8.66;5.75;5.49
82008;1418.29;1135.27;1890.0;9.01;7.74;7.62;6.55
82010;1900.3;2057.33;1664.75;9.01;7.74;5.69;4.89
82011;2136.53;2206.91;2039.75;9.62;8.3;5.4;4.66
82012;1948.86;1915.0;2033.5;9.64;8.3;5.94;5.11
82013;1365.17;1382.58;1348.61;8.85;7.08;7.78;6.23
82014;1951.15;1741.33;2423.25;8.99;8.38;5.53;5.16
82016;1772.73;1807.71;1711.5;7.2;7.3;4.88;4.94
82017;2282.1;2303.5;2223.25;8.99;8.72;4.73;4.59
82018;2008.85;2188.2;1752.64;9.08;8.66;5.42;5.17
82019;1443.5;1479.27;1364.8;9.35;7.74;7.78;6.44
82020;2682.73;3027.29;2079.75;7.02;6.77;3.14;3.03
82021;1647.33;2112.5;1414.75;7.2;7.3;5.25;5.32
82022;1304.08;1234.0;1514.33;7.59;7.22;6.99;6.64
82023;1810.47;1951.82;1616.12;9.01;8.91;5.97;5.91
82024;1443.29;1348.2;1681.0;8.31;7.22;6.91;6.0
82025;2241.78;2155.3;2335.27;9.95;9.54;5.33;5.11
82026;1770.96;1726.69;1849.67;9.08;7.81;6.15;5.29
82027;2424.37;2492.46;2361.14;8.99;8.72;4.45;4.32
82028;1959.84;1634.5;2110.0;8.99;8.72;5.5;5.34
82029;2132.58;2210.71;2023.2;7.45;6.67;4.19;3.75
82030;1306.86;1292.5;1342.75;9.64;8.3;8.86;7.62
82031;1932.46;2143.0;1683.64;9.64;6.77;5.99;4.2
82032;1327.06;1324.5;1330.71;9.01;8.45;8.14;7.64
82033;1647.26;1687.94;1593.42;10.09;8.56;7.35;6.23
82034;1273.2;1705.0;1165.25;7.61;7.18;7.17;6.76
82035;1572.4;1614.18;1457.5;9.01;7.18;6.87;5.48
82036;1258.0;1316.5;1141.0;8.61;6.58;8.21;6.27
82037;1664.94;1602.57;1729.96;8.99;9.83;6.48;7.09
82038;1568.24;1501.9;1655.31;7.2;8.42;5.51;6.44
82039;2043.56;1798.33;2534.0;9.08;8.66;5.33;5.09
82040;2292.2;1963.0;2786.0;9.08;8.42;4.75;4.41
82041;1185.22;1151.4;1227.5;8.4;8.42;8.51;8.53
82042;1596.32;1735.32;1420.27;7.2;7.3;5.41;5.49
82043;2144.43;1909.25;2458.0;7.02;8.91;3.93;4.99
82044;2104.15;2157.42;2024.23;8.99;8.71;5.12;4.97
82045;1292.57;1199.75;1416.33;8.68;8.71;8.06;8.08
82048;2006.31;2042.29;1975.46;8.96;8.72;5.36;5.22
82049;1677.06;1662.0;1704.67;7.61;7.74;5.45;5.54
82050;1634.35;1698.96;1499.27;9.86;7.74;7.24;5.68
82051;2066.68;1994.46;2223.17;9.01;7.3;5.23;4.24
82052;1801.33;1700.11;1953.17;8.68;8.71;5.78;5.8
82054;1243.89;1055.0;1621.67;9.01;7.74;8.69;7.47
82055;2190.57;1910.0;2401.0;8.74;8.91;4.79;4.88
82056;1564.57;1415.4;1937.5;8.44;6.36;6.47;4.88
82057;2157.92;2368.38;1737.0;8.99;9.28;5.0;5.16
82058;2159.0;2120.5;2236.0;9.64;8.91;5.36;4.95
82059;1591.67;1566.86;1678.5;7.02;8.38;5.3;6.32
82060;3185.33;2178.0;3689.0;7.59;7.3;2.86;2.75
82061;1690.56;1319.0;2155.0;7.45;6.36;5.29;4.51
82062;2059.78;2077.67;2036.79;9.01;8.91;5.25;5.19
82063;1404.78;1468.29;1364.36;9.64;8.91;8.24;7.61
82065;1871.92;2046.86;1627.0;9.86;8.45;6.32;5.41
82066;2098.0;2236.2;1752.5;8.99;9.28;5.14;5.31
82068;1615.75;1818.0;1548.33;7.02;6.77;5.22;5.03
82069;2157.89;2117.5;2190.2;7.45;8.42;4.14;4.68
82072;1466.35;1570.82;1338.67;9.86;8.45;8.07;6.91
82073;1671.62;1500.2;2100.17;9.01;7.74;6.47;5.56
82074;1664.33;1743.6;1565.25;7.61;6.77;5.49;4.88
82075;2259.78;2184.97;2385.05;9.2;9.1;4.88;4.83
82076;1853.46;1549.27;2050.29;9.62;8.66;6.23;5.61
82077;1931.78;1944.9;1915.38;9.62;7.3;5.98;4.54
82079;2119.46;2166.03;2043.79;9.93;10.59;5.62;6.0
82080;1802.67;1793.0;1818.78;9.64;8.3;6.42;5.53
82081;1105.83;1167.5;982.5;9.64;8.91;10.47;9.67
82082;2082.44;1586.8;2702.0;7.2;6.67;4.15;3.84
82084;2318.1;2036.5;2505.83;7.59;7.3;3.93;3.78
82085;1854.06;1853.0;1857.25;8.68;8.71;5.62;5.64
82086;1439.33;1392.83;1532.33;9.64;8.91;8.04;7.43
82087;1841.79;1857.73;1820.76;9.36;7.3;6.1;4.76
82088;1311.48;1260.93;1374.67;7.45;6.36;6.82;5.82
82089;1264.65;1193.09;1339.62;7.61;7.74;7.22;7.35
82090;1960.35;1800.09;2107.25;9.62;8.71;5.89;5.33
82091;2853.5;2407.0;3300.0;7.02;6.77;2.95;2.85
82092;2029.2;1932.0;2175.0;9.08;8.42;5.37;4.98
82093;1579.75;1520.0;1878.5;9.01;6.77;6.84;5.14
82094;1550.27;1641.37;1464.88;7.2;7.3;5.58;5.65
82095;2512.5;3304.0;1721.0;9.08;8.42;4.34;4.02
82096;1871.2;1867.33;1876.6;9.35;8.81;6.0;5.65
82097;1136.17;1231.09;824.29;9.01;6.77;9.51;7.15
82098;2429.4;2502.62;2348.47;8.99;9.28;4.44;4.58
82099;1546.83;1797.0;1421.75;9.35;8.3;7.26;6.44
82100;2198.5;2164.67;2300.0;7.2;8.42;3.93;4.6
82101;1421.03;1517.25;1260.67;9.01;7.18;7.61;6.06
82102;1036.0;1107.83;605.0;7.61;7.18;8.81;8.31
82104;1425.8;1505.67;1306.0;7.61;6.58;6.4;5.54
82105;1481.29;1522.81;1444.39;9.01;8.91;7.3;7.22
82106;2029.0;2293.0;1765.0;7.02;6.58;4.15;3.89
82108;1955.08;1938.78;1988.92;9.35;8.3;5.74;5.1
82109;1483.0;2281.0;1084.0;9.01;7.74;7.29;6.26
82110;1700.6;1682.17;1728.25;7.2;8.66;5.08;6.11
82111;1046.9;1017.25;1066.67;7.59;7.22;8.7;8.27
82112;1509.42;1511.79;1506.49;9.32;8.01;7.41;6.37
82113;1933.93;1941.24;1924.38;7.2;8.66;4.47;5.37
82114;2057.77;1794.25;2174.89;8.99;8.72;5.24;5.09
82115;1739.62;1771.22;1691.22;8.4;7.81;5.8;5.39
82116;3624.2;3878.0;3243.5;7.59;7.3;2.51;2.42
82117;1809.81;1719.48;1903.36;7.59;7.3;5.03;4.84
82119;1564.94;1558.09;1580.0;9.08;8.66;6.96;6.64
82120;1784.0;2193.33;556.0;8.68;8.71;5.84;5.86
82121;2186.67;2196.55;2173.44;10.53;9.6;5.78;5.27
82122;1755.67;1496.0;1885.5;7.59;7.22;5.19;4.93
82123;2159.07;2123.28;2238.92;9.01;8.91;5.01;4.95
82124;2080.05;2026.14;2156.16;9.64;9.25;5.56;5.34
82125;2107.77;2136.34;2068.78;9.41;10.72;5.36;6.11
82126;2129.42;2152.0;2102.73;9.08;7.0;5.12;3.95
82127;1771.17;1962.33;1580.0;9.01;7.22;6.1;4.89
82130;2064.17;1525.0;2603.33;8.31;8.45;4.83;4.91
82131;1608.93;1615.73;1596.17;7.2;8.66;5.37;6.46
82132;1756.67;1754.57;1758.34;9.08;7.0;6.2;4.78
82133;1500.0;1000.0;2000.0;7.2;7.96;5.76;6.36
82134;1878.96;1870.55;1889.7;9.37;8.22;5.99;5.25
82135;2542.7;2610.7;2502.71;8.99;9.28;4.24;4.38
82136;2417.27;2244.05;2671.33;9.62;8.71;4.78;4.32
82137;1488.0;1245.0;1656.23;7.2;8.42;5.81;6.79
82138;1733.67;1343.67;2123.67;9.01;7.69;6.23;5.33
82139;1008.33;835.0;1095.0;9.01;7.74;10.72;9.21
82140;1742.0;1522.0;1815.33;8.68;8.71;5.98;6.0
82141;1536.68;1369.0;1687.6;9.01;7.74;7.03;6.05
82142;2227.76;2109.66;2491.23;9.74;9.43;5.25;5.08
82143;1438.5;750.0;2127.0;7.61;6.77;6.35;5.65
82144;2207.33;2149.33;2265.33;9.62;8.71;5.23;4.73
82145;1946.0;1399.0;2356.25;8.4;7.81;5.18;4.81
82147;1874.45;1743.33;2031.8;8.61;6.67;5.51;4.27
82148;1344.91;1467.48;1110.91;7.2;8.42;6.43;7.51
82149;1777.34;1712.61;1967.2;8.36;8.66;5.64;5.85
82150;2020.69;2110.38;1931.0;8.99;9.28;5.34;5.51
82151;1654.64;1496.43;1812.86;8.31;7.59;6.02;5.5
82152;1413.92;1411.43;1416.83;9.64;8.3;8.18;7.05
82153;1506.0;1701.75;723.0;8.31;7.22;6.62;5.75
82154;1946.86;2024.33;1888.75;9.01;7.22;5.55;4.45
82155;2284.98;2120.29;2437.0;8.44;8.42;4.43;4.42
82156;1176.5;703.0;1650.0;9.01;6.77;9.19;6.91
82158;1834.62;2000.83;1336.0;7.61;7.74;4.98;5.06
82159;1864.6;2139.0;1224.33;9.08;7.0;5.84;4.51
82160;2005.25;2166.5;1844.0;9.01;8.45;5.39;5.05
82161;2095.39;2016.84;2199.35;9.29;8.64;5.32;4.95
82162;1798.67;1800.5;1795.0;9.08;8.42;6.06;5.62
82164;2353.6;2295.25;2587.0;7.59;7.3;3.87;3.72
82165;1676.1;1547.0;1762.17;9.01;8.45;6.45;6.05
82166;2242.8;1557.5;2699.67;7.61;7.18;4.07;3.84
82167;2369.82;2335.5;2495.67;8.99;9.28;4.55;4.7
82168;1067.88;1057.5;1099.0;7.59;7.22;8.53;8.11
82169;1543.26;1666.38;1379.11;9.01;7.18;7.0;5.58
82170;1826.62;1981.6;1568.33;9.35;7.18;6.14;4.71
82171;2013.19;2151.62;1722.5;9.35;8.3;5.58;4.95
82172;1933.81;2256.0;1740.5;7.2;8.42;4.47;5.23
82173;1527.11;1562.5;1443.45;7.02;6.77;5.52;5.32
82174;3820.0;2362.5;6735.0;9.08;8.42;2.85;2.65
82176;2384.22;2622.25;2193.8;8.17;9.28;4.11;4.67
82177;1627.0;1190.5;2500.0;7.59;7.3;5.6;5.39
82178;2225.86;2510.5;2012.38;8.99;8.72;4.85;4.7
82179;1956.33;1721.11;2219.24;8.6;8.42;5.27;5.17
82180;1282.0;1438.6;1125.4;9.01;8.91;8.43;8.34
82181;1436.0;1739.5;829.0;9.86;7.74;8.24;6.47
82182;1524.44;2043.0;1109.6;7.59;7.3;5.98;5.75
82184;1745.29;1875.8;1672.78;9.08;7.81;6.24;5.37
82185;1609.17;1451.75;1924.0;7.59;7.59;5.66;5.66
82186;1457.95;1502.32;1404.85;9.23;8.21;7.6;6.76
82187;1629.83;1592.0;1662.25;7.45;6.36;5.49;4.68
82188;2355.14;2168.5;2604.0;8.99;9.28;4.58;4.73
82189;1625.79;1710.8;1531.33;7.2;7.3;5.32;5.39
82190;2008.04;1919.95;2113.03;9.52;8.69;5.69;5.2
82191;1585.18;1583.47;1588.86;7.45;6.36;5.64;4.81
82194;1961.82;1848.75;2263.33;8.17;9.28;5.0;5.68
82195;2099.8;2785.0;1928.5;8.68;8.71;4.96;4.98
